session_file,session_index,emotion_id,emotion,channel,region,n_windows,theta_power,alpha_power,beta_power,gamma_power
SEEDV_Q1_SAFE_SESSION1_16sub.npz,1,0,Disgust,FP1,Frontal,5392,0.017151495441794395,0.005408073775470257,0.004921578336507082,0.0038662180304527283
SEEDV_Q1_SAFE_SESSION1_16sub.npz,1,0,Disgust,FPZ,Frontal,5392,0.01785091683268547,0.005402798298746347,0.004110305104404688,0.00328301964327693
SEEDV_Q1_SAFE_SESSION1_16sub.npz,1,0,Disgust,FP2,Frontal,5392,0.016717281192541122,0.005263582803308964,0.004997974261641502,0.004141774959862232
SEEDV_Q1_SAFE_SESSION1_16sub.npz,1,0,Disgust,AF3,Frontal,5392,0.01885952427983284,0.0074748992919921875,0.004967220593243837,0.0032116291113197803
SEEDV_Q1_SAFE_SESSION1_16sub.npz,1,0,Disgust,AF4,Frontal,5392,0.01923234947025776,0.007712612394243479,0.004895187448710203,0.003143786685541272
SEEDV_Q1_SAFE_SESSION1_16sub.npz,1,0,Disgust,F7,Frontal,5392,0.015787042677402496,0.007829559966921806,0.00468278955668211,0.0033608614467084408
SEEDV_Q1_SAFE_SESSION1_16sub.npz,1,0,Disgust,F5,Frontal,5392,0.01703077182173729,0.0083841597661376,0.004948620684444904,0.0032657820265740156
SEEDV_Q1_SAFE_SESSION1_16sub.npz,1,0,Disgust,F3,Frontal,5392,0.019049378111958504,0.009861194528639317,0.0058725676499307156,0.003153894329443574
SEEDV_Q1_SAFE_SESSION1_16sub.npz,1,0,Disgust,F1,Frontal,5392,0.022494375705718994,0.011523681692779064,0.00501609779894352,0.002133917761966586
SEEDV_Q1_SAFE_SESSION1_16sub.npz,1,0,Disgust,FZ,Frontal,5392,0.024868769571185112,0.012971540912985802,0.004494830034673214,0.0016566637204959989
SEEDV_Q1_SAFE_SESSION1_16sub.npz,1,0,Disgust,F2,Frontal,5392,0.022980861365795135,0.011786035262048244,0.004870679695159197,0.002088498556986451
SEEDV_Q1_SAFE_SESSION1_16sub.npz,1,0,Disgust,F4,Frontal,5392,0.019844286143779755,0.009979620575904846,0.00623686145991087,0.0034016845747828484
SEEDV_Q1_SAFE_SESSION1_16sub.npz,1,0,Disgust,F6,Frontal,5392,0.016368139535188675,0.007916256785392761,0.00616029929369688,0.004345877096056938
SEEDV_Q1_SAFE_SESSION1_16sub.npz,1,0,Disgust,F8,Frontal,5392,0.014737539924681187,0.00682722358033061,0.005037673749029636,0.004082235042005777
SEEDV_Q1_SAFE_SESSION1_16sub.npz,1,0,Disgust,FT7,Temporal,5392,0.014017956331372261,0.009180869907140732,0.008823883719742298,0.00717468187212944
SEEDV_Q1_SAFE_SESSION1_16sub.npz,1,0,Disgust,FC5,Frontal,5392,0.014592910185456276,0.010531757958233356,0.008257954381406307,0.005934916436672211
SEEDV_Q1_SAFE_SESSION1_16sub.npz,1,0,Disgust,FC3,Frontal,5392,0.01901361159980297,0.014313193038105965,0.006610539276152849,0.003479745937511325
SEEDV_Q1_SAFE_SESSION1_16sub.npz,1,0,Disgust,FC1,Frontal,5392,0.023723958060145378,0.01488159503787756,0.005856556352227926,0.002547055948525667
SEEDV_Q1_SAFE_SESSION1_16sub.npz,1,0,Disgust,FCZ,Frontal,5392,0.02790258452296257,0.014971572905778885,0.0050057885237038136,0.0018771105678752065
SEEDV_Q1_SAFE_SESSION1_16sub.npz,1,0,Disgust,FC2,Frontal,5392,0.02383485995233059,0.013780253008008003,0.0059782336466014385,0.0029086926952004433
SEEDV_Q1_SAFE_SESSION1_16sub.npz,1,0,Disgust,FC4,Frontal,5392,0.01977788656949997,0.014106226153671741,0.007516299374401569,0.004393932409584522
SEEDV_Q1_SAFE_SESSION1_16sub.npz,1,0,Disgust,FC6,Frontal,5392,0.014358723536133766,0.010990878567099571,0.008600049652159214,0.006461963057518005
SEEDV_Q1_SAFE_SESSION1_16sub.npz,1,0,Disgust,FT8,Temporal,5392,0.013223443180322647,0.009280978702008724,0.008352038450539112,0.0070665143430233
SEEDV_Q1_SAFE_SESSION1_16sub.npz,1,0,Disgust,T7,Temporal,5392,0.011211433447897434,0.008195260539650917,0.013524414040148258,0.012616041116416454
SEEDV_Q1_SAFE_SESSION1_16sub.npz,1,0,Disgust,C5,Central/Motor,5392,0.014677074737846851,0.01149620022624731,0.0096749197691679,0.007022349629551172
SEEDV_Q1_SAFE_SESSION1_16sub.npz,1,0,Disgust,C3,Central/Motor,5392,0.01746908389031887,0.016310347244143486,0.0073343380354344845,0.0042648050002753735
SEEDV_Q1_SAFE_SESSION1_16sub.npz,1,0,Disgust,C1,Central/Motor,5392,0.021567918360233307,0.01580057665705681,0.005446816328912973,0.00242930487729609
SEEDV_Q1_SAFE_SESSION1_16sub.npz,1,0,Disgust,CZ,Central/Motor,5392,0.02529069595038891,0.014659101143479347,0.004544782917946577,0.0017309031682088971
SEEDV_Q1_SAFE_SESSION1_16sub.npz,1,0,Disgust,C2,Central/Motor,5392,0.022006789222359657,0.014735473319888115,0.005418187938630581,0.002602327847853303
SEEDV_Q1_SAFE_SESSION1_16sub.npz,1,0,Disgust,C4,Central/Motor,5392,0.017359884455800056,0.01654524728655815,0.007756233215332031,0.005005784332752228
SEEDV_Q1_SAFE_SESSION1_16sub.npz,1,0,Disgust,C6,Central/Motor,5392,0.014336428605020046,0.012887897901237011,0.009773648343980312,0.006893150508403778
SEEDV_Q1_SAFE_SESSION1_16sub.npz,1,0,Disgust,T8,Temporal,5392,0.011425908654928207,0.009349793195724487,0.012436827644705772,0.011361876502633095
SEEDV_Q1_SAFE_SESSION1_16sub.npz,1,0,Disgust,TP7,Temporal,5392,0.01641860045492649,0.008603783324360847,0.008154220879077911,0.006529043894261122
SEEDV_Q1_SAFE_SESSION1_16sub.npz,1,0,Disgust,CP5,Parietal,5392,0.017090879380702972,0.011629697866737843,0.006715336814522743,0.004508353304117918
SEEDV_Q1_SAFE_SESSION1_16sub.npz,1,0,Disgust,CP3,Parietal,5392,0.017460277304053307,0.014068127609789371,0.005878131836652756,0.003323829034343362
SEEDV_Q1_SAFE_SESSION1_16sub.npz,1,0,Disgust,CP1,Parietal,5392,0.019482234492897987,0.014158084988594055,0.004732826724648476,0.0020415913313627243
SEEDV_Q1_SAFE_SESSION1_16sub.npz,1,0,Disgust,CPZ,Parietal,5392,0.021522946655750275,0.014193120412528515,0.003906831610947847,0.0012961220927536488
SEEDV_Q1_SAFE_SESSION1_16sub.npz,1,0,Disgust,CP2,Parietal,5392,0.020313525572419167,0.014147577807307243,0.00455628102645278,0.002054218901321292
SEEDV_Q1_SAFE_SESSION1_16sub.npz,1,0,Disgust,CP4,Parietal,5392,0.018015246838331223,0.014558275230228901,0.006083355750888586,0.0037471801042556763
SEEDV_Q1_SAFE_SESSION1_16sub.npz,1,0,Disgust,CP6,Parietal,5392,0.017020486295223236,0.012646986171603203,0.006506863050162792,0.004532863851636648
SEEDV_Q1_SAFE_SESSION1_16sub.npz,1,0,Disgust,TP8,Temporal,5392,0.013804260641336441,0.009628068655729294,0.011245320551097393,0.00931006483733654
SEEDV_Q1_SAFE_SESSION1_16sub.npz,1,0,Disgust,P7,Parietal,5392,0.01851249299943447,0.009826330468058586,0.006840123794972897,0.004972942639142275
SEEDV_Q1_SAFE_SESSION1_16sub.npz,1,0,Disgust,P5,Parietal,5392,0.018410896882414818,0.011762098409235477,0.006106699351221323,0.003683096496388316
SEEDV_Q1_SAFE_SESSION1_16sub.npz,1,0,Disgust,P3,Parietal,5392,0.018828950822353363,0.013050858862698078,0.005915006157010794,0.0033202916383743286
SEEDV_Q1_SAFE_SESSION1_16sub.npz,1,0,Disgust,P1,Parietal,5392,0.021548524498939514,0.013464991934597492,0.004480244126170874,0.0017680047312751412
SEEDV_Q1_SAFE_SESSION1_16sub.npz,1,0,Disgust,PZ,Parietal,5392,0.02365672029554844,0.013873063027858734,0.004041269421577454,0.001215206691995263
SEEDV_Q1_SAFE_SESSION1_16sub.npz,1,0,Disgust,P2,Parietal,5392,0.02359524369239807,0.013925100676715374,0.00430872431024909,0.0015119005693122745
SEEDV_Q1_SAFE_SESSION1_16sub.npz,1,0,Disgust,P4,Parietal,5392,0.019763700664043427,0.01313007716089487,0.005559060722589493,0.0031862284522503614
SEEDV_Q1_SAFE_SESSION1_16sub.npz,1,0,Disgust,P6,Parietal,5392,0.01841527782380581,0.011738911271095276,0.00613152701407671,0.004004384391009808
SEEDV_Q1_SAFE_SESSION1_16sub.npz,1,0,Disgust,P8,Parietal,5392,0.017105722799897194,0.009955640882253647,0.006895402446389198,0.004757735878229141
SEEDV_Q1_SAFE_SESSION1_16sub.npz,1,0,Disgust,PO7,Occipital,5392,0.01723572053015232,0.009028865955770016,0.005806160159409046,0.004248518496751785
SEEDV_Q1_SAFE_SESSION1_16sub.npz,1,0,Disgust,PO5,Occipital,5392,0.017100539058446884,0.010241283103823662,0.006156636867672205,0.004318230785429478
SEEDV_Q1_SAFE_SESSION1_16sub.npz,1,0,Disgust,PO3,Occipital,5392,0.018951019272208214,0.011583189480006695,0.005260700359940529,0.0031876806169748306
SEEDV_Q1_SAFE_SESSION1_16sub.npz,1,0,Disgust,POZ,Occipital,5392,0.0214775949716568,0.011158301495015621,0.004583199042826891,0.00232026819139719
SEEDV_Q1_SAFE_SESSION1_16sub.npz,1,0,Disgust,PO4,Occipital,5392,0.020683810114860535,0.011580939404666424,0.004940183367580175,0.0026489365845918655
SEEDV_Q1_SAFE_SESSION1_16sub.npz,1,0,Disgust,PO6,Occipital,5392,0.018165791407227516,0.0103590227663517,0.00585741875693202,0.004125638399273157
SEEDV_Q1_SAFE_SESSION1_16sub.npz,1,0,Disgust,PO8,Occipital,5392,0.017749959602952003,0.009581358171999454,0.006059225182980299,0.004354631528258324
SEEDV_Q1_SAFE_SESSION1_16sub.npz,1,0,Disgust,CB1,Occipital,5392,0.018333036452531815,0.00863065104931593,0.0053809336386621,0.0036204506177455187
SEEDV_Q1_SAFE_SESSION1_16sub.npz,1,0,Disgust,O1,Occipital,5392,0.017378777265548706,0.008746357634663582,0.005449714604765177,0.004033511038869619
SEEDV_Q1_SAFE_SESSION1_16sub.npz,1,0,Disgust,OZ,Occipital,5392,0.018451310694217682,0.008634376339614391,0.004856399726122618,0.003277912735939026
SEEDV_Q1_SAFE_SESSION1_16sub.npz,1,0,Disgust,O2,Occipital,5392,0.018328459933400154,0.008729553781449795,0.004910890478640795,0.0033776480704545975
SEEDV_Q1_SAFE_SESSION1_16sub.npz,1,0,Disgust,CB2,Occipital,5392,0.017781376838684082,0.008104340173304081,0.004970636684447527,0.0035712511744350195
SEEDV_Q1_SAFE_SESSION1_16sub.npz,1,1,Fear,FP1,Frontal,8672,0.015514427796006203,0.006612153258174658,0.004918655846267939,0.0037610107101500034
SEEDV_Q1_SAFE_SESSION1_16sub.npz,1,1,Fear,FPZ,Frontal,8672,0.016872819513082504,0.007467480842024088,0.003947670571506023,0.002682195045053959
SEEDV_Q1_SAFE_SESSION1_16sub.npz,1,1,Fear,FP2,Frontal,8672,0.015439624898135662,0.006973503157496452,0.004907392896711826,0.0038592806085944176
SEEDV_Q1_SAFE_SESSION1_16sub.npz,1,1,Fear,AF3,Frontal,8672,0.01778840832412243,0.009430794045329094,0.004599080886691809,0.0028893984854221344
SEEDV_Q1_SAFE_SESSION1_16sub.npz,1,1,Fear,AF4,Frontal,8672,0.0179028008133173,0.009717581793665886,0.0045455340296030045,0.002835222752764821
SEEDV_Q1_SAFE_SESSION1_16sub.npz,1,1,Fear,F7,Frontal,8672,0.013798239640891552,0.00876598060131073,0.0039635319262743,0.0028677049558609724
SEEDV_Q1_SAFE_SESSION1_16sub.npz,1,1,Fear,F5,Frontal,8672,0.01530920434743166,0.009486050345003605,0.004491252359002829,0.0030300267972052097
SEEDV_Q1_SAFE_SESSION1_16sub.npz,1,1,Fear,F3,Frontal,8672,0.01755393110215664,0.01140064001083374,0.005283836741000414,0.002968390006572008
SEEDV_Q1_SAFE_SESSION1_16sub.npz,1,1,Fear,F1,Frontal,8672,0.02129584178328514,0.01359422504901886,0.0046714795753359795,0.0020854047033935785
SEEDV_Q1_SAFE_SESSION1_16sub.npz,1,1,Fear,FZ,Frontal,8672,0.023889195173978806,0.015580330044031143,0.004345444031059742,0.0016510651912540197
SEEDV_Q1_SAFE_SESSION1_16sub.npz,1,1,Fear,F2,Frontal,8672,0.021854175254702568,0.014391538687050343,0.004673426505178213,0.002110197441652417
SEEDV_Q1_SAFE_SESSION1_16sub.npz,1,1,Fear,F4,Frontal,8672,0.018315522000193596,0.011967982165515423,0.005896486807614565,0.003510772017762065
SEEDV_Q1_SAFE_SESSION1_16sub.npz,1,1,Fear,F6,Frontal,8672,0.014764940366148949,0.009479657746851444,0.005693744868040085,0.004317011684179306
SEEDV_Q1_SAFE_SESSION1_16sub.npz,1,1,Fear,F8,Frontal,8672,0.013338644057512283,0.007850926369428635,0.004681341350078583,0.003721900749951601
SEEDV_Q1_SAFE_SESSION1_16sub.npz,1,1,Fear,FT7,Temporal,8672,0.013061673380434513,0.010695056058466434,0.007250045891851187,0.0057345968671143055
SEEDV_Q1_SAFE_SESSION1_16sub.npz,1,1,Fear,FC5,Frontal,8672,0.012967439368367195,0.011313932947814465,0.0074990554712712765,0.005365259014070034
SEEDV_Q1_SAFE_SESSION1_16sub.npz,1,1,Fear,FC3,Frontal,8672,0.017645085230469704,0.01505978498607874,0.006340912543237209,0.003382395952939987
SEEDV_Q1_SAFE_SESSION1_16sub.npz,1,1,Fear,FC1,Frontal,8672,0.022357309237122536,0.01685226708650589,0.005669461563229561,0.0024892978835850954
SEEDV_Q1_SAFE_SESSION1_16sub.npz,1,1,Fear,FCZ,Frontal,8672,0.027371305972337723,0.01813054457306862,0.004863292444497347,0.0018098880536854267
SEEDV_Q1_SAFE_SESSION1_16sub.npz,1,1,Fear,FC2,Frontal,8672,0.023149358108639717,0.016816893592476845,0.005589727312326431,0.0025108137633651495
SEEDV_Q1_SAFE_SESSION1_16sub.npz,1,1,Fear,FC4,Frontal,8672,0.019153228029608727,0.016221294179558754,0.006997254677116871,0.003895433386787772
SEEDV_Q1_SAFE_SESSION1_16sub.npz,1,1,Fear,FC6,Frontal,8672,0.013777438551187515,0.012642123736441135,0.007828416302800179,0.00570733193308115
SEEDV_Q1_SAFE_SESSION1_16sub.npz,1,1,Fear,FT8,Temporal,8672,0.012184095568954945,0.010407565161585808,0.007484323810786009,0.005934595596045256
SEEDV_Q1_SAFE_SESSION1_16sub.npz,1,1,Fear,T7,Temporal,8672,0.011713553220033646,0.010283390060067177,0.012059658765792847,0.010552207939326763
SEEDV_Q1_SAFE_SESSION1_16sub.npz,1,1,Fear,C5,Central/Motor,8672,0.01386332232505083,0.012344151735305786,0.009282441809773445,0.006429337430745363
SEEDV_Q1_SAFE_SESSION1_16sub.npz,1,1,Fear,C3,Central/Motor,8672,0.016681063920259476,0.01637621410191059,0.007059596944600344,0.003952675499022007
SEEDV_Q1_SAFE_SESSION1_16sub.npz,1,1,Fear,C1,Central/Motor,8672,0.020126229152083397,0.017626672983169556,0.005305914673954248,0.0023883702233433723
SEEDV_Q1_SAFE_SESSION1_16sub.npz,1,1,Fear,CZ,Central/Motor,8672,0.024024659767746925,0.017552301287651062,0.004276677966117859,0.00153967528603971
SEEDV_Q1_SAFE_SESSION1_16sub.npz,1,1,Fear,C2,Central/Motor,8672,0.021161986514925957,0.01707632839679718,0.005007346626371145,0.002148994244635105
SEEDV_Q1_SAFE_SESSION1_16sub.npz,1,1,Fear,C4,Central/Motor,8672,0.017476940527558327,0.01739911362528801,0.0071721747517585754,0.004201268311589956
SEEDV_Q1_SAFE_SESSION1_16sub.npz,1,1,Fear,C6,Central/Motor,8672,0.014060833491384983,0.013553932309150696,0.009363727644085884,0.0065132384188473225
SEEDV_Q1_SAFE_SESSION1_16sub.npz,1,1,Fear,T8,Temporal,8672,0.011721068061888218,0.010387817397713661,0.011002919636666775,0.009799406863749027
SEEDV_Q1_SAFE_SESSION1_16sub.npz,1,1,Fear,TP7,Temporal,8672,0.015575248748064041,0.011036262847483158,0.008231870830059052,0.006396835204213858
SEEDV_Q1_SAFE_SESSION1_16sub.npz,1,1,Fear,CP5,Parietal,8672,0.016308056190609932,0.013764692470431328,0.006704988889396191,0.0043873717077076435
SEEDV_Q1_SAFE_SESSION1_16sub.npz,1,1,Fear,CP3,Parietal,8672,0.016529666259884834,0.015699658542871475,0.005660194903612137,0.0030161386821419
SEEDV_Q1_SAFE_SESSION1_16sub.npz,1,1,Fear,CP1,Parietal,8672,0.017703160643577576,0.01583786867558956,0.004580457229167223,0.001961669186130166
SEEDV_Q1_SAFE_SESSION1_16sub.npz,1,1,Fear,CPZ,Parietal,8672,0.019548239186406136,0.01614219881594181,0.003653529565781355,0.0011300216428935528
SEEDV_Q1_SAFE_SESSION1_16sub.npz,1,1,Fear,CP2,Parietal,8672,0.01822575181722641,0.015520407818257809,0.004262970760464668,0.0017374161398038268
SEEDV_Q1_SAFE_SESSION1_16sub.npz,1,1,Fear,CP4,Parietal,8672,0.016570081934332848,0.015494761988520622,0.005757656414061785,0.003288865787908435
SEEDV_Q1_SAFE_SESSION1_16sub.npz,1,1,Fear,CP6,Parietal,8672,0.015850316733121872,0.012467743828892708,0.006253273691982031,0.004447365645319223
SEEDV_Q1_SAFE_SESSION1_16sub.npz,1,1,Fear,TP8,Temporal,8672,0.013558754697442055,0.010682951658964157,0.010769540444016457,0.009402493014931679
SEEDV_Q1_SAFE_SESSION1_16sub.npz,1,1,Fear,P7,Parietal,8672,0.017686689272522926,0.013406426645815372,0.006817313376814127,0.004739656578749418
SEEDV_Q1_SAFE_SESSION1_16sub.npz,1,1,Fear,P5,Parietal,8672,0.016758499667048454,0.016006940975785255,0.006386164575815201,0.0038143687415868044
SEEDV_Q1_SAFE_SESSION1_16sub.npz,1,1,Fear,P3,Parietal,8672,0.016507498919963837,0.01705417037010193,0.005950116086751223,0.003355105174705386
SEEDV_Q1_SAFE_SESSION1_16sub.npz,1,1,Fear,P1,Parietal,8672,0.018216704949736595,0.016378426924347878,0.004288719967007637,0.001659401343204081
SEEDV_Q1_SAFE_SESSION1_16sub.npz,1,1,Fear,PZ,Parietal,8672,0.019990574568510056,0.016177114099264145,0.0037618742790073156,0.0011234142584726214
SEEDV_Q1_SAFE_SESSION1_16sub.npz,1,1,Fear,P2,Parietal,8672,0.01914121024310589,0.016503827646374702,0.004023232497274876,0.0013247501337900758
SEEDV_Q1_SAFE_SESSION1_16sub.npz,1,1,Fear,P4,Parietal,8672,0.016624199226498604,0.016601279377937317,0.005380488932132721,0.003011696506291628
SEEDV_Q1_SAFE_SESSION1_16sub.npz,1,1,Fear,P6,Parietal,8672,0.016113821417093277,0.015161619521677494,0.006049351301044226,0.003980490379035473
SEEDV_Q1_SAFE_SESSION1_16sub.npz,1,1,Fear,P8,Parietal,8672,0.016064587980508804,0.01299575436860323,0.006835242733359337,0.004737932235002518
SEEDV_Q1_SAFE_SESSION1_16sub.npz,1,1,Fear,PO7,Occipital,8672,0.01634855382144451,0.012547147460281849,0.006181216798722744,0.004557706415653229
SEEDV_Q1_SAFE_SESSION1_16sub.npz,1,1,Fear,PO5,Occipital,8672,0.016106946393847466,0.014951534569263458,0.006374918855726719,0.004435523878782988
SEEDV_Q1_SAFE_SESSION1_16sub.npz,1,1,Fear,PO3,Occipital,8672,0.017350047826766968,0.01621382124722004,0.005128117278218269,0.0030784113332629204
SEEDV_Q1_SAFE_SESSION1_16sub.npz,1,1,Fear,POZ,Occipital,8672,0.018412170931696892,0.014763206243515015,0.004339470993727446,0.0024836992379277945
SEEDV_Q1_SAFE_SESSION1_16sub.npz,1,1,Fear,PO4,Occipital,8672,0.017531225457787514,0.0164235420525074,0.004861210007220507,0.0029888886492699385
SEEDV_Q1_SAFE_SESSION1_16sub.npz,1,1,Fear,PO6,Occipital,8672,0.01616218127310276,0.015002665109932423,0.005995562765747309,0.004473957233130932
SEEDV_Q1_SAFE_SESSION1_16sub.npz,1,1,Fear,PO8,Occipital,8672,0.016305768862366676,0.014089993201196194,0.006087810732424259,0.004588794428855181
SEEDV_Q1_SAFE_SESSION1_16sub.npz,1,1,Fear,CB1,Occipital,8672,0.017936646938323975,0.01096681784838438,0.005503271706402302,0.00378815783187747
SEEDV_Q1_SAFE_SESSION1_16sub.npz,1,1,Fear,O1,Occipital,8672,0.016910752281546593,0.011645777150988579,0.005648178979754448,0.004307409282773733
SEEDV_Q1_SAFE_SESSION1_16sub.npz,1,1,Fear,OZ,Occipital,8672,0.017403030768036842,0.012134421616792679,0.004856059327721596,0.0034039875026792288
SEEDV_Q1_SAFE_SESSION1_16sub.npz,1,1,Fear,O2,Occipital,8672,0.016791660338640213,0.012720273807644844,0.00498059531673789,0.0037223738618195057
SEEDV_Q1_SAFE_SESSION1_16sub.npz,1,1,Fear,CB2,Occipital,8672,0.01720290444791317,0.01104492787271738,0.005224777385592461,0.003973319660872221
SEEDV_Q1_SAFE_SESSION1_16sub.npz,1,2,Sad,FP1,Frontal,10160,0.01627299189567566,0.005793379154056311,0.004452809225767851,0.003218888072296977
SEEDV_Q1_SAFE_SESSION1_16sub.npz,1,2,Sad,FPZ,Frontal,10160,0.017354117706418037,0.006209472194314003,0.003795468248426914,0.0025488347746431828
SEEDV_Q1_SAFE_SESSION1_16sub.npz,1,2,Sad,FP2,Frontal,10160,0.01628325879573822,0.005858381278812885,0.004906993359327316,0.003801459912210703
SEEDV_Q1_SAFE_SESSION1_16sub.npz,1,2,Sad,AF3,Frontal,10160,0.018677258864045143,0.008335466496646404,0.004394827410578728,0.0025120521895587444
SEEDV_Q1_SAFE_SESSION1_16sub.npz,1,2,Sad,AF4,Frontal,10160,0.019276784732937813,0.00886471476405859,0.004597009625285864,0.0025795993860810995
SEEDV_Q1_SAFE_SESSION1_16sub.npz,1,2,Sad,F7,Frontal,10160,0.01523641124367714,0.007945118471980095,0.004022645298391581,0.0026230174116790295
SEEDV_Q1_SAFE_SESSION1_16sub.npz,1,2,Sad,F5,Frontal,10160,0.016677280887961388,0.0088153425604105,0.004415376577526331,0.00268475990742445
SEEDV_Q1_SAFE_SESSION1_16sub.npz,1,2,Sad,F3,Frontal,10160,0.01927882246673107,0.010753946378827095,0.0053620911203324795,0.002598375082015991
SEEDV_Q1_SAFE_SESSION1_16sub.npz,1,2,Sad,F1,Frontal,10160,0.02309531532227993,0.012982670217752457,0.004762235097587109,0.0017121395794674754
SEEDV_Q1_SAFE_SESSION1_16sub.npz,1,2,Sad,FZ,Frontal,10160,0.02525915950536728,0.015053861774504185,0.0045391228049993515,0.0014015272026881576
SEEDV_Q1_SAFE_SESSION1_16sub.npz,1,2,Sad,F2,Frontal,10160,0.023169325664639473,0.013818853534758091,0.004789295140653849,0.001699888496659696
SEEDV_Q1_SAFE_SESSION1_16sub.npz,1,2,Sad,F4,Frontal,10160,0.020222745835781097,0.01167068537324667,0.0059040021151304245,0.0027397358790040016
SEEDV_Q1_SAFE_SESSION1_16sub.npz,1,2,Sad,F6,Frontal,10160,0.016864389181137085,0.009306494146585464,0.0055278898216784,0.003336767666041851
SEEDV_Q1_SAFE_SESSION1_16sub.npz,1,2,Sad,F8,Frontal,10160,0.014818117953836918,0.0078102461993694305,0.004463433753699064,0.0030695602763444185
SEEDV_Q1_SAFE_SESSION1_16sub.npz,1,2,Sad,FT7,Temporal,10160,0.014523327350616455,0.0101536326110363,0.006970748770982027,0.005053133703768253
SEEDV_Q1_SAFE_SESSION1_16sub.npz,1,2,Sad,FC5,Frontal,10160,0.014946579933166504,0.011567489244043827,0.007064380217343569,0.004806180484592915
SEEDV_Q1_SAFE_SESSION1_16sub.npz,1,2,Sad,FC3,Frontal,10160,0.0198005773127079,0.015993302688002586,0.0063201370649039745,0.0030034449882805347
SEEDV_Q1_SAFE_SESSION1_16sub.npz,1,2,Sad,FC1,Frontal,10160,0.02403808757662773,0.016790317371487617,0.0058374046348035336,0.002125062746927142
SEEDV_Q1_SAFE_SESSION1_16sub.npz,1,2,Sad,FCZ,Frontal,10160,0.02791564166545868,0.01712583564221859,0.005127602256834507,0.0015805271686986089
SEEDV_Q1_SAFE_SESSION1_16sub.npz,1,2,Sad,FC2,Frontal,10160,0.02410336211323738,0.016163460910320282,0.0057145836763083935,0.002091275993734598
SEEDV_Q1_SAFE_SESSION1_16sub.npz,1,2,Sad,FC4,Frontal,10160,0.0205861646682024,0.016464976593852043,0.006892795208841562,0.0030750420410186052
SEEDV_Q1_SAFE_SESSION1_16sub.npz,1,2,Sad,FC6,Frontal,10160,0.015593571588397026,0.013014834374189377,0.007615725044161081,0.004960998427122831
SEEDV_Q1_SAFE_SESSION1_16sub.npz,1,2,Sad,FT8,Temporal,10160,0.014074531383812428,0.010364057496190071,0.007106193341314793,0.005166203714907169
SEEDV_Q1_SAFE_SESSION1_16sub.npz,1,2,Sad,T7,Temporal,10160,0.013048266991972923,0.010206653736531734,0.011295056901872158,0.009079982526600361
SEEDV_Q1_SAFE_SESSION1_16sub.npz,1,2,Sad,C5,Central/Motor,10160,0.015739906579256058,0.013852890580892563,0.008400285616517067,0.0051352884620428085
SEEDV_Q1_SAFE_SESSION1_16sub.npz,1,2,Sad,C3,Central/Motor,10160,0.01872577704489231,0.019706910476088524,0.006983894854784012,0.00323580764234066
SEEDV_Q1_SAFE_SESSION1_16sub.npz,1,2,Sad,C1,Central/Motor,10160,0.021620498970150948,0.019822312518954277,0.005619388539344072,0.002035474870353937
SEEDV_Q1_SAFE_SESSION1_16sub.npz,1,2,Sad,CZ,Central/Motor,10160,0.024605747312307358,0.01786932721734047,0.004708561114966869,0.001455020159482956
SEEDV_Q1_SAFE_SESSION1_16sub.npz,1,2,Sad,C2,Central/Motor,10160,0.02203289605677128,0.018074315041303635,0.00530049204826355,0.0018033223459497094
SEEDV_Q1_SAFE_SESSION1_16sub.npz,1,2,Sad,C4,Central/Motor,10160,0.018137987703084946,0.01993129961192608,0.00711324205622077,0.0034939402248710394
SEEDV_Q1_SAFE_SESSION1_16sub.npz,1,2,Sad,C6,Central/Motor,10160,0.016053374856710434,0.015309266746044159,0.008474868722259998,0.005157306790351868
SEEDV_Q1_SAFE_SESSION1_16sub.npz,1,2,Sad,T8,Temporal,10160,0.013636966235935688,0.011106109246611595,0.009848047979176044,0.00797283835709095
SEEDV_Q1_SAFE_SESSION1_16sub.npz,1,2,Sad,TP7,Temporal,10160,0.01688673160970211,0.01095636934041977,0.007492060773074627,0.005228234454989433
SEEDV_Q1_SAFE_SESSION1_16sub.npz,1,2,Sad,CP5,Parietal,10160,0.01771147921681404,0.014657165855169296,0.006303047761321068,0.0034839236177504063
SEEDV_Q1_SAFE_SESSION1_16sub.npz,1,2,Sad,CP3,Parietal,10160,0.018536005169153214,0.01758710667490959,0.0058870986104011536,0.002574250800535083
SEEDV_Q1_SAFE_SESSION1_16sub.npz,1,2,Sad,CP1,Parietal,10160,0.019518723711371422,0.018063684925436974,0.00490209087729454,0.0016753365052863955
SEEDV_Q1_SAFE_SESSION1_16sub.npz,1,2,Sad,CPZ,Parietal,10160,0.02102077566087246,0.017736829817295074,0.00414744857698679,0.0010971276788040996
SEEDV_Q1_SAFE_SESSION1_16sub.npz,1,2,Sad,CP2,Parietal,10160,0.02029581367969513,0.017156142741441727,0.00464465981349349,0.0015139568131417036
SEEDV_Q1_SAFE_SESSION1_16sub.npz,1,2,Sad,CP4,Parietal,10160,0.018468622118234634,0.017321301624178886,0.005911265499889851,0.0027386690489947796
SEEDV_Q1_SAFE_SESSION1_16sub.npz,1,2,Sad,CP6,Parietal,10160,0.017465701326727867,0.014491582289338112,0.006030178628861904,0.003407953307032585
SEEDV_Q1_SAFE_SESSION1_16sub.npz,1,2,Sad,TP8,Temporal,10160,0.015222316607832909,0.011261138133704662,0.009606077335774899,0.007525146938860416
SEEDV_Q1_SAFE_SESSION1_16sub.npz,1,2,Sad,P7,Parietal,10160,0.018301481381058693,0.012284977361559868,0.006824097596108913,0.00424289982765913
SEEDV_Q1_SAFE_SESSION1_16sub.npz,1,2,Sad,P5,Parietal,10160,0.018859192728996277,0.01470640767365694,0.006270690821111202,0.0031644541304558516
SEEDV_Q1_SAFE_SESSION1_16sub.npz,1,2,Sad,P3,Parietal,10160,0.019330326467752457,0.016055092215538025,0.005987518932670355,0.002850527875125408
SEEDV_Q1_SAFE_SESSION1_16sub.npz,1,2,Sad,P1,Parietal,10160,0.021865010261535645,0.015968142077326775,0.004505015444010496,0.001413755351677537
SEEDV_Q1_SAFE_SESSION1_16sub.npz,1,2,Sad,PZ,Parietal,10160,0.023720072582364082,0.015920579433441162,0.004154352471232414,0.001013723318465054
SEEDV_Q1_SAFE_SESSION1_16sub.npz,1,2,Sad,P2,Parietal,10160,0.023036327213048935,0.01564696617424488,0.0043528079986572266,0.0011833932949230075
SEEDV_Q1_SAFE_SESSION1_16sub.npz,1,2,Sad,P4,Parietal,10160,0.01951281912624836,0.014845550991594791,0.0054062288254499435,0.002490849932655692
SEEDV_Q1_SAFE_SESSION1_16sub.npz,1,2,Sad,P6,Parietal,10160,0.01832503266632557,0.013281271792948246,0.005927747581154108,0.0032694584224373102
SEEDV_Q1_SAFE_SESSION1_16sub.npz,1,2,Sad,P8,Parietal,10160,0.017726782709360123,0.011342407204210758,0.006266241427510977,0.00367705593816936
SEEDV_Q1_SAFE_SESSION1_16sub.npz,1,2,Sad,PO7,Occipital,10160,0.017546845600008965,0.011117647401988506,0.005861607380211353,0.003587180282920599
SEEDV_Q1_SAFE_SESSION1_16sub.npz,1,2,Sad,PO5,Occipital,10160,0.01782740093767643,0.012484211474657059,0.0060536800883710384,0.00361484638415277
SEEDV_Q1_SAFE_SESSION1_16sub.npz,1,2,Sad,PO3,Occipital,10160,0.020245259627699852,0.013492006808519363,0.0049875094555318356,0.0024472440127283335
SEEDV_Q1_SAFE_SESSION1_16sub.npz,1,2,Sad,POZ,Occipital,10160,0.02220996841788292,0.012258977629244328,0.004367948044091463,0.0017573550576344132
SEEDV_Q1_SAFE_SESSION1_16sub.npz,1,2,Sad,PO4,Occipital,10160,0.020876867696642876,0.01282864436507225,0.004732040222734213,0.002068570349365473
SEEDV_Q1_SAFE_SESSION1_16sub.npz,1,2,Sad,PO6,Occipital,10160,0.018069321289658546,0.011599336750805378,0.005537827964872122,0.0033433404751122
SEEDV_Q1_SAFE_SESSION1_16sub.npz,1,2,Sad,PO8,Occipital,10160,0.017788583412766457,0.010940657928586006,0.005581283941864967,0.003444733563810587
SEEDV_Q1_SAFE_SESSION1_16sub.npz,1,2,Sad,CB1,Occipital,10160,0.018912408500909805,0.009840969927608967,0.005140237510204315,0.0028801532462239265
SEEDV_Q1_SAFE_SESSION1_16sub.npz,1,2,Sad,O1,Occipital,10160,0.0179172120988369,0.010028333403170109,0.005362567491829395,0.0033901617862284184
SEEDV_Q1_SAFE_SESSION1_16sub.npz,1,2,Sad,OZ,Occipital,10160,0.018656842410564423,0.009364037774503231,0.004577512852847576,0.002539806067943573
SEEDV_Q1_SAFE_SESSION1_16sub.npz,1,2,Sad,O2,Occipital,10160,0.01839682087302208,0.009709260426461697,0.004701262805610895,0.0027539017610251904
SEEDV_Q1_SAFE_SESSION1_16sub.npz,1,2,Sad,CB2,Occipital,10160,0.01804402284324169,0.009182658046483994,0.0048235640861094,0.0030272621661424637
SEEDV_Q1_SAFE_SESSION1_16sub.npz,1,3,Neutral,FP1,Frontal,7072,0.01649395562708378,0.006236841902136803,0.004215998575091362,0.0029533994384109974
SEEDV_Q1_SAFE_SESSION1_16sub.npz,1,3,Neutral,FPZ,Frontal,7072,0.01789739355444908,0.006650947500020266,0.003503161948174238,0.0020262596663087606
SEEDV_Q1_SAFE_SESSION1_16sub.npz,1,3,Neutral,FP2,Frontal,7072,0.016333837062120438,0.006053575314581394,0.004116907250136137,0.00286790169775486
SEEDV_Q1_SAFE_SESSION1_16sub.npz,1,3,Neutral,AF3,Frontal,7072,0.018466370180249214,0.008682788349688053,0.004293420352041721,0.0023699174635112286
SEEDV_Q1_SAFE_SESSION1_16sub.npz,1,3,Neutral,AF4,Frontal,7072,0.018790384754538536,0.008597299456596375,0.00420397100970149,0.0021932392846792936
SEEDV_Q1_SAFE_SESSION1_16sub.npz,1,3,Neutral,F7,Frontal,7072,0.013354931958019733,0.006324297282844782,0.0031742334831506014,0.002123964484781027
SEEDV_Q1_SAFE_SESSION1_16sub.npz,1,3,Neutral,F5,Frontal,7072,0.014762996695935726,0.007537989877164364,0.0038412222638726234,0.0024363950360566378
SEEDV_Q1_SAFE_SESSION1_16sub.npz,1,3,Neutral,F3,Frontal,7072,0.017998095601797104,0.010151101276278496,0.005254542455077171,0.0027121573220938444
SEEDV_Q1_SAFE_SESSION1_16sub.npz,1,3,Neutral,F1,Frontal,7072,0.022220410406589508,0.012857182882726192,0.0050016241148114204,0.0020025933627039194
SEEDV_Q1_SAFE_SESSION1_16sub.npz,1,3,Neutral,FZ,Frontal,7072,0.025068029761314392,0.014824357815086842,0.0047010863199830055,0.0016103391535580158
SEEDV_Q1_SAFE_SESSION1_16sub.npz,1,3,Neutral,F2,Frontal,7072,0.02277141436934471,0.013099780306220055,0.004827743861824274,0.0018269316060468554
SEEDV_Q1_SAFE_SESSION1_16sub.npz,1,3,Neutral,F4,Frontal,7072,0.0189059991389513,0.010724502615630627,0.005538811907172203,0.002631961600854993
SEEDV_Q1_SAFE_SESSION1_16sub.npz,1,3,Neutral,F6,Frontal,7072,0.014732441864907742,0.00802867766469717,0.004829905461519957,0.0031543495133519173
SEEDV_Q1_SAFE_SESSION1_16sub.npz,1,3,Neutral,F8,Frontal,7072,0.01315264031291008,0.006579133681952953,0.0037042973563075066,0.0027714178431779146
SEEDV_Q1_SAFE_SESSION1_16sub.npz,1,3,Neutral,FT7,Temporal,7072,0.013128883205354214,0.008020548149943352,0.005549450870603323,0.0039382679387927055
SEEDV_Q1_SAFE_SESSION1_16sub.npz,1,3,Neutral,FC5,Frontal,7072,0.013437245041131973,0.009402593597769737,0.005664310418069363,0.0038153384812176228
SEEDV_Q1_SAFE_SESSION1_16sub.npz,1,3,Neutral,FC3,Frontal,7072,0.018077228218317032,0.014493309892714024,0.006054209545254707,0.002865839283913374
SEEDV_Q1_SAFE_SESSION1_16sub.npz,1,3,Neutral,FC1,Frontal,7072,0.023224035277962685,0.01634284481406212,0.005984909366816282,0.0024090188089758158
SEEDV_Q1_SAFE_SESSION1_16sub.npz,1,3,Neutral,FCZ,Frontal,7072,0.02828093245625496,0.016932418569922447,0.005282796919345856,0.0018674635794013739
SEEDV_Q1_SAFE_SESSION1_16sub.npz,1,3,Neutral,FC2,Frontal,7072,0.02342064119875431,0.015250255353748798,0.005727812182158232,0.0023943400010466576
SEEDV_Q1_SAFE_SESSION1_16sub.npz,1,3,Neutral,FC4,Frontal,7072,0.018865354359149933,0.015555990859866142,0.0066992128267884254,0.0032318567391484976
SEEDV_Q1_SAFE_SESSION1_16sub.npz,1,3,Neutral,FC6,Frontal,7072,0.014162326231598854,0.011240051127970219,0.006672483868896961,0.004331553354859352
SEEDV_Q1_SAFE_SESSION1_16sub.npz,1,3,Neutral,FT8,Temporal,7072,0.013017814606428146,0.008509938605129719,0.0059843058697879314,0.004431338049471378
SEEDV_Q1_SAFE_SESSION1_16sub.npz,1,3,Neutral,T7,Temporal,7072,0.012615268118679523,0.008932595141232014,0.010305018164217472,0.00824070442467928
SEEDV_Q1_SAFE_SESSION1_16sub.npz,1,3,Neutral,C5,Central/Motor,7072,0.014090238139033318,0.011738323606550694,0.00812272634357214,0.005291036330163479
SEEDV_Q1_SAFE_SESSION1_16sub.npz,1,3,Neutral,C3,Central/Motor,7072,0.017185566946864128,0.018316980451345444,0.0068104881793260574,0.0033076470717787743
SEEDV_Q1_SAFE_SESSION1_16sub.npz,1,3,Neutral,C1,Central/Motor,7072,0.02136203460395336,0.01901417039334774,0.005728724412620068,0.002293114084750414
SEEDV_Q1_SAFE_SESSION1_16sub.npz,1,3,Neutral,CZ,Central/Motor,7072,0.025237727910280228,0.01731264591217041,0.0047970060259103775,0.0016950768185779452
SEEDV_Q1_SAFE_SESSION1_16sub.npz,1,3,Neutral,C2,Central/Motor,7072,0.021855683997273445,0.01705254055559635,0.005330424290150404,0.002128570806235075
SEEDV_Q1_SAFE_SESSION1_16sub.npz,1,3,Neutral,C4,Central/Motor,7072,0.016873983666300774,0.0189565010368824,0.007010339293628931,0.0036544573958963156
SEEDV_Q1_SAFE_SESSION1_16sub.npz,1,3,Neutral,C6,Central/Motor,7072,0.014596588909626007,0.01408921554684639,0.007680325768887997,0.004775024484843016
SEEDV_Q1_SAFE_SESSION1_16sub.npz,1,3,Neutral,T8,Temporal,7072,0.013181076385080814,0.010231740772724152,0.008776824921369553,0.007161722518503666
SEEDV_Q1_SAFE_SESSION1_16sub.npz,1,3,Neutral,TP7,Temporal,7072,0.01568070612847805,0.009739144705235958,0.007360337767750025,0.005350783932954073
SEEDV_Q1_SAFE_SESSION1_16sub.npz,1,3,Neutral,CP5,Parietal,7072,0.01690402440726757,0.013175025582313538,0.006064259447157383,0.003451408352702856
SEEDV_Q1_SAFE_SESSION1_16sub.npz,1,3,Neutral,CP3,Parietal,7072,0.01770886220037937,0.016344286501407623,0.005773472599685192,0.0026566360611468554
SEEDV_Q1_SAFE_SESSION1_16sub.npz,1,3,Neutral,CP1,Parietal,7072,0.019713371992111206,0.016907015815377235,0.004921050276607275,0.0018392213387414813
SEEDV_Q1_SAFE_SESSION1_16sub.npz,1,3,Neutral,CPZ,Parietal,7072,0.021995143964886665,0.016575099900364876,0.004134264774620533,0.0012090441305190325
SEEDV_Q1_SAFE_SESSION1_16sub.npz,1,3,Neutral,CP2,Parietal,7072,0.019906416535377502,0.015679601579904556,0.0045586577616631985,0.0016551711596548557
SEEDV_Q1_SAFE_SESSION1_16sub.npz,1,3,Neutral,CP4,Parietal,7072,0.017677530646324158,0.016103330999612808,0.005822597537189722,0.002902647014707327
SEEDV_Q1_SAFE_SESSION1_16sub.npz,1,3,Neutral,CP6,Parietal,7072,0.01689891144633293,0.01421427633613348,0.006023659836500883,0.0035130344331264496
SEEDV_Q1_SAFE_SESSION1_16sub.npz,1,3,Neutral,TP8,Temporal,7072,0.015211114659905434,0.011068067513406277,0.008602605201303959,0.006696118973195553
SEEDV_Q1_SAFE_SESSION1_16sub.npz,1,3,Neutral,P7,Parietal,7072,0.017987733706831932,0.011617150157690048,0.006465695332735777,0.003974798135459423
SEEDV_Q1_SAFE_SESSION1_16sub.npz,1,3,Neutral,P5,Parietal,7072,0.018901968374848366,0.01349726039916277,0.006186411716043949,0.0032035266049206257
SEEDV_Q1_SAFE_SESSION1_16sub.npz,1,3,Neutral,P3,Parietal,7072,0.019536415114998817,0.014688735827803612,0.005978094879537821,0.0029012758750468493
SEEDV_Q1_SAFE_SESSION1_16sub.npz,1,3,Neutral,P1,Parietal,7072,0.022801484912633896,0.015459287911653519,0.00449196295812726,0.0013810023665428162
SEEDV_Q1_SAFE_SESSION1_16sub.npz,1,3,Neutral,PZ,Parietal,7072,0.024654999375343323,0.01559413317590952,0.004150794353336096,0.0009891814552247524
SEEDV_Q1_SAFE_SESSION1_16sub.npz,1,3,Neutral,P2,Parietal,7072,0.02333257719874382,0.014832373708486557,0.004276176914572716,0.0011793558951467276
SEEDV_Q1_SAFE_SESSION1_16sub.npz,1,3,Neutral,P4,Parietal,7072,0.019606875255703926,0.013985483907163143,0.005284839775413275,0.0025117541663348675
SEEDV_Q1_SAFE_SESSION1_16sub.npz,1,3,Neutral,P6,Parietal,7072,0.01865212619304657,0.012977523729205132,0.005844445433467627,0.003280849428847432
SEEDV_Q1_SAFE_SESSION1_16sub.npz,1,3,Neutral,P8,Parietal,7072,0.017572633922100067,0.01140952855348587,0.006086952984333038,0.0035721473395824432
SEEDV_Q1_SAFE_SESSION1_16sub.npz,1,3,Neutral,PO7,Occipital,7072,0.017950575798749924,0.010769317857921124,0.00593189662322402,0.0036836513318121433
SEEDV_Q1_SAFE_SESSION1_16sub.npz,1,3,Neutral,PO5,Occipital,7072,0.01830201968550682,0.011678407900035381,0.005940357223153114,0.0034416369162499905
SEEDV_Q1_SAFE_SESSION1_16sub.npz,1,3,Neutral,PO3,Occipital,7072,0.021411485970020294,0.012840604409575462,0.004895896650850773,0.002197975292801857
SEEDV_Q1_SAFE_SESSION1_16sub.npz,1,3,Neutral,POZ,Occipital,7072,0.023639991879463196,0.012357969768345356,0.004318225663155317,0.0016149311559274793
SEEDV_Q1_SAFE_SESSION1_16sub.npz,1,3,Neutral,PO4,Occipital,7072,0.02174089290201664,0.012579868547618389,0.004698528442531824,0.0020245355553925037
SEEDV_Q1_SAFE_SESSION1_16sub.npz,1,3,Neutral,PO6,Occipital,7072,0.018683038651943207,0.011772762052714825,0.005544302985072136,0.0033408349845558405
SEEDV_Q1_SAFE_SESSION1_16sub.npz,1,3,Neutral,PO8,Occipital,7072,0.01794121041893959,0.011090809479355812,0.0055886367335915565,0.0035233236849308014
SEEDV_Q1_SAFE_SESSION1_16sub.npz,1,3,Neutral,CB1,Occipital,7072,0.01878805086016655,0.009806711226701736,0.005127242300659418,0.002919873921200633
SEEDV_Q1_SAFE_SESSION1_16sub.npz,1,3,Neutral,O1,Occipital,7072,0.01806567795574665,0.009748939424753189,0.005255549214780331,0.003285798942670226
SEEDV_Q1_SAFE_SESSION1_16sub.npz,1,3,Neutral,OZ,Occipital,7072,0.019082842394709587,0.009473774582147598,0.004498618189245462,0.002479702467098832
SEEDV_Q1_SAFE_SESSION1_16sub.npz,1,3,Neutral,O2,Occipital,7072,0.01844250038266182,0.009664354845881462,0.004632009658962488,0.002741683041676879
SEEDV_Q1_SAFE_SESSION1_16sub.npz,1,3,Neutral,CB2,Occipital,7072,0.018114114180207253,0.009255983866751194,0.0047261775471270084,0.0030138788279145956
SEEDV_Q1_SAFE_SESSION1_16sub.npz,1,4,Happy,FP1,Frontal,6304,0.018324101343750954,0.006063151638954878,0.00480568315833807,0.0035666858311742544
SEEDV_Q1_SAFE_SESSION1_16sub.npz,1,4,Happy,FPZ,Frontal,6304,0.01966920867562294,0.006464947946369648,0.003674629144370556,0.002304305788129568
SEEDV_Q1_SAFE_SESSION1_16sub.npz,1,4,Happy,FP2,Frontal,6304,0.018124736845493317,0.006181766279041767,0.004692599643021822,0.0036481600254774094
SEEDV_Q1_SAFE_SESSION1_16sub.npz,1,4,Happy,AF3,Frontal,6304,0.02008780837059021,0.008190562948584557,0.004709250759333372,0.0028922585770487785
SEEDV_Q1_SAFE_SESSION1_16sub.npz,1,4,Happy,AF4,Frontal,6304,0.020415497943758965,0.008744729682803154,0.004541547037661076,0.0026633399538695812
SEEDV_Q1_SAFE_SESSION1_16sub.npz,1,4,Happy,F7,Frontal,6304,0.015034913085401058,0.0071750301867723465,0.004321574233472347,0.0032007533591240644
SEEDV_Q1_SAFE_SESSION1_16sub.npz,1,4,Happy,F5,Frontal,6304,0.017025725916028023,0.007962319068610668,0.004601588938385248,0.0031251348555088043
SEEDV_Q1_SAFE_SESSION1_16sub.npz,1,4,Happy,F3,Frontal,6304,0.019642487168312073,0.009943030774593353,0.005649091675877571,0.003042733296751976
SEEDV_Q1_SAFE_SESSION1_16sub.npz,1,4,Happy,F1,Frontal,6304,0.023224694654345512,0.01218038983643055,0.00496480381116271,0.002100044395774603
SEEDV_Q1_SAFE_SESSION1_16sub.npz,1,4,Happy,FZ,Frontal,6304,0.025231149047613144,0.014001046307384968,0.004549023695290089,0.0016900724731385708
SEEDV_Q1_SAFE_SESSION1_16sub.npz,1,4,Happy,F2,Frontal,6304,0.02349667064845562,0.012957965955138206,0.004726042039692402,0.001930463477037847
SEEDV_Q1_SAFE_SESSION1_16sub.npz,1,4,Happy,F4,Frontal,6304,0.02028065361082554,0.010903218761086464,0.0059960572980344296,0.003141159890219569
SEEDV_Q1_SAFE_SESSION1_16sub.npz,1,4,Happy,F6,Frontal,6304,0.016334062442183495,0.00813342910259962,0.005417823325842619,0.003738561412319541
SEEDV_Q1_SAFE_SESSION1_16sub.npz,1,4,Happy,F8,Frontal,6304,0.01425101887434721,0.006684267893433571,0.004554630257189274,0.0036046260502189398
SEEDV_Q1_SAFE_SESSION1_16sub.npz,1,4,Happy,FT7,Temporal,6304,0.012011646293103695,0.007801321800798178,0.008481199853122234,0.00785716064274311
SEEDV_Q1_SAFE_SESSION1_16sub.npz,1,4,Happy,FC5,Frontal,6304,0.013331379741430283,0.009398766793310642,0.008024935610592365,0.00640697218477726
SEEDV_Q1_SAFE_SESSION1_16sub.npz,1,4,Happy,FC3,Frontal,6304,0.01879022642970085,0.013758954592049122,0.006514839828014374,0.003444038098677993
SEEDV_Q1_SAFE_SESSION1_16sub.npz,1,4,Happy,FC1,Frontal,6304,0.02329804003238678,0.015077367424964905,0.005936444737017155,0.00253312848508358
SEEDV_Q1_SAFE_SESSION1_16sub.npz,1,4,Happy,FCZ,Frontal,6304,0.027389956638216972,0.01580403931438923,0.005111231002956629,0.0019329437054693699
SEEDV_Q1_SAFE_SESSION1_16sub.npz,1,4,Happy,FC2,Frontal,6304,0.023400915786623955,0.014669413678348064,0.0057257357984781265,0.0026063071563839912
SEEDV_Q1_SAFE_SESSION1_16sub.npz,1,4,Happy,FC4,Frontal,6304,0.019544420763850212,0.01479843258857727,0.007009700872004032,0.003738001687452197
SEEDV_Q1_SAFE_SESSION1_16sub.npz,1,4,Happy,FC6,Frontal,6304,0.014055544510483742,0.01045731920748949,0.007687493693083525,0.005845330655574799
SEEDV_Q1_SAFE_SESSION1_16sub.npz,1,4,Happy,FT8,Temporal,6304,0.011954703368246555,0.007999789901077747,0.007587939966470003,0.0072118318639695644
SEEDV_Q1_SAFE_SESSION1_16sub.npz,1,4,Happy,T7,Temporal,6304,0.009683482348918915,0.007694025058299303,0.01347656175494194,0.013726494275033474
SEEDV_Q1_SAFE_SESSION1_16sub.npz,1,4,Happy,C5,Central/Motor,6304,0.013493980281054974,0.011489706113934517,0.009420208632946014,0.007073509506881237
SEEDV_Q1_SAFE_SESSION1_16sub.npz,1,4,Happy,C3,Central/Motor,6304,0.016819313168525696,0.01750553958117962,0.0074758208356797695,0.004132829140871763
SEEDV_Q1_SAFE_SESSION1_16sub.npz,1,4,Happy,C1,Central/Motor,6304,0.021290184929966927,0.01756182871758938,0.005891803652048111,0.002545490860939026
SEEDV_Q1_SAFE_SESSION1_16sub.npz,1,4,Happy,CZ,Central/Motor,6304,0.02517659217119217,0.0156460739672184,0.004858414176851511,0.0018004166195169091
SEEDV_Q1_SAFE_SESSION1_16sub.npz,1,4,Happy,C2,Central/Motor,6304,0.02220349945127964,0.016035376116633415,0.005484920926392078,0.002438491676002741
SEEDV_Q1_SAFE_SESSION1_16sub.npz,1,4,Happy,C4,Central/Motor,6304,0.017624611034989357,0.017564211040735245,0.007480752654373646,0.004432417452335358
SEEDV_Q1_SAFE_SESSION1_16sub.npz,1,4,Happy,C6,Central/Motor,6304,0.013554110191762447,0.012389864772558212,0.009501897729933262,0.007313134614378214
SEEDV_Q1_SAFE_SESSION1_16sub.npz,1,4,Happy,T8,Temporal,6304,0.010109368711709976,0.00849570520222187,0.011856414377689362,0.012272747233510017
SEEDV_Q1_SAFE_SESSION1_16sub.npz,1,4,Happy,TP7,Temporal,6304,0.01483113132417202,0.009315730072557926,0.00862609688192606,0.007432727143168449
SEEDV_Q1_SAFE_SESSION1_16sub.npz,1,4,Happy,CP5,Parietal,6304,0.016070013865828514,0.01274110097438097,0.00690004788339138,0.00472468975931406
SEEDV_Q1_SAFE_SESSION1_16sub.npz,1,4,Happy,CP3,Parietal,6304,0.017970513552427292,0.015996737405657768,0.006206384859979153,0.0032706873025745153
SEEDV_Q1_SAFE_SESSION1_16sub.npz,1,4,Happy,CP1,Parietal,6304,0.020608508959412575,0.016024840995669365,0.005296671763062477,0.0022789861541241407
SEEDV_Q1_SAFE_SESSION1_16sub.npz,1,4,Happy,CPZ,Parietal,6304,0.02305949665606022,0.0158559400588274,0.0043700141832232475,0.0013933610171079636
SEEDV_Q1_SAFE_SESSION1_16sub.npz,1,4,Happy,CP2,Parietal,6304,0.021381638944149017,0.01535267848521471,0.00481305131688714,0.002028241055086255
SEEDV_Q1_SAFE_SESSION1_16sub.npz,1,4,Happy,CP4,Parietal,6304,0.018764428794384003,0.015839001163840294,0.006153196562081575,0.0034696205984801054
SEEDV_Q1_SAFE_SESSION1_16sub.npz,1,4,Happy,CP6,Parietal,6304,0.01669539511203766,0.01294104102998972,0.006478350609540939,0.0045183938927948475
SEEDV_Q1_SAFE_SESSION1_16sub.npz,1,4,Happy,TP8,Temporal,6304,0.01233830489218235,0.009039943106472492,0.011623435653746128,0.01069452054798603
SEEDV_Q1_SAFE_SESSION1_16sub.npz,1,4,Happy,P7,Parietal,6304,0.017341582104563713,0.010480198077857494,0.0076742470264434814,0.006104703992605209
SEEDV_Q1_SAFE_SESSION1_16sub.npz,1,4,Happy,P5,Parietal,6304,0.018943263217806816,0.0126242246478796,0.006525363307446241,0.004178418777883053
SEEDV_Q1_SAFE_SESSION1_16sub.npz,1,4,Happy,P3,Parietal,6304,0.020068993791937828,0.013895133510231972,0.0061217425391077995,0.0035810742992907763
SEEDV_Q1_SAFE_SESSION1_16sub.npz,1,4,Happy,P1,Parietal,6304,0.02527453377842903,0.015166088938713074,0.004845922347158194,0.001971831079572439
SEEDV_Q1_SAFE_SESSION1_16sub.npz,1,4,Happy,PZ,Parietal,6304,0.027650421485304832,0.015528364107012749,0.004427304491400719,0.001281733508221805
SEEDV_Q1_SAFE_SESSION1_16sub.npz,1,4,Happy,P2,Parietal,6304,0.027015315368771553,0.015190943144261837,0.004515469539910555,0.001508834888227284
SEEDV_Q1_SAFE_SESSION1_16sub.npz,1,4,Happy,P4,Parietal,6304,0.021001942455768585,0.013829708099365234,0.005655347369611263,0.003267589258030057
SEEDV_Q1_SAFE_SESSION1_16sub.npz,1,4,Happy,P6,Parietal,6304,0.018901394680142403,0.012315194122493267,0.0064507657662034035,0.004435115493834019
SEEDV_Q1_SAFE_SESSION1_16sub.npz,1,4,Happy,P8,Parietal,6304,0.01688302680850029,0.009944586083292961,0.0069737983867526054,0.0052673001773655415
SEEDV_Q1_SAFE_SESSION1_16sub.npz,1,4,Happy,PO7,Occipital,6304,0.017773356288671494,0.010106413625180721,0.006538929883390665,0.005118660628795624
SEEDV_Q1_SAFE_SESSION1_16sub.npz,1,4,Happy,PO5,Occipital,6304,0.01838711090385914,0.011210808530449867,0.006668149959295988,0.004985356237739325
SEEDV_Q1_SAFE_SESSION1_16sub.npz,1,4,Happy,PO3,Occipital,6304,0.0225069560110569,0.012813709676265717,0.005586524493992329,0.003438811982050538
SEEDV_Q1_SAFE_SESSION1_16sub.npz,1,4,Happy,POZ,Occipital,6304,0.025975367054343224,0.012537611648440361,0.004891763906925917,0.002515957457944751
SEEDV_Q1_SAFE_SESSION1_16sub.npz,1,4,Happy,PO4,Occipital,6304,0.02405918389558792,0.012630948796868324,0.0052077025175094604,0.0028837290592491627
SEEDV_Q1_SAFE_SESSION1_16sub.npz,1,4,Happy,PO6,Occipital,6304,0.019105607643723488,0.010924131609499454,0.006386124528944492,0.004820630885660648
SEEDV_Q1_SAFE_SESSION1_16sub.npz,1,4,Happy,PO8,Occipital,6304,0.01784919761121273,0.010120788589119911,0.00678494106978178,0.005325507838279009
SEEDV_Q1_SAFE_SESSION1_16sub.npz,1,4,Happy,CB1,Occipital,6304,0.019209155812859535,0.00960758700966835,0.0057779704220592976,0.00403193524107337
SEEDV_Q1_SAFE_SESSION1_16sub.npz,1,4,Happy,O1,Occipital,6304,0.01870477758347988,0.009575310163199902,0.00587737001478672,0.004562366753816605
SEEDV_Q1_SAFE_SESSION1_16sub.npz,1,4,Happy,OZ,Occipital,6304,0.0205619428306818,0.00951380841434002,0.005086292512714863,0.0034258917439728975
SEEDV_Q1_SAFE_SESSION1_16sub.npz,1,4,Happy,O2,Occipital,6304,0.01994151808321476,0.00964993517845869,0.00532789621502161,0.003841833211481571
SEEDV_Q1_SAFE_SESSION1_16sub.npz,1,4,Happy,CB2,Occipital,6304,0.018813731148838997,0.008968818001449108,0.005412592086941004,0.004045238718390465
SEEDV_Q1_SAFE_SESSION2_16sub.npz,2,0,Disgust,FP1,Frontal,6848,0.01658390462398529,0.00570620596408844,0.006272492464631796,0.004967856220901012
SEEDV_Q1_SAFE_SESSION2_16sub.npz,2,0,Disgust,FPZ,Frontal,6848,0.018471259623765945,0.006150026340037584,0.004657150711864233,0.004498507361859083
SEEDV_Q1_SAFE_SESSION2_16sub.npz,2,0,Disgust,FP2,Frontal,6848,0.017540855333209038,0.006263288203626871,0.00627925293520093,0.005156212951987982
SEEDV_Q1_SAFE_SESSION2_16sub.npz,2,0,Disgust,AF3,Frontal,6848,0.018050001934170723,0.007959741167724133,0.006086594425141811,0.004303479567170143
SEEDV_Q1_SAFE_SESSION2_16sub.npz,2,0,Disgust,AF4,Frontal,6848,0.019700318574905396,0.008812153711915016,0.005805371794849634,0.003938522655516863
SEEDV_Q1_SAFE_SESSION2_16sub.npz,2,0,Disgust,F7,Frontal,6848,0.01424239482730627,0.006940014660358429,0.005043738521635532,0.0038209897466003895
SEEDV_Q1_SAFE_SESSION2_16sub.npz,2,0,Disgust,F5,Frontal,6848,0.015300219878554344,0.008036920800805092,0.005614277441054583,0.00394645519554615
SEEDV_Q1_SAFE_SESSION2_16sub.npz,2,0,Disgust,F3,Frontal,6848,0.017766881734132767,0.00995128694921732,0.006879241205751896,0.004055193159729242
SEEDV_Q1_SAFE_SESSION2_16sub.npz,2,0,Disgust,F1,Frontal,6848,0.021731557324528694,0.012421800754964352,0.005792147479951382,0.0027669703122228384
SEEDV_Q1_SAFE_SESSION2_16sub.npz,2,0,Disgust,FZ,Frontal,6848,0.02450658194720745,0.014176332391798496,0.00508819380775094,0.002090184949338436
SEEDV_Q1_SAFE_SESSION2_16sub.npz,2,0,Disgust,F2,Frontal,6848,0.02278384566307068,0.013515757396817207,0.005533048417419195,0.0024794654455035925
SEEDV_Q1_SAFE_SESSION2_16sub.npz,2,0,Disgust,F4,Frontal,6848,0.0193379707634449,0.011411243118345737,0.007528230082243681,0.004229838959872723
SEEDV_Q1_SAFE_SESSION2_16sub.npz,2,0,Disgust,F6,Frontal,6848,0.016157960519194603,0.008919568732380867,0.00750691955909133,0.005261662416160107
SEEDV_Q1_SAFE_SESSION2_16sub.npz,2,0,Disgust,F8,Frontal,6848,0.01410695817321539,0.006815836299210787,0.00583005091175437,0.004589755553752184
SEEDV_Q1_SAFE_SESSION2_16sub.npz,2,0,Disgust,FT7,Temporal,6848,0.012682734057307243,0.008155355229973793,0.008874282240867615,0.007693954277783632
SEEDV_Q1_SAFE_SESSION2_16sub.npz,2,0,Disgust,FC5,Frontal,6848,0.012994680553674698,0.0094830933958292,0.008911950513720512,0.00634605111554265
SEEDV_Q1_SAFE_SESSION2_16sub.npz,2,0,Disgust,FC3,Frontal,6848,0.01754680648446083,0.014102129265666008,0.007174342405050993,0.003951541613787413
SEEDV_Q1_SAFE_SESSION2_16sub.npz,2,0,Disgust,FC1,Frontal,6848,0.02225608564913273,0.01484269741922617,0.006337054539471865,0.002878504805266857
SEEDV_Q1_SAFE_SESSION2_16sub.npz,2,0,Disgust,FCZ,Frontal,6848,0.02711348421871662,0.016095316037535667,0.005486502777785063,0.0022206285502761602
SEEDV_Q1_SAFE_SESSION2_16sub.npz,2,0,Disgust,FC2,Frontal,6848,0.023404547944664955,0.015546642243862152,0.006053443998098373,0.0027934338431805372
SEEDV_Q1_SAFE_SESSION2_16sub.npz,2,0,Disgust,FC4,Frontal,6848,0.01886756718158722,0.014547426253557205,0.007561958860605955,0.004382862709462643
SEEDV_Q1_SAFE_SESSION2_16sub.npz,2,0,Disgust,FC6,Frontal,6848,0.01398561056703329,0.010260996408760548,0.008108621463179588,0.0061121233738958836
SEEDV_Q1_SAFE_SESSION2_16sub.npz,2,0,Disgust,FT8,Temporal,6848,0.012417571619153023,0.007955025881528854,0.008048474788665771,0.006853021681308746
SEEDV_Q1_SAFE_SESSION2_16sub.npz,2,0,Disgust,T7,Temporal,6848,0.010649911127984524,0.007787476759403944,0.012949117459356785,0.011724263429641724
SEEDV_Q1_SAFE_SESSION2_16sub.npz,2,0,Disgust,C5,Central/Motor,6848,0.014060545712709427,0.01190755795687437,0.008713039569556713,0.006411462556570768
SEEDV_Q1_SAFE_SESSION2_16sub.npz,2,0,Disgust,C3,Central/Motor,6848,0.015989728271961212,0.017057044431567192,0.007335425354540348,0.004047613125294447
SEEDV_Q1_SAFE_SESSION2_16sub.npz,2,0,Disgust,C1,Central/Motor,6848,0.02120320498943329,0.016788972541689873,0.005858727265149355,0.0025718705728650093
SEEDV_Q1_SAFE_SESSION2_16sub.npz,2,0,Disgust,CZ,Central/Motor,6848,0.024764984846115112,0.014641701243817806,0.0050353542901575565,0.0021323063410818577
SEEDV_Q1_SAFE_SESSION2_16sub.npz,2,0,Disgust,C2,Central/Motor,6848,0.021531816571950912,0.015416855923831463,0.005505152978003025,0.002465693047270179
SEEDV_Q1_SAFE_SESSION2_16sub.npz,2,0,Disgust,C4,Central/Motor,6848,0.016124628484249115,0.01749226450920105,0.007502848282456398,0.004482765682041645
SEEDV_Q1_SAFE_SESSION2_16sub.npz,2,0,Disgust,C6,Central/Motor,6848,0.013447768986225128,0.012406588532030582,0.009100906550884247,0.006492938380688429
SEEDV_Q1_SAFE_SESSION2_16sub.npz,2,0,Disgust,T8,Temporal,6848,0.011414187029004097,0.008435677736997604,0.01145095657557249,0.010144212283194065
SEEDV_Q1_SAFE_SESSION2_16sub.npz,2,0,Disgust,TP7,Temporal,6848,0.016579480841755867,0.009823227301239967,0.007737960200756788,0.005700516048818827
SEEDV_Q1_SAFE_SESSION2_16sub.npz,2,0,Disgust,CP5,Parietal,6848,0.016697842627763748,0.012983613647520542,0.006847352720797062,0.0042250193655490875
SEEDV_Q1_SAFE_SESSION2_16sub.npz,2,0,Disgust,CP3,Parietal,6848,0.01708872802555561,0.015927491709589958,0.006344646215438843,0.0032280953601002693
SEEDV_Q1_SAFE_SESSION2_16sub.npz,2,0,Disgust,CP1,Parietal,6848,0.019150936976075172,0.01602761261165142,0.005144877824932337,0.002179994946345687
SEEDV_Q1_SAFE_SESSION2_16sub.npz,2,0,Disgust,CPZ,Parietal,6848,0.02141409181058407,0.014498770236968994,0.004393627867102623,0.0016432893462479115
SEEDV_Q1_SAFE_SESSION2_16sub.npz,2,0,Disgust,CP2,Parietal,6848,0.019482513889670372,0.014667884446680546,0.004588622599840164,0.0017768004909157753
SEEDV_Q1_SAFE_SESSION2_16sub.npz,2,0,Disgust,CP4,Parietal,6848,0.017061565071344376,0.01582048460841179,0.006009805016219616,0.0031913730781525373
SEEDV_Q1_SAFE_SESSION2_16sub.npz,2,0,Disgust,CP6,Parietal,6848,0.015992069616913795,0.013048025779426098,0.006745107006281614,0.004535225220024586
SEEDV_Q1_SAFE_SESSION2_16sub.npz,2,0,Disgust,TP8,Temporal,6848,0.01330152340233326,0.009228751063346863,0.010797684080898762,0.008601860143244267
SEEDV_Q1_SAFE_SESSION2_16sub.npz,2,0,Disgust,P7,Parietal,6848,0.01806856505572796,0.010548743419349194,0.006546811666339636,0.004455168265849352
SEEDV_Q1_SAFE_SESSION2_16sub.npz,2,0,Disgust,P5,Parietal,6848,0.018917102366685867,0.0131174111738801,0.006774603389203548,0.003997660242021084
SEEDV_Q1_SAFE_SESSION2_16sub.npz,2,0,Disgust,P3,Parietal,6848,0.01946345530450344,0.014173408038914204,0.006090773269534111,0.003149988129734993
SEEDV_Q1_SAFE_SESSION2_16sub.npz,2,0,Disgust,P1,Parietal,6848,0.021899528801441193,0.014722159132361412,0.004802107810974121,0.0018859334522858262
SEEDV_Q1_SAFE_SESSION2_16sub.npz,2,0,Disgust,PZ,Parietal,6848,0.02367740496993065,0.014432844705879688,0.004428613465279341,0.0015150628751143813
SEEDV_Q1_SAFE_SESSION2_16sub.npz,2,0,Disgust,P2,Parietal,6848,0.022028082981705666,0.013791861943900585,0.004368256777524948,0.0015681670047342777
SEEDV_Q1_SAFE_SESSION2_16sub.npz,2,0,Disgust,P4,Parietal,6848,0.0195615254342556,0.013365416787564754,0.0052897632122039795,0.0027792605105787516
SEEDV_Q1_SAFE_SESSION2_16sub.npz,2,0,Disgust,P6,Parietal,6848,0.018280696123838425,0.01193914096802473,0.005905733909457922,0.003667354816570878
SEEDV_Q1_SAFE_SESSION2_16sub.npz,2,0,Disgust,P8,Parietal,6848,0.01697775349020958,0.010102085769176483,0.00728545943275094,0.005129166878759861
SEEDV_Q1_SAFE_SESSION2_16sub.npz,2,0,Disgust,PO7,Occipital,6848,0.017768464982509613,0.01045044045895338,0.006781186908483505,0.0048951515927910805
SEEDV_Q1_SAFE_SESSION2_16sub.npz,2,0,Disgust,PO5,Occipital,6848,0.01898355782032013,0.011693517677485943,0.006131929345428944,0.0040595573373138905
SEEDV_Q1_SAFE_SESSION2_16sub.npz,2,0,Disgust,PO3,Occipital,6848,0.02178490161895752,0.01257113367319107,0.0053449771367013454,0.002986741252243519
SEEDV_Q1_SAFE_SESSION2_16sub.npz,2,0,Disgust,POZ,Occipital,6848,0.02469627745449543,0.012594754807651043,0.004666100721806288,0.002049821661785245
SEEDV_Q1_SAFE_SESSION2_16sub.npz,2,0,Disgust,PO4,Occipital,6848,0.023069245740771294,0.012610841542482376,0.004869730677455664,0.0022230525501072407
SEEDV_Q1_SAFE_SESSION2_16sub.npz,2,0,Disgust,PO6,Occipital,6848,0.020976051688194275,0.011799824424088001,0.004955563694238663,0.002557702362537384
SEEDV_Q1_SAFE_SESSION2_16sub.npz,2,0,Disgust,PO8,Occipital,6848,0.018546372652053833,0.010554048232734203,0.006276708096265793,0.003839390119537711
SEEDV_Q1_SAFE_SESSION2_16sub.npz,2,0,Disgust,CB1,Occipital,6848,0.018604429438710213,0.009298688732087612,0.005674200598150492,0.003949114121496677
SEEDV_Q1_SAFE_SESSION2_16sub.npz,2,0,Disgust,O1,Occipital,6848,0.01858375407755375,0.009737650863826275,0.006041457876563072,0.004240676295012236
SEEDV_Q1_SAFE_SESSION2_16sub.npz,2,0,Disgust,OZ,Occipital,6848,0.020195500925183296,0.009701917879283428,0.0052088722586631775,0.0031272503547370434
SEEDV_Q1_SAFE_SESSION2_16sub.npz,2,0,Disgust,O2,Occipital,6848,0.01934492029249668,0.009546809829771519,0.004942834377288818,0.0030351958703249693
SEEDV_Q1_SAFE_SESSION2_16sub.npz,2,0,Disgust,CB2,Occipital,6848,0.01845131441950798,0.00876489095389843,0.005216602701693773,0.003682521404698491
SEEDV_Q1_SAFE_SESSION2_16sub.npz,2,1,Fear,FP1,Frontal,5888,0.0164659321308136,0.006441596429795027,0.006264411378651857,0.004789071623235941
SEEDV_Q1_SAFE_SESSION2_16sub.npz,2,1,Fear,FPZ,Frontal,5888,0.018659893423318863,0.007149640936404467,0.004591009113937616,0.0035359656903892756
SEEDV_Q1_SAFE_SESSION2_16sub.npz,2,1,Fear,FP2,Frontal,5888,0.017106710001826286,0.00663553224876523,0.005947053898125887,0.0046668886207044125
SEEDV_Q1_SAFE_SESSION2_16sub.npz,2,1,Fear,AF3,Frontal,5888,0.01836252212524414,0.008333428762853146,0.005892000161111355,0.0038410851266235113
SEEDV_Q1_SAFE_SESSION2_16sub.npz,2,1,Fear,AF4,Frontal,5888,0.019569948315620422,0.008923289366066456,0.00546268979087472,0.00359064107760787
SEEDV_Q1_SAFE_SESSION2_16sub.npz,2,1,Fear,F7,Frontal,5888,0.01366520393639803,0.007393016014248133,0.005129155237227678,0.0036371026653796434
SEEDV_Q1_SAFE_SESSION2_16sub.npz,2,1,Fear,F5,Frontal,5888,0.014878807589411736,0.008329691365361214,0.005477447062730789,0.003537137992680073
SEEDV_Q1_SAFE_SESSION2_16sub.npz,2,1,Fear,F3,Frontal,5888,0.017864998430013657,0.010365468449890614,0.006747715175151825,0.0037438722793012857
SEEDV_Q1_SAFE_SESSION2_16sub.npz,2,1,Fear,F1,Frontal,5888,0.022119034081697464,0.012553189881145954,0.005663895048201084,0.0025801444426178932
SEEDV_Q1_SAFE_SESSION2_16sub.npz,2,1,Fear,FZ,Frontal,5888,0.024947037920355797,0.014077262952923775,0.004985465668141842,0.0020875579211860895
SEEDV_Q1_SAFE_SESSION2_16sub.npz,2,1,Fear,F2,Frontal,5888,0.02308938466012478,0.013326778076589108,0.005374592263251543,0.0024990446399897337
SEEDV_Q1_SAFE_SESSION2_16sub.npz,2,1,Fear,F4,Frontal,5888,0.019581643864512444,0.011226974427700043,0.006899198982864618,0.003918694332242012
SEEDV_Q1_SAFE_SESSION2_16sub.npz,2,1,Fear,F6,Frontal,5888,0.015814483165740967,0.008906994946300983,0.006711650174111128,0.004670985974371433
SEEDV_Q1_SAFE_SESSION2_16sub.npz,2,1,Fear,F8,Frontal,5888,0.013653591275215149,0.007026925217360258,0.005372111219912767,0.004230509977787733
SEEDV_Q1_SAFE_SESSION2_16sub.npz,2,1,Fear,FT7,Temporal,5888,0.012927962467074394,0.008788138628005981,0.008591475896537304,0.007010165136307478
SEEDV_Q1_SAFE_SESSION2_16sub.npz,2,1,Fear,FC5,Frontal,5888,0.012814377434551716,0.009855909273028374,0.0089047159999609,0.006042609456926584
SEEDV_Q1_SAFE_SESSION2_16sub.npz,2,1,Fear,FC3,Frontal,5888,0.01761595346033573,0.014131943695247173,0.007199609186500311,0.0037652552127838135
SEEDV_Q1_SAFE_SESSION2_16sub.npz,2,1,Fear,FC1,Frontal,5888,0.02234658971428871,0.014605854637920856,0.0062911054119467735,0.0027959176804870367
SEEDV_Q1_SAFE_SESSION2_16sub.npz,2,1,Fear,FCZ,Frontal,5888,0.02698790468275547,0.015582197345793247,0.005434740800410509,0.002290727337822318
SEEDV_Q1_SAFE_SESSION2_16sub.npz,2,1,Fear,FC2,Frontal,5888,0.023437097668647766,0.014676855877041817,0.005730192642658949,0.00259793340228498
SEEDV_Q1_SAFE_SESSION2_16sub.npz,2,1,Fear,FC4,Frontal,5888,0.019178356975317,0.013846810907125473,0.0069634499959647655,0.003711492056027055
SEEDV_Q1_SAFE_SESSION2_16sub.npz,2,1,Fear,FC6,Frontal,5888,0.014154219068586826,0.010489415377378464,0.007485213223844767,0.005186436232179403
SEEDV_Q1_SAFE_SESSION2_16sub.npz,2,1,Fear,FT8,Temporal,5888,0.01227564550936222,0.008454577066004276,0.007641647011041641,0.006325260736048222
SEEDV_Q1_SAFE_SESSION2_16sub.npz,2,1,Fear,T7,Temporal,5888,0.01153466198593378,0.008692674338817596,0.012713403441011906,0.011485232040286064
SEEDV_Q1_SAFE_SESSION2_16sub.npz,2,1,Fear,C5,Central/Motor,5888,0.014272555708885193,0.012257175520062447,0.008857992477715015,0.006204829551279545
SEEDV_Q1_SAFE_SESSION2_16sub.npz,2,1,Fear,C3,Central/Motor,5888,0.016139497980475426,0.01671462692320347,0.007248883135616779,0.003818041877821088
SEEDV_Q1_SAFE_SESSION2_16sub.npz,2,1,Fear,C1,Central/Motor,5888,0.020427502691745758,0.016233913600444794,0.005725736264139414,0.0024688157718628645
SEEDV_Q1_SAFE_SESSION2_16sub.npz,2,1,Fear,CZ,Central/Motor,5888,0.023984603583812714,0.01448303647339344,0.004996851552277803,0.0021126382052898407
SEEDV_Q1_SAFE_SESSION2_16sub.npz,2,1,Fear,C2,Central/Motor,5888,0.02173095941543579,0.015046143904328346,0.005463747773319483,0.0022513610310852528
SEEDV_Q1_SAFE_SESSION2_16sub.npz,2,1,Fear,C4,Central/Motor,5888,0.01704811118543148,0.01675577647984028,0.007307383697479963,0.0038276067934930325
SEEDV_Q1_SAFE_SESSION2_16sub.npz,2,1,Fear,C6,Central/Motor,5888,0.013585710898041725,0.01276819221675396,0.008719341829419136,0.006020676344633102
SEEDV_Q1_SAFE_SESSION2_16sub.npz,2,1,Fear,T8,Temporal,5888,0.011882715858519077,0.009175765328109264,0.011081005446612835,0.009685123339295387
SEEDV_Q1_SAFE_SESSION2_16sub.npz,2,1,Fear,TP7,Temporal,5888,0.01696489192545414,0.01100691594183445,0.0080235181376338,0.0062805889174342155
SEEDV_Q1_SAFE_SESSION2_16sub.npz,2,1,Fear,CP5,Parietal,5888,0.01655774749815464,0.013029659166932106,0.007107587065547705,0.004553664475679398
SEEDV_Q1_SAFE_SESSION2_16sub.npz,2,1,Fear,CP3,Parietal,5888,0.01643015444278717,0.015303594060242176,0.006164474878460169,0.003107856260612607
SEEDV_Q1_SAFE_SESSION2_16sub.npz,2,1,Fear,CP1,Parietal,5888,0.018294665962457657,0.015858007594943047,0.005101058166474104,0.002143068937584758
SEEDV_Q1_SAFE_SESSION2_16sub.npz,2,1,Fear,CPZ,Parietal,5888,0.020779745653271675,0.014187588356435299,0.004330766852945089,0.0015856859972700477
SEEDV_Q1_SAFE_SESSION2_16sub.npz,2,1,Fear,CP2,Parietal,5888,0.019506029784679413,0.014881011098623276,0.004669913090765476,0.0016672980273142457
SEEDV_Q1_SAFE_SESSION2_16sub.npz,2,1,Fear,CP4,Parietal,5888,0.017277462407946587,0.015505606308579445,0.006027797237038612,0.0030124643817543983
SEEDV_Q1_SAFE_SESSION2_16sub.npz,2,1,Fear,CP6,Parietal,5888,0.015649814158678055,0.012982785701751709,0.00678187794983387,0.004710319451987743
SEEDV_Q1_SAFE_SESSION2_16sub.npz,2,1,Fear,TP8,Temporal,5888,0.013996532186865807,0.010205745697021484,0.010149052366614342,0.008443217724561691
SEEDV_Q1_SAFE_SESSION2_16sub.npz,2,1,Fear,P7,Parietal,5888,0.01756410300731659,0.011839941143989563,0.007032245863229036,0.0053093512542545795
SEEDV_Q1_SAFE_SESSION2_16sub.npz,2,1,Fear,P5,Parietal,5888,0.017263855785131454,0.013281598687171936,0.007000718731433153,0.004578997381031513
SEEDV_Q1_SAFE_SESSION2_16sub.npz,2,1,Fear,P3,Parietal,5888,0.01736263558268547,0.01361861638724804,0.0059689064510166645,0.0033826713915914297
SEEDV_Q1_SAFE_SESSION2_16sub.npz,2,1,Fear,P1,Parietal,5888,0.019357670098543167,0.013651997782289982,0.004569086711853743,0.001933988998644054
SEEDV_Q1_SAFE_SESSION2_16sub.npz,2,1,Fear,PZ,Parietal,5888,0.021258626133203506,0.013274533674120903,0.004209762904793024,0.00148333131801337
SEEDV_Q1_SAFE_SESSION2_16sub.npz,2,1,Fear,P2,Parietal,5888,0.02030728943645954,0.013818478211760521,0.004300604108721018,0.0014824928948655725
SEEDV_Q1_SAFE_SESSION2_16sub.npz,2,1,Fear,P4,Parietal,5888,0.0179881788790226,0.013823878951370716,0.005172115284949541,0.0027192109264433384
SEEDV_Q1_SAFE_SESSION2_16sub.npz,2,1,Fear,P6,Parietal,5888,0.01700039952993393,0.01254421379417181,0.005841291509568691,0.0037710624746978283
SEEDV_Q1_SAFE_SESSION2_16sub.npz,2,1,Fear,P8,Parietal,5888,0.016543224453926086,0.01108479406684637,0.0071510011330246925,0.005320868454873562
SEEDV_Q1_SAFE_SESSION2_16sub.npz,2,1,Fear,PO7,Occipital,5888,0.017177114263176918,0.011712947860360146,0.007038424257189035,0.00549751752987504
SEEDV_Q1_SAFE_SESSION2_16sub.npz,2,1,Fear,PO5,Occipital,5888,0.017787817865610123,0.012710013426840305,0.006542283110320568,0.004701866302639246
SEEDV_Q1_SAFE_SESSION2_16sub.npz,2,1,Fear,PO3,Occipital,5888,0.0192628912627697,0.012492308393120766,0.0053333197720348835,0.003383500501513481
SEEDV_Q1_SAFE_SESSION2_16sub.npz,2,1,Fear,POZ,Occipital,5888,0.02131391130387783,0.011871491558849812,0.004602766130119562,0.002340140752494335
SEEDV_Q1_SAFE_SESSION2_16sub.npz,2,1,Fear,PO4,Occipital,5888,0.020048338919878006,0.013096895068883896,0.005002208519726992,0.0024631284177303314
SEEDV_Q1_SAFE_SESSION2_16sub.npz,2,1,Fear,PO6,Occipital,5888,0.018965164199471474,0.01263862382620573,0.0050976756028831005,0.0028507064562290907
SEEDV_Q1_SAFE_SESSION2_16sub.npz,2,1,Fear,PO8,Occipital,5888,0.017577731981873512,0.011513207107782364,0.00659655686467886,0.0042597949504852295
SEEDV_Q1_SAFE_SESSION2_16sub.npz,2,1,Fear,CB1,Occipital,5888,0.018890950828790665,0.01039529126137495,0.006404749117791653,0.005066611338406801
SEEDV_Q1_SAFE_SESSION2_16sub.npz,2,1,Fear,O1,Occipital,5888,0.018137240782380104,0.010891060344874859,0.0063581159338355064,0.0049536144360899925
SEEDV_Q1_SAFE_SESSION2_16sub.npz,2,1,Fear,OZ,Occipital,5888,0.019093617796897888,0.010591537691652775,0.005469192750751972,0.003843575483188033
SEEDV_Q1_SAFE_SESSION2_16sub.npz,2,1,Fear,O2,Occipital,5888,0.018589694052934647,0.011079130694270134,0.0054480647668242455,0.003710524644702673
SEEDV_Q1_SAFE_SESSION2_16sub.npz,2,1,Fear,CB2,Occipital,5888,0.01835390366613865,0.009842601604759693,0.0057210493832826614,0.004519298672676086
SEEDV_Q1_SAFE_SESSION2_16sub.npz,2,2,Sad,FP1,Frontal,8976,0.015970785170793533,0.00624175276607275,0.005711185745894909,0.003975923638790846
SEEDV_Q1_SAFE_SESSION2_16sub.npz,2,2,Sad,FPZ,Frontal,8976,0.017849352210760117,0.006906414870172739,0.004335836041718721,0.0033571342937648296
SEEDV_Q1_SAFE_SESSION2_16sub.npz,2,2,Sad,FP2,Frontal,8976,0.016247374936938286,0.006543723400682211,0.005693236365914345,0.004467114806175232
SEEDV_Q1_SAFE_SESSION2_16sub.npz,2,2,Sad,AF3,Frontal,8976,0.0182181466370821,0.00874150637537241,0.005349103827029467,0.0032793674618005753
SEEDV_Q1_SAFE_SESSION2_16sub.npz,2,2,Sad,AF4,Frontal,8976,0.01913830265402794,0.009490210562944412,0.005196941550821066,0.0031136570032685995
SEEDV_Q1_SAFE_SESSION2_16sub.npz,2,2,Sad,F7,Frontal,8976,0.013335072435438633,0.007069384213536978,0.004328131675720215,0.0027729675639420748
SEEDV_Q1_SAFE_SESSION2_16sub.npz,2,2,Sad,F5,Frontal,8976,0.014957552775740623,0.008384707383811474,0.004999835975468159,0.00292567303404212
SEEDV_Q1_SAFE_SESSION2_16sub.npz,2,2,Sad,F3,Frontal,8976,0.018234597519040108,0.010869454592466354,0.006284098140895367,0.003028758568689227
SEEDV_Q1_SAFE_SESSION2_16sub.npz,2,2,Sad,F1,Frontal,8976,0.022770149633288383,0.013649944216012955,0.005522620398551226,0.0020565581507980824
SEEDV_Q1_SAFE_SESSION2_16sub.npz,2,2,Sad,FZ,Frontal,8976,0.02550175040960312,0.015337067656219006,0.004938632249832153,0.0016433795681223273
SEEDV_Q1_SAFE_SESSION2_16sub.npz,2,2,Sad,F2,Frontal,8976,0.023468786850571632,0.014516148716211319,0.0052039907313883305,0.0018903628224506974
SEEDV_Q1_SAFE_SESSION2_16sub.npz,2,2,Sad,F4,Frontal,8976,0.02033909223973751,0.012490569613873959,0.006477387621998787,0.003041822463274002
SEEDV_Q1_SAFE_SESSION2_16sub.npz,2,2,Sad,F6,Frontal,8976,0.016462571918964386,0.009734579361975193,0.006232971325516701,0.0037820308934897184
SEEDV_Q1_SAFE_SESSION2_16sub.npz,2,2,Sad,F8,Frontal,8976,0.013856727629899979,0.00762822525575757,0.00494425417855382,0.0034694508649408817
SEEDV_Q1_SAFE_SESSION2_16sub.npz,2,2,Sad,FT7,Temporal,8976,0.013252724893391132,0.008623623289167881,0.007448362186551094,0.005865287035703659
SEEDV_Q1_SAFE_SESSION2_16sub.npz,2,2,Sad,FC5,Frontal,8976,0.013383151032030582,0.010359461419284344,0.007981560193002224,0.005058102309703827
SEEDV_Q1_SAFE_SESSION2_16sub.npz,2,2,Sad,FC3,Frontal,8976,0.018310517072677612,0.01561515498906374,0.006828788667917252,0.0030679244082421064
SEEDV_Q1_SAFE_SESSION2_16sub.npz,2,2,Sad,FC1,Frontal,8976,0.023189060389995575,0.016300328075885773,0.00610349839553237,0.0022346486803144217
SEEDV_Q1_SAFE_SESSION2_16sub.npz,2,2,Sad,FCZ,Frontal,8976,0.027474673464894295,0.016946198418736458,0.00539712468162179,0.0018258173950016499
SEEDV_Q1_SAFE_SESSION2_16sub.npz,2,2,Sad,FC2,Frontal,8976,0.024468248710036278,0.01608203910291195,0.005749830044806004,0.002093041315674782
SEEDV_Q1_SAFE_SESSION2_16sub.npz,2,2,Sad,FC4,Frontal,8976,0.02023005671799183,0.015346805565059185,0.006686071865260601,0.0030119053553789854
SEEDV_Q1_SAFE_SESSION2_16sub.npz,2,2,Sad,FC6,Frontal,8976,0.015112724155187607,0.011762462556362152,0.006924873683601618,0.004013777710497379
SEEDV_Q1_SAFE_SESSION2_16sub.npz,2,2,Sad,FT8,Temporal,8976,0.013259737752377987,0.009385294280946255,0.0068714190274477005,0.004807409830391407
SEEDV_Q1_SAFE_SESSION2_16sub.npz,2,2,Sad,T7,Temporal,8976,0.012218063697218895,0.008813127875328064,0.011203662492334843,0.009738613851368427
SEEDV_Q1_SAFE_SESSION2_16sub.npz,2,2,Sad,C5,Central/Motor,8976,0.014760445803403854,0.013067447580397129,0.007946762256324291,0.004948277957737446
SEEDV_Q1_SAFE_SESSION2_16sub.npz,2,2,Sad,C3,Central/Motor,8976,0.0170111246407032,0.018869515508413315,0.00714630912989378,0.0031667158473283052
SEEDV_Q1_SAFE_SESSION2_16sub.npz,2,2,Sad,C1,Central/Motor,8976,0.021381594240665436,0.018430739641189575,0.005863982252776623,0.002051837742328644
SEEDV_Q1_SAFE_SESSION2_16sub.npz,2,2,Sad,CZ,Central/Motor,8976,0.024639170616865158,0.01621786132454872,0.005089304875582457,0.0017562528373673558
SEEDV_Q1_SAFE_SESSION2_16sub.npz,2,2,Sad,C2,Central/Motor,8976,0.02197073958814144,0.01651615835726261,0.005423183552920818,0.0018865717574954033
SEEDV_Q1_SAFE_SESSION2_16sub.npz,2,2,Sad,C4,Central/Motor,8976,0.017639489844441414,0.01864173263311386,0.006941977422684431,0.0031149620190262794
SEEDV_Q1_SAFE_SESSION2_16sub.npz,2,2,Sad,C6,Central/Motor,8976,0.014701961539685726,0.014177733100950718,0.007918452844023705,0.00465239817276597
SEEDV_Q1_SAFE_SESSION2_16sub.npz,2,2,Sad,T8,Temporal,8976,0.012868192046880722,0.009984740987420082,0.009822241961956024,0.00792333297431469
SEEDV_Q1_SAFE_SESSION2_16sub.npz,2,2,Sad,TP7,Temporal,8976,0.017242582514882088,0.011317169293761253,0.007582095451653004,0.005272848065942526
SEEDV_Q1_SAFE_SESSION2_16sub.npz,2,2,Sad,CP5,Parietal,8976,0.016899269074201584,0.014265852980315685,0.006401223596185446,0.0034373304806649685
SEEDV_Q1_SAFE_SESSION2_16sub.npz,2,2,Sad,CP3,Parietal,8976,0.017509514465928078,0.01733872853219509,0.006119873374700546,0.0025649364106357098
SEEDV_Q1_SAFE_SESSION2_16sub.npz,2,2,Sad,CP1,Parietal,8976,0.0192561075091362,0.017857814207673073,0.0052094049751758575,0.0018189649563282728
SEEDV_Q1_SAFE_SESSION2_16sub.npz,2,2,Sad,CPZ,Parietal,8976,0.021327678114175797,0.01574733667075634,0.004441120661795139,0.0013471400598064065
SEEDV_Q1_SAFE_SESSION2_16sub.npz,2,2,Sad,CP2,Parietal,8976,0.019802099093794823,0.015948230400681496,0.00469222292304039,0.0014380804495885968
SEEDV_Q1_SAFE_SESSION2_16sub.npz,2,2,Sad,CP4,Parietal,8976,0.01795196160674095,0.017145991325378418,0.005783879663795233,0.0024294666945934296
SEEDV_Q1_SAFE_SESSION2_16sub.npz,2,2,Sad,CP6,Parietal,8976,0.01652120240032673,0.014159072190523148,0.006410707253962755,0.0037904123309999704
SEEDV_Q1_SAFE_SESSION2_16sub.npz,2,2,Sad,TP8,Temporal,8976,0.015004712156951427,0.01088878232985735,0.009236716665327549,0.007087777368724346
SEEDV_Q1_SAFE_SESSION2_16sub.npz,2,2,Sad,P7,Parietal,8976,0.01820666715502739,0.012249438092112541,0.006493446882814169,0.004084050189703703
SEEDV_Q1_SAFE_SESSION2_16sub.npz,2,2,Sad,P5,Parietal,8976,0.01839444600045681,0.015023471787571907,0.006674932781606913,0.0036483542062342167
SEEDV_Q1_SAFE_SESSION2_16sub.npz,2,2,Sad,P3,Parietal,8976,0.018438566476106644,0.016009720042347908,0.005912427790462971,0.0028307896573096514
SEEDV_Q1_SAFE_SESSION2_16sub.npz,2,2,Sad,P1,Parietal,8976,0.020558446645736694,0.015833646059036255,0.004653739742934704,0.0016314033418893814
SEEDV_Q1_SAFE_SESSION2_16sub.npz,2,2,Sad,PZ,Parietal,8976,0.022507674992084503,0.014714442193508148,0.004260140471160412,0.0012185780797153711
SEEDV_Q1_SAFE_SESSION2_16sub.npz,2,2,Sad,P2,Parietal,8976,0.02164679765701294,0.01510650385171175,0.004332344047725201,0.0012813968351110816
SEEDV_Q1_SAFE_SESSION2_16sub.npz,2,2,Sad,P4,Parietal,8976,0.01939677633345127,0.015071522444486618,0.005122802685946226,0.002211323706433177
SEEDV_Q1_SAFE_SESSION2_16sub.npz,2,2,Sad,P6,Parietal,8976,0.017985060811042786,0.013433425687253475,0.00569956237450242,0.0030793258920311928
SEEDV_Q1_SAFE_SESSION2_16sub.npz,2,2,Sad,P8,Parietal,8976,0.017284678295254707,0.011580236256122589,0.0066427611745893955,0.0041387262754142284
SEEDV_Q1_SAFE_SESSION2_16sub.npz,2,2,Sad,PO7,Occipital,8976,0.018097463995218277,0.012028289958834648,0.006600332446396351,0.004268121439963579
SEEDV_Q1_SAFE_SESSION2_16sub.npz,2,2,Sad,PO5,Occipital,8976,0.019510192796587944,0.013602412305772305,0.0059381346218287945,0.0034687418956309557
SEEDV_Q1_SAFE_SESSION2_16sub.npz,2,2,Sad,PO3,Occipital,8976,0.021098176017403603,0.013978652656078339,0.005163243506103754,0.0026766296941787004
SEEDV_Q1_SAFE_SESSION2_16sub.npz,2,2,Sad,POZ,Occipital,8976,0.023699108511209488,0.012887160293757915,0.0043342928402125835,0.0016504140803590417
SEEDV_Q1_SAFE_SESSION2_16sub.npz,2,2,Sad,PO4,Occipital,8976,0.022676769644021988,0.013891184702515602,0.0046218023635447025,0.0017280133906751871
SEEDV_Q1_SAFE_SESSION2_16sub.npz,2,2,Sad,PO6,Occipital,8976,0.020440664142370224,0.01325319055467844,0.0048122163861989975,0.0020413235761225224
SEEDV_Q1_SAFE_SESSION2_16sub.npz,2,2,Sad,PO8,Occipital,8976,0.018702307716012,0.012369475327432156,0.0062813241966068745,0.003384783398360014
SEEDV_Q1_SAFE_SESSION2_16sub.npz,2,2,Sad,CB1,Occipital,8976,0.019609253853559494,0.010218929499387741,0.0058363997377455235,0.0037961171474307775
SEEDV_Q1_SAFE_SESSION2_16sub.npz,2,2,Sad,O1,Occipital,8976,0.01903771236538887,0.010807773098349571,0.00585159519687295,0.003873429261147976
SEEDV_Q1_SAFE_SESSION2_16sub.npz,2,2,Sad,OZ,Occipital,8976,0.02081185020506382,0.010395185090601444,0.004961013328284025,0.002697041956707835
SEEDV_Q1_SAFE_SESSION2_16sub.npz,2,2,Sad,O2,Occipital,8976,0.01976938173174858,0.010873362421989441,0.004837599117308855,0.0025687487795948982
SEEDV_Q1_SAFE_SESSION2_16sub.npz,2,2,Sad,CB2,Occipital,8976,0.01908421516418457,0.00953314732760191,0.005215703975409269,0.0032086907885968685
SEEDV_Q1_SAFE_SESSION2_16sub.npz,2,3,Neutral,FP1,Frontal,7488,0.014586258679628372,0.0052633509039878845,0.004560796543955803,0.0036824883427470922
SEEDV_Q1_SAFE_SESSION2_16sub.npz,2,3,Neutral,FPZ,Frontal,7488,0.016849087551236153,0.005965766496956348,0.002936889650300145,0.002244075294584036
SEEDV_Q1_SAFE_SESSION2_16sub.npz,2,3,Neutral,FP2,Frontal,7488,0.015782494097948074,0.0056658582761883736,0.004260438494384289,0.0030368007719516754
SEEDV_Q1_SAFE_SESSION2_16sub.npz,2,3,Neutral,AF3,Frontal,7488,0.016752105206251144,0.007674851920455694,0.004371325019747019,0.0028922141063958406
SEEDV_Q1_SAFE_SESSION2_16sub.npz,2,3,Neutral,AF4,Frontal,7488,0.01852549985051155,0.008336576633155346,0.0043558538891375065,0.0025510999839752913
SEEDV_Q1_SAFE_SESSION2_16sub.npz,2,3,Neutral,F7,Frontal,7488,0.012805098667740822,0.006741102319210768,0.003971900325268507,0.0033425046131014824
SEEDV_Q1_SAFE_SESSION2_16sub.npz,2,3,Neutral,F5,Frontal,7488,0.013924304395914078,0.007850851863622665,0.004364208783954382,0.0030938410200178623
SEEDV_Q1_SAFE_SESSION2_16sub.npz,2,3,Neutral,F3,Frontal,7488,0.016738858073949814,0.009971276856958866,0.005978258326649666,0.0036110980436205864
SEEDV_Q1_SAFE_SESSION2_16sub.npz,2,3,Neutral,F1,Frontal,7488,0.021757613867521286,0.012626511044800282,0.00502723129466176,0.0021071063820272684
SEEDV_Q1_SAFE_SESSION2_16sub.npz,2,3,Neutral,FZ,Frontal,7488,0.025219092145562172,0.014347505755722523,0.0045436229556798935,0.0015820373082533479
SEEDV_Q1_SAFE_SESSION2_16sub.npz,2,3,Neutral,F2,Frontal,7488,0.023451481014490128,0.013398411683738232,0.004795066546648741,0.0017886741552501917
SEEDV_Q1_SAFE_SESSION2_16sub.npz,2,3,Neutral,F4,Frontal,7488,0.019810723140835762,0.011456322856247425,0.0059798299334943295,0.0028830161318182945
SEEDV_Q1_SAFE_SESSION2_16sub.npz,2,3,Neutral,F6,Frontal,7488,0.01608564518392086,0.009112587198615074,0.005672036670148373,0.0033091928344219923
SEEDV_Q1_SAFE_SESSION2_16sub.npz,2,3,Neutral,F8,Frontal,7488,0.013001451268792152,0.007058650720864534,0.004423303063958883,0.00305393198505044
SEEDV_Q1_SAFE_SESSION2_16sub.npz,2,3,Neutral,FT7,Temporal,7488,0.01295829564332962,0.008750641718506813,0.006626815535128117,0.0056060198694467545
SEEDV_Q1_SAFE_SESSION2_16sub.npz,2,3,Neutral,FC5,Frontal,7488,0.012865040451288223,0.010303808376193047,0.007239768281579018,0.004859025590121746
SEEDV_Q1_SAFE_SESSION2_16sub.npz,2,3,Neutral,FC3,Frontal,7488,0.017577601596713066,0.015194695442914963,0.006573258899152279,0.0033204746432602406
SEEDV_Q1_SAFE_SESSION2_16sub.npz,2,3,Neutral,FC1,Frontal,7488,0.022540796548128128,0.016316263005137444,0.005942558869719505,0.002483604708686471
SEEDV_Q1_SAFE_SESSION2_16sub.npz,2,3,Neutral,FCZ,Frontal,7488,0.027328521013259888,0.016944650560617447,0.00512593612074852,0.0018366217846050858
SEEDV_Q1_SAFE_SESSION2_16sub.npz,2,3,Neutral,FC2,Frontal,7488,0.024744540452957153,0.015767263248562813,0.005392136052250862,0.0020306012593209743
SEEDV_Q1_SAFE_SESSION2_16sub.npz,2,3,Neutral,FC4,Frontal,7488,0.020415322855114937,0.015222867019474506,0.006259174086153507,0.002726911101490259
SEEDV_Q1_SAFE_SESSION2_16sub.npz,2,3,Neutral,FC6,Frontal,7488,0.014699682593345642,0.011511285789310932,0.0064452472142875195,0.0038328140508383512
SEEDV_Q1_SAFE_SESSION2_16sub.npz,2,3,Neutral,FT8,Temporal,7488,0.01271803118288517,0.009202947840094566,0.005817359313368797,0.004084489773958921
SEEDV_Q1_SAFE_SESSION2_16sub.npz,2,3,Neutral,T7,Temporal,7488,0.011651881970465183,0.008911261335015297,0.01007628720253706,0.008590636774897575
SEEDV_Q1_SAFE_SESSION2_16sub.npz,2,3,Neutral,C5,Central/Motor,7488,0.013972098007798195,0.01307418942451477,0.008092856965959072,0.0053223371505737305
SEEDV_Q1_SAFE_SESSION2_16sub.npz,2,3,Neutral,C3,Central/Motor,7488,0.015795735642313957,0.01824367418885231,0.007107608951628208,0.0033679818734526634
SEEDV_Q1_SAFE_SESSION2_16sub.npz,2,3,Neutral,C1,Central/Motor,7488,0.020487569272518158,0.018629850819706917,0.005705068353563547,0.002176381414756179
SEEDV_Q1_SAFE_SESSION2_16sub.npz,2,3,Neutral,CZ,Central/Motor,7488,0.024407636374235153,0.016962990164756775,0.004902627784758806,0.0017413104651495814
SEEDV_Q1_SAFE_SESSION2_16sub.npz,2,3,Neutral,C2,Central/Motor,7488,0.02197042480111122,0.016927488148212433,0.005313728004693985,0.0018545463681221008
SEEDV_Q1_SAFE_SESSION2_16sub.npz,2,3,Neutral,C4,Central/Motor,7488,0.01727059669792652,0.018370697274804115,0.006717872340232134,0.002855433151125908
SEEDV_Q1_SAFE_SESSION2_16sub.npz,2,3,Neutral,C6,Central/Motor,7488,0.01441442035138607,0.013978870585560799,0.007208577822893858,0.00416052108630538
SEEDV_Q1_SAFE_SESSION2_16sub.npz,2,3,Neutral,T8,Temporal,7488,0.012491480447351933,0.010068726725876331,0.008602885529398918,0.006860832683742046
SEEDV_Q1_SAFE_SESSION2_16sub.npz,2,3,Neutral,TP7,Temporal,7488,0.016397852450609207,0.01131390780210495,0.006644283886998892,0.004631661344319582
SEEDV_Q1_SAFE_SESSION2_16sub.npz,2,3,Neutral,CP5,Parietal,7488,0.01597360521554947,0.0140928840264678,0.006649782415479422,0.003868184518069029
SEEDV_Q1_SAFE_SESSION2_16sub.npz,2,3,Neutral,CP3,Parietal,7488,0.01655711606144905,0.016817055642604828,0.0059672631323337555,0.0026622351724654436
SEEDV_Q1_SAFE_SESSION2_16sub.npz,2,3,Neutral,CP1,Parietal,7488,0.018357053399086,0.01743907667696476,0.004844765178859234,0.0017340878257527947
SEEDV_Q1_SAFE_SESSION2_16sub.npz,2,3,Neutral,CPZ,Parietal,7488,0.020719924941658974,0.016326608136296272,0.0042624338530004025,0.0012982680927962065
SEEDV_Q1_SAFE_SESSION2_16sub.npz,2,3,Neutral,CP2,Parietal,7488,0.019035955891013145,0.016204463317990303,0.0046190302819013596,0.0014129886403679848
SEEDV_Q1_SAFE_SESSION2_16sub.npz,2,3,Neutral,CP4,Parietal,7488,0.016812346875667572,0.01652740128338337,0.0055933459661901,0.0022730978671461344
SEEDV_Q1_SAFE_SESSION2_16sub.npz,2,3,Neutral,CP6,Parietal,7488,0.015853779390454292,0.014014423824846745,0.006039109546691179,0.0034508698154240847
SEEDV_Q1_SAFE_SESSION2_16sub.npz,2,3,Neutral,TP8,Temporal,7488,0.015138582326471806,0.011330097913742065,0.007862895727157593,0.0057885292917490005
SEEDV_Q1_SAFE_SESSION2_16sub.npz,2,3,Neutral,P7,Parietal,7488,0.017857613041996956,0.012402605265378952,0.005918059032410383,0.0036917768884450197
SEEDV_Q1_SAFE_SESSION2_16sub.npz,2,3,Neutral,P5,Parietal,7488,0.01844976283609867,0.014487316831946373,0.006200228817760944,0.0032877367921173573
SEEDV_Q1_SAFE_SESSION2_16sub.npz,2,3,Neutral,P3,Parietal,7488,0.018757792189717293,0.015442308969795704,0.005412288010120392,0.00251852092333138
SEEDV_Q1_SAFE_SESSION2_16sub.npz,2,3,Neutral,P1,Parietal,7488,0.021008344367146492,0.015447051264345646,0.004156237002462149,0.001359832240268588
SEEDV_Q1_SAFE_SESSION2_16sub.npz,2,3,Neutral,PZ,Parietal,7488,0.022952532395720482,0.015281593427062035,0.003959228750318289,0.001083653187379241
SEEDV_Q1_SAFE_SESSION2_16sub.npz,2,3,Neutral,P2,Parietal,7488,0.021145988255739212,0.014887292869389057,0.004063616972416639,0.0011579236015677452
SEEDV_Q1_SAFE_SESSION2_16sub.npz,2,3,Neutral,P4,Parietal,7488,0.018656162545084953,0.01470780000090599,0.004766013938933611,0.0019469574326649308
SEEDV_Q1_SAFE_SESSION2_16sub.npz,2,3,Neutral,P6,Parietal,7488,0.01799253560602665,0.013505476526916027,0.00528570543974638,0.0026989656034857035
SEEDV_Q1_SAFE_SESSION2_16sub.npz,2,3,Neutral,P8,Parietal,7488,0.017445901408791542,0.011839257553219795,0.006169352680444717,0.003801766550168395
SEEDV_Q1_SAFE_SESSION2_16sub.npz,2,3,Neutral,PO7,Occipital,7488,0.01786249689757824,0.011658433824777603,0.005918649956583977,0.0037497917655855417
SEEDV_Q1_SAFE_SESSION2_16sub.npz,2,3,Neutral,PO5,Occipital,7488,0.01978997513651848,0.01308757346123457,0.005132619757205248,0.0029004623647779226
SEEDV_Q1_SAFE_SESSION2_16sub.npz,2,3,Neutral,PO3,Occipital,7488,0.02217925526201725,0.013369888067245483,0.0043249307200312614,0.0020109324250370264
SEEDV_Q1_SAFE_SESSION2_16sub.npz,2,3,Neutral,POZ,Occipital,7488,0.02471940591931343,0.013256915844976902,0.003825644962489605,0.0013000288745388389
SEEDV_Q1_SAFE_SESSION2_16sub.npz,2,3,Neutral,PO4,Occipital,7488,0.022453827783465385,0.013859833590686321,0.004251047503203154,0.0014386357506737113
SEEDV_Q1_SAFE_SESSION2_16sub.npz,2,3,Neutral,PO6,Occipital,7488,0.020402582362294197,0.013401228003203869,0.004435038194060326,0.0017001016531139612
SEEDV_Q1_SAFE_SESSION2_16sub.npz,2,3,Neutral,PO8,Occipital,7488,0.01848744787275791,0.012443291023373604,0.005602852441370487,0.0029761421028524637
SEEDV_Q1_SAFE_SESSION2_16sub.npz,2,3,Neutral,CB1,Occipital,7488,0.01875503547489643,0.009623562917113304,0.004853007849305868,0.0029960907995700836
SEEDV_Q1_SAFE_SESSION2_16sub.npz,2,3,Neutral,O1,Occipital,7488,0.019438207149505615,0.010336123406887054,0.004968937020748854,0.003132103243842721
SEEDV_Q1_SAFE_SESSION2_16sub.npz,2,3,Neutral,OZ,Occipital,7488,0.02089371532201767,0.01010732352733612,0.004197204019874334,0.0021408749744296074
SEEDV_Q1_SAFE_SESSION2_16sub.npz,2,3,Neutral,O2,Occipital,7488,0.01956179551780224,0.010711569339036942,0.0042617833241820335,0.0021344309207051992
SEEDV_Q1_SAFE_SESSION2_16sub.npz,2,3,Neutral,CB2,Occipital,7488,0.018020283430814743,0.009217577055096626,0.004464003723114729,0.002817987697198987
SEEDV_Q1_SAFE_SESSION2_16sub.npz,2,4,Happy,FP1,Frontal,4656,0.01806563138961792,0.006641291081905365,0.005815048702061176,0.004250446334481239
SEEDV_Q1_SAFE_SESSION2_16sub.npz,2,4,Happy,FPZ,Frontal,4656,0.0204627588391304,0.0072964997962117195,0.004137807060033083,0.002874955767765641
SEEDV_Q1_SAFE_SESSION2_16sub.npz,2,4,Happy,FP2,Frontal,4656,0.01883563958108425,0.0069264634512364864,0.005302950274199247,0.003925868775695562
SEEDV_Q1_SAFE_SESSION2_16sub.npz,2,4,Happy,AF3,Frontal,4656,0.019573122262954712,0.008654610253870487,0.005669958423823118,0.0035885160323232412
SEEDV_Q1_SAFE_SESSION2_16sub.npz,2,4,Happy,AF4,Frontal,4656,0.02041829377412796,0.009123108349740505,0.005377176683396101,0.003305990481749177
SEEDV_Q1_SAFE_SESSION2_16sub.npz,2,4,Happy,F7,Frontal,4656,0.013385261408984661,0.006451716180890799,0.004395769909024239,0.0033642593771219254
SEEDV_Q1_SAFE_SESSION2_16sub.npz,2,4,Happy,F5,Frontal,4656,0.014927547425031662,0.007642989046871662,0.00522027350962162,0.0037730748299509287
SEEDV_Q1_SAFE_SESSION2_16sub.npz,2,4,Happy,F3,Frontal,4656,0.018404709175229073,0.009876447729766369,0.006647520232945681,0.003883309429511428
SEEDV_Q1_SAFE_SESSION2_16sub.npz,2,4,Happy,F1,Frontal,4656,0.023242583498358727,0.01252736710011959,0.0057793473824858665,0.0026098249945789576
SEEDV_Q1_SAFE_SESSION2_16sub.npz,2,4,Happy,FZ,Frontal,4656,0.025659868493676186,0.01410352997481823,0.00507347472012043,0.002052508993074298
SEEDV_Q1_SAFE_SESSION2_16sub.npz,2,4,Happy,F2,Frontal,4656,0.023809250444173813,0.013339189812541008,0.005312517285346985,0.0022419081069529057
SEEDV_Q1_SAFE_SESSION2_16sub.npz,2,4,Happy,F4,Frontal,4656,0.02015889249742031,0.01119199488312006,0.00654899887740612,0.0034317318350076675
SEEDV_Q1_SAFE_SESSION2_16sub.npz,2,4,Happy,F6,Frontal,4656,0.016648119315505028,0.00867600366473198,0.006259046494960785,0.004150767344981432
SEEDV_Q1_SAFE_SESSION2_16sub.npz,2,4,Happy,F8,Frontal,4656,0.013671265915036201,0.006467565428465605,0.004971461836248636,0.0039917221292853355
SEEDV_Q1_SAFE_SESSION2_16sub.npz,2,4,Happy,FT7,Temporal,4656,0.011542300693690777,0.007354517001658678,0.008081047795712948,0.007687896490097046
SEEDV_Q1_SAFE_SESSION2_16sub.npz,2,4,Happy,FC5,Frontal,4656,0.01214758399873972,0.008993824012577534,0.008405317552387714,0.006743176840245724
SEEDV_Q1_SAFE_SESSION2_16sub.npz,2,4,Happy,FC3,Frontal,4656,0.017710480839014053,0.013966278173029423,0.007284240797162056,0.00424659438431263
SEEDV_Q1_SAFE_SESSION2_16sub.npz,2,4,Happy,FC1,Frontal,4656,0.02267158031463623,0.01475247461348772,0.0064053963869810104,0.0030885518062859774
SEEDV_Q1_SAFE_SESSION2_16sub.npz,2,4,Happy,FCZ,Frontal,4656,0.02749817632138729,0.015987807884812355,0.005530048161745071,0.002362761879339814
SEEDV_Q1_SAFE_SESSION2_16sub.npz,2,4,Happy,FC2,Frontal,4656,0.02416849322617054,0.014859670773148537,0.005762671120464802,0.0024832705967128277
SEEDV_Q1_SAFE_SESSION2_16sub.npz,2,4,Happy,FC4,Frontal,4656,0.019574902951717377,0.013711794279515743,0.0067826672457158566,0.003506994340568781
SEEDV_Q1_SAFE_SESSION2_16sub.npz,2,4,Happy,FC6,Frontal,4656,0.01406693086028099,0.00987787451595068,0.007201658561825752,0.005224719177931547
SEEDV_Q1_SAFE_SESSION2_16sub.npz,2,4,Happy,FT8,Temporal,4656,0.012078347615897655,0.0075744278728961945,0.007067215163260698,0.006300989538431168
SEEDV_Q1_SAFE_SESSION2_16sub.npz,2,4,Happy,T7,Temporal,4656,0.010171414352953434,0.00741784879937768,0.011986431665718555,0.012328781187534332
SEEDV_Q1_SAFE_SESSION2_16sub.npz,2,4,Happy,C5,Central/Motor,4656,0.013302010484039783,0.01175747811794281,0.008463737554848194,0.0062630209140479565
SEEDV_Q1_SAFE_SESSION2_16sub.npz,2,4,Happy,C3,Central/Motor,4656,0.015674766153097153,0.01675732061266899,0.007510921452194452,0.0040954952128231525
SEEDV_Q1_SAFE_SESSION2_16sub.npz,2,4,Happy,C1,Central/Motor,4656,0.020793944597244263,0.01751275174319744,0.006280115805566311,0.0028331356588751078
SEEDV_Q1_SAFE_SESSION2_16sub.npz,2,4,Happy,CZ,Central/Motor,4656,0.024850700050592422,0.01562678813934326,0.005334857385605574,0.0023193941451609135
SEEDV_Q1_SAFE_SESSION2_16sub.npz,2,4,Happy,C2,Central/Motor,4656,0.02215448021888733,0.015696266666054726,0.005705090239644051,0.0023174500092864037
SEEDV_Q1_SAFE_SESSION2_16sub.npz,2,4,Happy,C4,Central/Motor,4656,0.016806984320282936,0.016785530373454094,0.00737534137442708,0.003877101931720972
SEEDV_Q1_SAFE_SESSION2_16sub.npz,2,4,Happy,C6,Central/Motor,4656,0.013292178511619568,0.012054692953824997,0.008752616122364998,0.006310557015240192
SEEDV_Q1_SAFE_SESSION2_16sub.npz,2,4,Happy,T8,Temporal,4656,0.011024697683751583,0.008326129987835884,0.010903852060437202,0.010390947572886944
SEEDV_Q1_SAFE_SESSION2_16sub.npz,2,4,Happy,TP7,Temporal,4656,0.015480980277061462,0.009761483408510685,0.008174402639269829,0.006872463971376419
SEEDV_Q1_SAFE_SESSION2_16sub.npz,2,4,Happy,CP5,Parietal,4656,0.016409646719694138,0.013025381602346897,0.00698309950530529,0.004618219565600157
SEEDV_Q1_SAFE_SESSION2_16sub.npz,2,4,Happy,CP3,Parietal,4656,0.01794642210006714,0.016306202858686447,0.006649968214333057,0.0034440266899764538
SEEDV_Q1_SAFE_SESSION2_16sub.npz,2,4,Happy,CP1,Parietal,4656,0.01994987390935421,0.016972439363598824,0.005647442769259214,0.002458323957398534
SEEDV_Q1_SAFE_SESSION2_16sub.npz,2,4,Happy,CPZ,Parietal,4656,0.022921809926629066,0.015716439113020897,0.004825826268643141,0.0017748498357832432
SEEDV_Q1_SAFE_SESSION2_16sub.npz,2,4,Happy,CP2,Parietal,4656,0.020742034539580345,0.015782838687300682,0.005051850341260433,0.0017768561374396086
SEEDV_Q1_SAFE_SESSION2_16sub.npz,2,4,Happy,CP4,Parietal,4656,0.017786620184779167,0.016382193192839622,0.0064062862657010555,0.003116220235824585
SEEDV_Q1_SAFE_SESSION2_16sub.npz,2,4,Happy,CP6,Parietal,4656,0.015381695702672005,0.01319972425699234,0.006969917099922895,0.004806200508028269
SEEDV_Q1_SAFE_SESSION2_16sub.npz,2,4,Happy,TP8,Temporal,4656,0.012882779352366924,0.009876859374344349,0.010662157088518143,0.009161870926618576
SEEDV_Q1_SAFE_SESSION2_16sub.npz,2,4,Happy,P7,Parietal,4656,0.01800924725830555,0.011054142378270626,0.007298627868294716,0.005559556186199188
SEEDV_Q1_SAFE_SESSION2_16sub.npz,2,4,Happy,P5,Parietal,4656,0.01926441490650177,0.013379212468862534,0.007365516386926174,0.004847140982747078
SEEDV_Q1_SAFE_SESSION2_16sub.npz,2,4,Happy,P3,Parietal,4656,0.02075812965631485,0.014562828466296196,0.006353721488267183,0.003740839660167694
SEEDV_Q1_SAFE_SESSION2_16sub.npz,2,4,Happy,P1,Parietal,4656,0.025310372933745384,0.015336530283093452,0.005055790767073631,0.002111180918291211
SEEDV_Q1_SAFE_SESSION2_16sub.npz,2,4,Happy,PZ,Parietal,4656,0.027700919657945633,0.015219245105981827,0.00473483232781291,0.0015628263354301453
SEEDV_Q1_SAFE_SESSION2_16sub.npz,2,4,Happy,P2,Parietal,4656,0.02612460032105446,0.01507891807705164,0.004711813293397427,0.0015719607472419739
SEEDV_Q1_SAFE_SESSION2_16sub.npz,2,4,Happy,P4,Parietal,4656,0.02136082574725151,0.01442105881869793,0.0056184399873018265,0.002920512342825532
SEEDV_Q1_SAFE_SESSION2_16sub.npz,2,4,Happy,P6,Parietal,4656,0.01855996996164322,0.012952330522239208,0.0063875033520162106,0.004111494403332472
SEEDV_Q1_SAFE_SESSION2_16sub.npz,2,4,Happy,P8,Parietal,4656,0.015910202637314796,0.010584918782114983,0.007869675755500793,0.006166260223835707
SEEDV_Q1_SAFE_SESSION2_16sub.npz,2,4,Happy,PO7,Occipital,4656,0.018210384994745255,0.011251375079154968,0.007127085234969854,0.005362793803215027
SEEDV_Q1_SAFE_SESSION2_16sub.npz,2,4,Happy,PO5,Occipital,4656,0.02070252038538456,0.012633956968784332,0.006435752380639315,0.004182988777756691
SEEDV_Q1_SAFE_SESSION2_16sub.npz,2,4,Happy,PO3,Occipital,4656,0.024926098063588142,0.013572612777352333,0.005598319694399834,0.003199696773663163
SEEDV_Q1_SAFE_SESSION2_16sub.npz,2,4,Happy,POZ,Occipital,4656,0.029308058321475983,0.01365202758461237,0.004900684114545584,0.002099032048135996
SEEDV_Q1_SAFE_SESSION2_16sub.npz,2,4,Happy,PO4,Occipital,4656,0.026828423142433167,0.014042100869119167,0.005137517116963863,0.002315209712833166
SEEDV_Q1_SAFE_SESSION2_16sub.npz,2,4,Happy,PO6,Occipital,4656,0.022128742188215256,0.012742570601403713,0.005429641809314489,0.0030565515626221895
SEEDV_Q1_SAFE_SESSION2_16sub.npz,2,4,Happy,PO8,Occipital,4656,0.01880076713860035,0.011302058584988117,0.006763014476746321,0.004424833692610264
SEEDV_Q1_SAFE_SESSION2_16sub.npz,2,4,Happy,CB1,Occipital,4656,0.019763413816690445,0.010280067101120949,0.006108120549470186,0.004297308158129454
SEEDV_Q1_SAFE_SESSION2_16sub.npz,2,4,Happy,O1,Occipital,4656,0.02048247493803501,0.010685239918529987,0.0061422125436365604,0.004382268059998751
SEEDV_Q1_SAFE_SESSION2_16sub.npz,2,4,Happy,OZ,Occipital,4656,0.02276889607310295,0.010603615082800388,0.005388503894209862,0.003199608763679862
SEEDV_Q1_SAFE_SESSION2_16sub.npz,2,4,Happy,O2,Occipital,4656,0.021071970462799072,0.010532926768064499,0.0052488697692751884,0.0031905537471175194
SEEDV_Q1_SAFE_SESSION2_16sub.npz,2,4,Happy,CB2,Occipital,4656,0.019384237006306648,0.009657340124249458,0.005553773138672113,0.0038949893787503242
SEEDV_Q1_SAFE_SESSION3_16sub.npz,3,0,Disgust,FP1,Frontal,6848,0.018273137509822845,0.006218551192432642,0.005096284206956625,0.0039587365463376045
SEEDV_Q1_SAFE_SESSION3_16sub.npz,3,0,Disgust,FPZ,Frontal,6848,0.020337749272584915,0.006194934248924255,0.00407895352691412,0.0035343803465366364
SEEDV_Q1_SAFE_SESSION3_16sub.npz,3,0,Disgust,FP2,Frontal,6848,0.01777312159538269,0.005966413766145706,0.005536404903978109,0.004038443323224783
SEEDV_Q1_SAFE_SESSION3_16sub.npz,3,0,Disgust,AF3,Frontal,6848,0.020103810355067253,0.008090303279459476,0.0050221337005496025,0.003524894593283534
SEEDV_Q1_SAFE_SESSION3_16sub.npz,3,0,Disgust,AF4,Frontal,6848,0.0186216589063406,0.008679172955453396,0.005358679685741663,0.0032241290900856256
SEEDV_Q1_SAFE_SESSION3_16sub.npz,3,0,Disgust,F7,Frontal,6848,0.015163983218371868,0.006754887755960226,0.0044469390995800495,0.0032695417758077383
SEEDV_Q1_SAFE_SESSION3_16sub.npz,3,0,Disgust,F5,Frontal,6848,0.015123081393539906,0.00770987942814827,0.00544568058103323,0.003977717831730843
SEEDV_Q1_SAFE_SESSION3_16sub.npz,3,0,Disgust,F3,Frontal,6848,0.019302966073155403,0.009989134036004543,0.006047055125236511,0.003461714368313551
SEEDV_Q1_SAFE_SESSION3_16sub.npz,3,0,Disgust,F1,Frontal,6848,0.021703271195292473,0.012620040215551853,0.005310798995196819,0.0024030099157243967
SEEDV_Q1_SAFE_SESSION3_16sub.npz,3,0,Disgust,FZ,Frontal,6848,0.025448940694332123,0.013311563059687614,0.004290537443011999,0.0017057221848517656
SEEDV_Q1_SAFE_SESSION3_16sub.npz,3,0,Disgust,F2,Frontal,6848,0.022584812715649605,0.012699410319328308,0.0050477199256420135,0.002252058358862996
SEEDV_Q1_SAFE_SESSION3_16sub.npz,3,0,Disgust,F4,Frontal,6848,0.019815362989902496,0.010274977423250675,0.006089965812861919,0.003476390615105629
SEEDV_Q1_SAFE_SESSION3_16sub.npz,3,0,Disgust,F6,Frontal,6848,0.016040554270148277,0.007622660603374243,0.005878386553376913,0.004269265569746494
SEEDV_Q1_SAFE_SESSION3_16sub.npz,3,0,Disgust,F8,Frontal,6848,0.015287775546312332,0.006398458499461412,0.004865563008934259,0.0037664452102035284
SEEDV_Q1_SAFE_SESSION3_16sub.npz,3,0,Disgust,FT7,Temporal,6848,0.014199897646903992,0.007837916724383831,0.0068724616430699825,0.005729467608034611
SEEDV_Q1_SAFE_SESSION3_16sub.npz,3,0,Disgust,FC5,Frontal,6848,0.014604379422962666,0.008764343336224556,0.006845833733677864,0.005203599575906992
SEEDV_Q1_SAFE_SESSION3_16sub.npz,3,0,Disgust,FC3,Frontal,6848,0.01999516598880291,0.01320550125092268,0.006356243509799242,0.003575901035219431
SEEDV_Q1_SAFE_SESSION3_16sub.npz,3,0,Disgust,FC1,Frontal,6848,0.02388950251042843,0.013528714887797832,0.005443468689918518,0.002430312568321824
SEEDV_Q1_SAFE_SESSION3_16sub.npz,3,0,Disgust,FCZ,Frontal,6848,0.028186408802866936,0.015531506389379501,0.0048232367262244225,0.0018276632763445377
SEEDV_Q1_SAFE_SESSION3_16sub.npz,3,0,Disgust,FC2,Frontal,6848,0.024156438186764717,0.013926371932029724,0.005405722185969353,0.002527117496356368
SEEDV_Q1_SAFE_SESSION3_16sub.npz,3,0,Disgust,FC4,Frontal,6848,0.020313791930675507,0.01282399334013462,0.006612903904169798,0.0038687866181135178
SEEDV_Q1_SAFE_SESSION3_16sub.npz,3,0,Disgust,FC6,Frontal,6848,0.01466936431825161,0.008217978291213512,0.00673889834433794,0.005229517817497253
SEEDV_Q1_SAFE_SESSION3_16sub.npz,3,0,Disgust,FT8,Temporal,6848,0.014499031007289886,0.007784773595631123,0.006282954476773739,0.005073432810604572
SEEDV_Q1_SAFE_SESSION3_16sub.npz,3,0,Disgust,T7,Temporal,6848,0.013670708052814007,0.0073905629105865955,0.010623173788189888,0.008953388780355453
SEEDV_Q1_SAFE_SESSION3_16sub.npz,3,0,Disgust,C5,Central/Motor,6848,0.015413228422403336,0.011031961999833584,0.008176061324775219,0.0058564189821481705
SEEDV_Q1_SAFE_SESSION3_16sub.npz,3,0,Disgust,C3,Central/Motor,6848,0.017578432336449623,0.015778493136167526,0.006531292572617531,0.00395143823698163
SEEDV_Q1_SAFE_SESSION3_16sub.npz,3,0,Disgust,C1,Central/Motor,6848,0.02143356390297413,0.014444204047322273,0.005120792891830206,0.002430005930364132
SEEDV_Q1_SAFE_SESSION3_16sub.npz,3,0,Disgust,CZ,Central/Motor,6848,0.025610994547605515,0.013109292834997177,0.004151829052716494,0.0016479119658470154
SEEDV_Q1_SAFE_SESSION3_16sub.npz,3,0,Disgust,C2,Central/Motor,6848,0.022289281710982323,0.014049571938812733,0.004982852376997471,0.002387489890679717
SEEDV_Q1_SAFE_SESSION3_16sub.npz,3,0,Disgust,C4,Central/Motor,6848,0.017927391454577446,0.015117879025638103,0.0066970232874155045,0.004250345751643181
SEEDV_Q1_SAFE_SESSION3_16sub.npz,3,0,Disgust,C6,Central/Motor,6848,0.01507779210805893,0.011379855684936047,0.007975040934979916,0.0054915850050747395
SEEDV_Q1_SAFE_SESSION3_16sub.npz,3,0,Disgust,T8,Temporal,6848,0.014561979100108147,0.008070734329521656,0.008894355036318302,0.007443693000823259
SEEDV_Q1_SAFE_SESSION3_16sub.npz,3,0,Disgust,TP7,Temporal,6848,0.018117206171154976,0.009122200310230255,0.006914104335010052,0.004776014946401119
SEEDV_Q1_SAFE_SESSION3_16sub.npz,3,0,Disgust,CP5,Parietal,6848,0.01894143968820572,0.012469361536204815,0.005841737613081932,0.0036156324204057455
SEEDV_Q1_SAFE_SESSION3_16sub.npz,3,0,Disgust,CP3,Parietal,6848,0.018870370462536812,0.0147456806153059,0.005246507003903389,0.002748644445091486
SEEDV_Q1_SAFE_SESSION3_16sub.npz,3,0,Disgust,CP1,Parietal,6848,0.02223791554570198,0.014547822065651417,0.004572142846882343,0.001884903758764267
SEEDV_Q1_SAFE_SESSION3_16sub.npz,3,0,Disgust,CPZ,Parietal,6848,0.023415161296725273,0.013512217439711094,0.003863076213747263,0.0013603499392047524
SEEDV_Q1_SAFE_SESSION3_16sub.npz,3,0,Disgust,CP2,Parietal,6848,0.021938864141702652,0.014627132564783096,0.004335976205766201,0.0018102721078321338
SEEDV_Q1_SAFE_SESSION3_16sub.npz,3,0,Disgust,CP4,Parietal,6848,0.01893153414130211,0.01475626789033413,0.005297384224832058,0.0029253908433020115
SEEDV_Q1_SAFE_SESSION3_16sub.npz,3,0,Disgust,CP6,Parietal,6848,0.017821330577135086,0.012587754987180233,0.005878827068954706,0.0037918132729828358
SEEDV_Q1_SAFE_SESSION3_16sub.npz,3,0,Disgust,TP8,Temporal,6848,0.015522983856499195,0.008622024208307266,0.009321076795458794,0.0078101204708218575
SEEDV_Q1_SAFE_SESSION3_16sub.npz,3,0,Disgust,P7,Parietal,6848,0.019671974703669548,0.009897253476083279,0.005549927707761526,0.0034293958451598883
SEEDV_Q1_SAFE_SESSION3_16sub.npz,3,0,Disgust,P5,Parietal,6848,0.020812485367059708,0.012064308859407902,0.005408300086855888,0.0030964359175413847
SEEDV_Q1_SAFE_SESSION3_16sub.npz,3,0,Disgust,P3,Parietal,6848,0.020524295046925545,0.013044330291450024,0.005331681575626135,0.002802282804623246
SEEDV_Q1_SAFE_SESSION3_16sub.npz,3,0,Disgust,P1,Parietal,6848,0.024044889956712723,0.013308785855770111,0.004223478492349386,0.0016967281699180603
SEEDV_Q1_SAFE_SESSION3_16sub.npz,3,0,Disgust,PZ,Parietal,6848,0.02538927271962166,0.013257242739200592,0.003719780594110489,0.001151961274445057
SEEDV_Q1_SAFE_SESSION3_16sub.npz,3,0,Disgust,P2,Parietal,6848,0.0254207793623209,0.013844733126461506,0.0038921989034861326,0.0012868513585999608
SEEDV_Q1_SAFE_SESSION3_16sub.npz,3,0,Disgust,P4,Parietal,6848,0.021355463191866875,0.013024221174418926,0.004536556079983711,0.002256604377180338
SEEDV_Q1_SAFE_SESSION3_16sub.npz,3,0,Disgust,P6,Parietal,6848,0.021674802526831627,0.012098793871700764,0.00514155114069581,0.003042007563635707
SEEDV_Q1_SAFE_SESSION3_16sub.npz,3,0,Disgust,P8,Parietal,6848,0.019580895081162453,0.00995801854878664,0.005931064020842314,0.004031303804367781
SEEDV_Q1_SAFE_SESSION3_16sub.npz,3,0,Disgust,PO7,Occipital,6848,0.01923217996954918,0.01008614432066679,0.005858906544744968,0.004199179820716381
SEEDV_Q1_SAFE_SESSION3_16sub.npz,3,0,Disgust,PO5,Occipital,6848,0.020339300855994225,0.011129033751785755,0.005651949439197779,0.0037480148021131754
SEEDV_Q1_SAFE_SESSION3_16sub.npz,3,0,Disgust,PO3,Occipital,6848,0.022962912917137146,0.01236831583082676,0.004557820502668619,0.0022901580668985844
SEEDV_Q1_SAFE_SESSION3_16sub.npz,3,0,Disgust,POZ,Occipital,6848,0.026935512199997902,0.01253592874854803,0.0038255841936916113,0.0013592327013611794
SEEDV_Q1_SAFE_SESSION3_16sub.npz,3,0,Disgust,PO4,Occipital,6848,0.025174332782626152,0.012635542079806328,0.004158977884799242,0.0017460036324337125
SEEDV_Q1_SAFE_SESSION3_16sub.npz,3,0,Disgust,PO6,Occipital,6848,0.022587677463889122,0.01158588845282793,0.004571438767015934,0.002268302720040083
SEEDV_Q1_SAFE_SESSION3_16sub.npz,3,0,Disgust,PO8,Occipital,6848,0.021644216030836105,0.010049469769001007,0.005234565120190382,0.0032731725368648767
SEEDV_Q1_SAFE_SESSION3_16sub.npz,3,0,Disgust,CB1,Occipital,6848,0.02049451693892479,0.009243236854672432,0.005136775318533182,0.0033655331935733557
SEEDV_Q1_SAFE_SESSION3_16sub.npz,3,0,Disgust,O1,Occipital,6848,0.021468516439199448,0.010181471705436707,0.005524887703359127,0.00400069635361433
SEEDV_Q1_SAFE_SESSION3_16sub.npz,3,0,Disgust,OZ,Occipital,6848,0.022582443431019783,0.010010144673287868,0.004578223917633295,0.0025414563715457916
SEEDV_Q1_SAFE_SESSION3_16sub.npz,3,0,Disgust,O2,Occipital,6848,0.02094942331314087,0.010136835277080536,0.00455622049048543,0.002584493486210704
SEEDV_Q1_SAFE_SESSION3_16sub.npz,3,0,Disgust,CB2,Occipital,6848,0.021117329597473145,0.008714582771062851,0.004259563982486725,0.0022925748489797115
SEEDV_Q1_SAFE_SESSION3_16sub.npz,3,1,Fear,FP1,Frontal,8800,0.016480036079883575,0.005206774454563856,0.004173805471509695,0.0032069769222289324
SEEDV_Q1_SAFE_SESSION3_16sub.npz,3,1,Fear,FPZ,Frontal,8800,0.018666958436369896,0.005381944123655558,0.0031308108009397984,0.0025455313734710217
SEEDV_Q1_SAFE_SESSION3_16sub.npz,3,1,Fear,FP2,Frontal,8800,0.016452232375741005,0.0051574199460446835,0.004588059615343809,0.0032417182810604572
SEEDV_Q1_SAFE_SESSION3_16sub.npz,3,1,Fear,AF3,Frontal,8800,0.018224390223622322,0.006973258685320616,0.004158236552029848,0.002851407043635845
SEEDV_Q1_SAFE_SESSION3_16sub.npz,3,1,Fear,AF4,Frontal,8800,0.01777895912528038,0.007598036900162697,0.004395669791847467,0.0025304523296654224
SEEDV_Q1_SAFE_SESSION3_16sub.npz,3,1,Fear,F7,Frontal,8800,0.013600216247141361,0.006206427700817585,0.004337003454566002,0.003180905943736434
SEEDV_Q1_SAFE_SESSION3_16sub.npz,3,1,Fear,F5,Frontal,8800,0.014116041362285614,0.0070098466239869595,0.005033149383962154,0.0033836252987384796
SEEDV_Q1_SAFE_SESSION3_16sub.npz,3,1,Fear,F3,Frontal,8800,0.017910582944750786,0.009068089537322521,0.0053365761414170265,0.0029255193658173084
SEEDV_Q1_SAFE_SESSION3_16sub.npz,3,1,Fear,F1,Frontal,8800,0.020228136330842972,0.011176216416060925,0.004416787065565586,0.001884878845885396
SEEDV_Q1_SAFE_SESSION3_16sub.npz,3,1,Fear,FZ,Frontal,8800,0.02400287427008152,0.011748629622161388,0.003609728766605258,0.0013348448555916548
SEEDV_Q1_SAFE_SESSION3_16sub.npz,3,1,Fear,F2,Frontal,8800,0.02178391069173813,0.011419082060456276,0.004485032521188259,0.0018902953015640378
SEEDV_Q1_SAFE_SESSION3_16sub.npz,3,1,Fear,F4,Frontal,8800,0.018794335424900055,0.009373044595122337,0.005441333632916212,0.0028740600682795048
SEEDV_Q1_SAFE_SESSION3_16sub.npz,3,1,Fear,F6,Frontal,8800,0.015245404094457626,0.007218516897410154,0.005465774331241846,0.0038571590557694435
SEEDV_Q1_SAFE_SESSION3_16sub.npz,3,1,Fear,F8,Frontal,8800,0.014034236781299114,0.006017731502652168,0.004860030487179756,0.0035516880452632904
SEEDV_Q1_SAFE_SESSION3_16sub.npz,3,1,Fear,FT7,Temporal,8800,0.012846376746892929,0.007214711047708988,0.007908434607088566,0.006690407171845436
SEEDV_Q1_SAFE_SESSION3_16sub.npz,3,1,Fear,FC5,Frontal,8800,0.013127877376973629,0.008217640221118927,0.008139134384691715,0.005685614421963692
SEEDV_Q1_SAFE_SESSION3_16sub.npz,3,1,Fear,FC3,Frontal,8800,0.0184254739433527,0.01227070577442646,0.006418448872864246,0.003328627208247781
SEEDV_Q1_SAFE_SESSION3_16sub.npz,3,1,Fear,FC1,Frontal,8800,0.022830482572317123,0.012786801904439926,0.005016989074647427,0.0020730912219733
SEEDV_Q1_SAFE_SESSION3_16sub.npz,3,1,Fear,FCZ,Frontal,8800,0.02735423669219017,0.01414098683744669,0.004339664708822966,0.001562876277603209
SEEDV_Q1_SAFE_SESSION3_16sub.npz,3,1,Fear,FC2,Frontal,8800,0.023925499990582466,0.012867567129433155,0.004926199093461037,0.0020968874450773
SEEDV_Q1_SAFE_SESSION3_16sub.npz,3,1,Fear,FC4,Frontal,8800,0.02003907784819603,0.012220758944749832,0.006328114308416843,0.003364965785294771
SEEDV_Q1_SAFE_SESSION3_16sub.npz,3,1,Fear,FC6,Frontal,8800,0.014056655578315258,0.008487388491630554,0.006862075533717871,0.004770781844854355
SEEDV_Q1_SAFE_SESSION3_16sub.npz,3,1,Fear,FT8,Temporal,8800,0.013459348119795322,0.007654316257685423,0.006600987631827593,0.005336900241672993
SEEDV_Q1_SAFE_SESSION3_16sub.npz,3,1,Fear,T7,Temporal,8800,0.012106767855584621,0.007208322640508413,0.0119631327688694,0.009948578663170338
SEEDV_Q1_SAFE_SESSION3_16sub.npz,3,1,Fear,C5,Central/Motor,8800,0.013796822167932987,0.011037009768188,0.008810042403638363,0.005872344598174095
SEEDV_Q1_SAFE_SESSION3_16sub.npz,3,1,Fear,C3,Central/Motor,8800,0.017148135229945183,0.015886828303337097,0.006489782128483057,0.0033355962950736284
SEEDV_Q1_SAFE_SESSION3_16sub.npz,3,1,Fear,C1,Central/Motor,8800,0.02087067812681198,0.014642964117228985,0.004821139387786388,0.0020323866046965122
SEEDV_Q1_SAFE_SESSION3_16sub.npz,3,1,Fear,CZ,Central/Motor,8800,0.024910705164074898,0.012794705107808113,0.0037940130569040775,0.0014117949176579714
SEEDV_Q1_SAFE_SESSION3_16sub.npz,3,1,Fear,C2,Central/Motor,8800,0.02190125733613968,0.013796770013868809,0.004672679118812084,0.0019493673462420702
SEEDV_Q1_SAFE_SESSION3_16sub.npz,3,1,Fear,C4,Central/Motor,8800,0.017896931618452072,0.014221755787730217,0.0066386135295033455,0.0037159929051995277
SEEDV_Q1_SAFE_SESSION3_16sub.npz,3,1,Fear,C6,Central/Motor,8800,0.014262858778238297,0.01076516043394804,0.008859784342348576,0.0058225649408996105
SEEDV_Q1_SAFE_SESSION3_16sub.npz,3,1,Fear,T8,Temporal,8800,0.012616743333637714,0.007533408235758543,0.010591762140393257,0.008740437217056751
SEEDV_Q1_SAFE_SESSION3_16sub.npz,3,1,Fear,TP7,Temporal,8800,0.016310587525367737,0.008619648404419422,0.007471868302673101,0.005340395960956812
SEEDV_Q1_SAFE_SESSION3_16sub.npz,3,1,Fear,CP5,Parietal,8800,0.01824125647544861,0.011716388165950775,0.005801192484796047,0.003539330791682005
SEEDV_Q1_SAFE_SESSION3_16sub.npz,3,1,Fear,CP3,Parietal,8800,0.01774657517671585,0.01419451367110014,0.004824380856007338,0.0022884446661919355
SEEDV_Q1_SAFE_SESSION3_16sub.npz,3,1,Fear,CP1,Parietal,8800,0.020484687760472298,0.01403750292956829,0.004262259695678949,0.0016125006368383765
SEEDV_Q1_SAFE_SESSION3_16sub.npz,3,1,Fear,CPZ,Parietal,8800,0.021842319518327713,0.012867510318756104,0.0034619392827153206,0.0011364632518962026
SEEDV_Q1_SAFE_SESSION3_16sub.npz,3,1,Fear,CP2,Parietal,8800,0.02076735347509384,0.013806760311126709,0.003922313451766968,0.0014750813134014606
SEEDV_Q1_SAFE_SESSION3_16sub.npz,3,1,Fear,CP4,Parietal,8800,0.0177683737128973,0.013123195618391037,0.004960280377417803,0.002515799133107066
SEEDV_Q1_SAFE_SESSION3_16sub.npz,3,1,Fear,CP6,Parietal,8800,0.016848811879754066,0.011446896009147167,0.005702272057533264,0.0036561768501996994
SEEDV_Q1_SAFE_SESSION3_16sub.npz,3,1,Fear,TP8,Temporal,8800,0.013917823322117329,0.007905286736786366,0.010197046212852001,0.00845644436776638
SEEDV_Q1_SAFE_SESSION3_16sub.npz,3,1,Fear,P7,Parietal,8800,0.017690949141979218,0.00940330233424902,0.00585058331489563,0.003851387184113264
SEEDV_Q1_SAFE_SESSION3_16sub.npz,3,1,Fear,P5,Parietal,8800,0.018264899030327797,0.01127935852855444,0.005339883267879486,0.003196733072400093
SEEDV_Q1_SAFE_SESSION3_16sub.npz,3,1,Fear,P3,Parietal,8800,0.0180067028850317,0.01199082750827074,0.005075995344668627,0.0027550363447517157
SEEDV_Q1_SAFE_SESSION3_16sub.npz,3,1,Fear,P1,Parietal,8800,0.020241593942046165,0.01198291964828968,0.003891194239258766,0.0015864953165873885
SEEDV_Q1_SAFE_SESSION3_16sub.npz,3,1,Fear,PZ,Parietal,8800,0.022262604907155037,0.011573909781873226,0.0033294104505330324,0.0010070557473227382
SEEDV_Q1_SAFE_SESSION3_16sub.npz,3,1,Fear,P2,Parietal,8800,0.02191859856247902,0.012299671769142151,0.003465101821348071,0.0010971644660457969
SEEDV_Q1_SAFE_SESSION3_16sub.npz,3,1,Fear,P4,Parietal,8800,0.018486961722373962,0.011556828394532204,0.004368362948298454,0.0023071172181516886
SEEDV_Q1_SAFE_SESSION3_16sub.npz,3,1,Fear,P6,Parietal,8800,0.018764348700642586,0.010831194929778576,0.005189428571611643,0.0032912958413362503
SEEDV_Q1_SAFE_SESSION3_16sub.npz,3,1,Fear,P8,Parietal,8800,0.016824837774038315,0.00894140638411045,0.006475316360592842,0.004677341319620609
SEEDV_Q1_SAFE_SESSION3_16sub.npz,3,1,Fear,PO7,Occipital,8800,0.016961900517344475,0.009810066781938076,0.00578945130109787,0.004362778272479773
SEEDV_Q1_SAFE_SESSION3_16sub.npz,3,1,Fear,PO5,Occipital,8800,0.017614811658859253,0.010895827785134315,0.005688478238880634,0.004058067686855793
SEEDV_Q1_SAFE_SESSION3_16sub.npz,3,1,Fear,PO3,Occipital,8800,0.01896638050675392,0.011453802697360516,0.004445300437510014,0.0025481979828327894
SEEDV_Q1_SAFE_SESSION3_16sub.npz,3,1,Fear,POZ,Occipital,8800,0.02232213132083416,0.010813192464411259,0.0034836321137845516,0.0013986441772431135
SEEDV_Q1_SAFE_SESSION3_16sub.npz,3,1,Fear,PO4,Occipital,8800,0.020520342513918877,0.011526685208082199,0.00392938544973731,0.001901224604807794
SEEDV_Q1_SAFE_SESSION3_16sub.npz,3,1,Fear,PO6,Occipital,8800,0.0189787857234478,0.010588757693767548,0.004538402892649174,0.0025142477825284004
SEEDV_Q1_SAFE_SESSION3_16sub.npz,3,1,Fear,PO8,Occipital,8800,0.019279517233371735,0.009617416188120842,0.005489332135766745,0.003641866846010089
SEEDV_Q1_SAFE_SESSION3_16sub.npz,3,1,Fear,CB1,Occipital,8800,0.018102556467056274,0.008847653865814209,0.005153120961040258,0.003931374754756689
SEEDV_Q1_SAFE_SESSION3_16sub.npz,3,1,Fear,O1,Occipital,8800,0.018509987741708755,0.009752500802278519,0.00544155016541481,0.004303027875721455
SEEDV_Q1_SAFE_SESSION3_16sub.npz,3,1,Fear,OZ,Occipital,8800,0.019260354340076447,0.009186853654682636,0.0043803327716887,0.0028168284334242344
SEEDV_Q1_SAFE_SESSION3_16sub.npz,3,1,Fear,O2,Occipital,8800,0.01792711205780506,0.009758063592016697,0.004713749513030052,0.003114781342446804
SEEDV_Q1_SAFE_SESSION3_16sub.npz,3,1,Fear,CB2,Occipital,8800,0.018769018352031708,0.008051091805100441,0.004130961839109659,0.002578293439000845
SEEDV_Q1_SAFE_SESSION3_16sub.npz,3,2,Sad,FP1,Frontal,10816,0.01767025515437126,0.005706813186407089,0.004328517243266106,0.0033346484415233135
SEEDV_Q1_SAFE_SESSION3_16sub.npz,3,2,Sad,FPZ,Frontal,10816,0.019314724951982498,0.00596601190045476,0.0036145730409771204,0.0031921137124300003
SEEDV_Q1_SAFE_SESSION3_16sub.npz,3,2,Sad,FP2,Frontal,10816,0.016901176422834396,0.005545972380787134,0.004899678286164999,0.003563215024769306
SEEDV_Q1_SAFE_SESSION3_16sub.npz,3,2,Sad,AF3,Frontal,10816,0.02024957351386547,0.007989129051566124,0.004373545292764902,0.0028666851576417685
SEEDV_Q1_SAFE_SESSION3_16sub.npz,3,2,Sad,AF4,Frontal,10816,0.01800108328461647,0.008560838177800179,0.004718064330518246,0.0028145324904471636
SEEDV_Q1_SAFE_SESSION3_16sub.npz,3,2,Sad,F7,Frontal,10816,0.01614256016910076,0.006760171614587307,0.003954270388931036,0.002685719868168235
SEEDV_Q1_SAFE_SESSION3_16sub.npz,3,2,Sad,F5,Frontal,10816,0.01628357172012329,0.008033225312829018,0.00471474276855588,0.00300951162353158
SEEDV_Q1_SAFE_SESSION3_16sub.npz,3,2,Sad,F3,Frontal,10816,0.020400740206241608,0.010196711868047714,0.005244702100753784,0.0026800658088177443
SEEDV_Q1_SAFE_SESSION3_16sub.npz,3,2,Sad,F1,Frontal,10816,0.021905066445469856,0.012640285305678844,0.004868114832788706,0.0019903061911463737
SEEDV_Q1_SAFE_SESSION3_16sub.npz,3,2,Sad,FZ,Frontal,10816,0.025347977876663208,0.013484004884958267,0.0040218341164290905,0.0014571602223441005
SEEDV_Q1_SAFE_SESSION3_16sub.npz,3,2,Sad,F2,Frontal,10816,0.022179340943694115,0.012816810049116611,0.004592290613800287,0.0018575569847598672
SEEDV_Q1_SAFE_SESSION3_16sub.npz,3,2,Sad,F4,Frontal,10816,0.02041410468518734,0.010568725876510143,0.005408141762018204,0.002726634033024311
SEEDV_Q1_SAFE_SESSION3_16sub.npz,3,2,Sad,F6,Frontal,10816,0.016516748815774918,0.008173225447535515,0.005164337810128927,0.003300812328234315
SEEDV_Q1_SAFE_SESSION3_16sub.npz,3,2,Sad,F8,Frontal,10816,0.01562032476067543,0.006685358472168446,0.004129647742956877,0.0028822266031056643
SEEDV_Q1_SAFE_SESSION3_16sub.npz,3,2,Sad,FT7,Temporal,10816,0.01539519801735878,0.008020943030714989,0.006112793460488319,0.004786995239555836
SEEDV_Q1_SAFE_SESSION3_16sub.npz,3,2,Sad,FC5,Frontal,10816,0.015817567706108093,0.009215419180691242,0.006185694597661495,0.004077250137925148
SEEDV_Q1_SAFE_SESSION3_16sub.npz,3,2,Sad,FC3,Frontal,10816,0.020771004259586334,0.014015508815646172,0.005887608043849468,0.0027879660483449697
SEEDV_Q1_SAFE_SESSION3_16sub.npz,3,2,Sad,FC1,Frontal,10816,0.024764737114310265,0.014386997558176517,0.005240432918071747,0.0019523195223882794
SEEDV_Q1_SAFE_SESSION3_16sub.npz,3,2,Sad,FCZ,Frontal,10816,0.0287895780056715,0.016197344288229942,0.004737036768347025,0.0015654155286028981
SEEDV_Q1_SAFE_SESSION3_16sub.npz,3,2,Sad,FC2,Frontal,10816,0.025521866977214813,0.014555128291249275,0.005151667166501284,0.002012090990319848
SEEDV_Q1_SAFE_SESSION3_16sub.npz,3,2,Sad,FC4,Frontal,10816,0.022463560104370117,0.013891899958252907,0.006036850623786449,0.002826375188305974
SEEDV_Q1_SAFE_SESSION3_16sub.npz,3,2,Sad,FC6,Frontal,10816,0.01633426547050476,0.00938332173973322,0.00557542871683836,0.003569473046809435
SEEDV_Q1_SAFE_SESSION3_16sub.npz,3,2,Sad,FT8,Temporal,10816,0.015393394976854324,0.008394977077841759,0.005303910002112389,0.0036247328389436007
SEEDV_Q1_SAFE_SESSION3_16sub.npz,3,2,Sad,T7,Temporal,10816,0.014947410672903061,0.007765190210193396,0.009386885911226273,0.0075400215573608875
SEEDV_Q1_SAFE_SESSION3_16sub.npz,3,2,Sad,C5,Central/Motor,10816,0.016761157661676407,0.012405266985297203,0.0068674031645059586,0.004072241485118866
SEEDV_Q1_SAFE_SESSION3_16sub.npz,3,2,Sad,C3,Central/Motor,10816,0.018972786143422127,0.018168136477470398,0.005954151973128319,0.0026044901460409164
SEEDV_Q1_SAFE_SESSION3_16sub.npz,3,2,Sad,C1,Central/Motor,10816,0.02231033518910408,0.016542894765734673,0.005025580525398254,0.001858603092841804
SEEDV_Q1_SAFE_SESSION3_16sub.npz,3,2,Sad,CZ,Central/Motor,10816,0.02623007819056511,0.014700507745146751,0.004271814599633217,0.0014428776921704412
SEEDV_Q1_SAFE_SESSION3_16sub.npz,3,2,Sad,C2,Central/Motor,10816,0.023615192621946335,0.015436142683029175,0.004964680410921574,0.0019331647781655192
SEEDV_Q1_SAFE_SESSION3_16sub.npz,3,2,Sad,C4,Central/Motor,10816,0.020147740840911865,0.01617816649377346,0.0061736642383039,0.003117189509794116
SEEDV_Q1_SAFE_SESSION3_16sub.npz,3,2,Sad,C6,Central/Motor,10816,0.016518618911504745,0.012231017462909222,0.006976219825446606,0.004378428682684898
SEEDV_Q1_SAFE_SESSION3_16sub.npz,3,2,Sad,T8,Temporal,10816,0.0157792828977108,0.008450940251350403,0.00771345105022192,0.006144454702734947
SEEDV_Q1_SAFE_SESSION3_16sub.npz,3,2,Sad,TP7,Temporal,10816,0.01882108300924301,0.00986311212182045,0.00593172013759613,0.0036369371227920055
SEEDV_Q1_SAFE_SESSION3_16sub.npz,3,2,Sad,CP5,Parietal,10816,0.01996031031012535,0.013565270230174065,0.005134318955242634,0.0025723620783537626
SEEDV_Q1_SAFE_SESSION3_16sub.npz,3,2,Sad,CP3,Parietal,10816,0.01952236518263817,0.016781479120254517,0.004839134402573109,0.001905609155073762
SEEDV_Q1_SAFE_SESSION3_16sub.npz,3,2,Sad,CP1,Parietal,10816,0.022210825234651566,0.016748854890465736,0.004605633206665516,0.001520282938145101
SEEDV_Q1_SAFE_SESSION3_16sub.npz,3,2,Sad,CPZ,Parietal,10816,0.0237432811409235,0.015138233080506325,0.003952598199248314,0.001225690939463675
SEEDV_Q1_SAFE_SESSION3_16sub.npz,3,2,Sad,CP2,Parietal,10816,0.022699473425745964,0.015719985589385033,0.0043367017060518265,0.0015598553000018
SEEDV_Q1_SAFE_SESSION3_16sub.npz,3,2,Sad,CP4,Parietal,10816,0.019897907972335815,0.015535886399447918,0.004925338085740805,0.0022171351592987776
SEEDV_Q1_SAFE_SESSION3_16sub.npz,3,2,Sad,CP6,Parietal,10816,0.019426392391324043,0.013193697668612003,0.005281376652419567,0.0030136473942548037
SEEDV_Q1_SAFE_SESSION3_16sub.npz,3,2,Sad,TP8,Temporal,10816,0.01686643622815609,0.009041917510330677,0.00783331599086523,0.006193471606820822
SEEDV_Q1_SAFE_SESSION3_16sub.npz,3,2,Sad,P7,Parietal,10816,0.02001013606786728,0.010639587417244911,0.005070671904832125,0.00284415390342474
SEEDV_Q1_SAFE_SESSION3_16sub.npz,3,2,Sad,P5,Parietal,10816,0.021089350804686546,0.013496100902557373,0.004980721976608038,0.002409784821793437
SEEDV_Q1_SAFE_SESSION3_16sub.npz,3,2,Sad,P3,Parietal,10816,0.020739970728754997,0.014505165629088879,0.004822462797164917,0.0021230538841336966
SEEDV_Q1_SAFE_SESSION3_16sub.npz,3,2,Sad,P1,Parietal,10816,0.023509245365858078,0.014691822230815887,0.004015177022665739,0.001344705349765718
SEEDV_Q1_SAFE_SESSION3_16sub.npz,3,2,Sad,PZ,Parietal,10816,0.02509678713977337,0.014201127924025059,0.0037181484512984753,0.0010304461466148496
SEEDV_Q1_SAFE_SESSION3_16sub.npz,3,2,Sad,P2,Parietal,10816,0.024718215689063072,0.01436573825776577,0.00381460995413363,0.0011469516903162003
SEEDV_Q1_SAFE_SESSION3_16sub.npz,3,2,Sad,P4,Parietal,10816,0.02149132266640663,0.01325918547809124,0.004230918828397989,0.0018030399223789573
SEEDV_Q1_SAFE_SESSION3_16sub.npz,3,2,Sad,P6,Parietal,10816,0.021835021674633026,0.012508062645792961,0.004586912225931883,0.0023511615581810474
SEEDV_Q1_SAFE_SESSION3_16sub.npz,3,2,Sad,P8,Parietal,10816,0.020156940445303917,0.010345560498535633,0.005122710019350052,0.003130462719127536
SEEDV_Q1_SAFE_SESSION3_16sub.npz,3,2,Sad,PO7,Occipital,10816,0.01926237717270851,0.010533182881772518,0.005257264245301485,0.0034817608539015055
SEEDV_Q1_SAFE_SESSION3_16sub.npz,3,2,Sad,PO5,Occipital,10816,0.02070360817015171,0.011992458254098892,0.004986179992556572,0.0029016865883022547
SEEDV_Q1_SAFE_SESSION3_16sub.npz,3,2,Sad,PO3,Occipital,10816,0.022903569042682648,0.013217603787779808,0.004170791711658239,0.0019164852565154433
SEEDV_Q1_SAFE_SESSION3_16sub.npz,3,2,Sad,POZ,Occipital,10816,0.0263623408973217,0.012635590508580208,0.0035381228663027287,0.0011054275091737509
SEEDV_Q1_SAFE_SESSION3_16sub.npz,3,2,Sad,PO4,Occipital,10816,0.02377818152308464,0.012713879346847534,0.0038002056535333395,0.0014119461411610246
SEEDV_Q1_SAFE_SESSION3_16sub.npz,3,2,Sad,PO6,Occipital,10816,0.022543564438819885,0.011816995218396187,0.004147304687649012,0.001793721690773964
SEEDV_Q1_SAFE_SESSION3_16sub.npz,3,2,Sad,PO8,Occipital,10816,0.022128121927380562,0.010227970778942108,0.004615386016666889,0.0025373746175318956
SEEDV_Q1_SAFE_SESSION3_16sub.npz,3,2,Sad,CB1,Occipital,10816,0.020337963476777077,0.00914227869361639,0.0047059981152415276,0.002964720828458667
SEEDV_Q1_SAFE_SESSION3_16sub.npz,3,2,Sad,O1,Occipital,10816,0.021150918677449226,0.010256449691951275,0.004829088691622019,0.00329518411308527
SEEDV_Q1_SAFE_SESSION3_16sub.npz,3,2,Sad,OZ,Occipital,10816,0.022444069385528564,0.00987064279615879,0.004062003921717405,0.0021417015232145786
SEEDV_Q1_SAFE_SESSION3_16sub.npz,3,2,Sad,O2,Occipital,10816,0.02054908126592636,0.010135287418961525,0.003957029432058334,0.0020495052449405193
SEEDV_Q1_SAFE_SESSION3_16sub.npz,3,2,Sad,CB2,Occipital,10816,0.021073250100016594,0.008605638518929482,0.0038214565720409155,0.0018841411219909787
SEEDV_Q1_SAFE_SESSION3_16sub.npz,3,3,Neutral,FP1,Frontal,8400,0.01528443954885006,0.004970878828316927,0.0034368173219263554,0.002617709105834365
SEEDV_Q1_SAFE_SESSION3_16sub.npz,3,3,Neutral,FPZ,Frontal,8400,0.017431652173399925,0.005307082086801529,0.002709384774789214,0.0021017794497311115
SEEDV_Q1_SAFE_SESSION3_16sub.npz,3,3,Neutral,FP2,Frontal,8400,0.015004618093371391,0.005165498703718185,0.004164780955761671,0.0028486992232501507
SEEDV_Q1_SAFE_SESSION3_16sub.npz,3,3,Neutral,AF3,Frontal,8400,0.017779024317860603,0.0069619445130229,0.0036178985610604286,0.0024534163530915976
SEEDV_Q1_SAFE_SESSION3_16sub.npz,3,3,Neutral,AF4,Frontal,8400,0.016521986573934555,0.00809349026530981,0.004018377512693405,0.0021843588910996914
SEEDV_Q1_SAFE_SESSION3_16sub.npz,3,3,Neutral,F7,Frontal,8400,0.01356391329318285,0.0060136886313557625,0.003523162566125393,0.002558866050094366
SEEDV_Q1_SAFE_SESSION3_16sub.npz,3,3,Neutral,F5,Frontal,8400,0.013642949983477592,0.007092345040291548,0.004316533450037241,0.0030640861950814724
SEEDV_Q1_SAFE_SESSION3_16sub.npz,3,3,Neutral,F3,Frontal,8400,0.017673272639513016,0.00905236043035984,0.0048931739293038845,0.0028768940828740597
SEEDV_Q1_SAFE_SESSION3_16sub.npz,3,3,Neutral,F1,Frontal,8400,0.019831011071801186,0.01195615530014038,0.004512812942266464,0.0019439917523413897
SEEDV_Q1_SAFE_SESSION3_16sub.npz,3,3,Neutral,FZ,Frontal,8400,0.023235883563756943,0.012774254195392132,0.0036740426439791918,0.0012813742505386472
SEEDV_Q1_SAFE_SESSION3_16sub.npz,3,3,Neutral,F2,Frontal,8400,0.02036527916789055,0.012169827707111835,0.004414132796227932,0.0017910297028720379
SEEDV_Q1_SAFE_SESSION3_16sub.npz,3,3,Neutral,F4,Frontal,8400,0.01810022071003914,0.01007531676441431,0.005204389337450266,0.0028034260030835867
SEEDV_Q1_SAFE_SESSION3_16sub.npz,3,3,Neutral,F6,Frontal,8400,0.014086000621318817,0.0072648669593036175,0.004805068485438824,0.0032462580129504204
SEEDV_Q1_SAFE_SESSION3_16sub.npz,3,3,Neutral,F8,Frontal,8400,0.013545484282076359,0.006086310837417841,0.0039963857270777225,0.0029190664645284414
SEEDV_Q1_SAFE_SESSION3_16sub.npz,3,3,Neutral,FT7,Temporal,8400,0.01298170629888773,0.007740834727883339,0.006061201449483633,0.0049548400565981865
SEEDV_Q1_SAFE_SESSION3_16sub.npz,3,3,Neutral,FC5,Frontal,8400,0.013697918504476547,0.008621538989245892,0.006663322448730469,0.004787049721926451
SEEDV_Q1_SAFE_SESSION3_16sub.npz,3,3,Neutral,FC3,Frontal,8400,0.018387097865343094,0.013413156382739544,0.00601582694798708,0.003225053893402219
SEEDV_Q1_SAFE_SESSION3_16sub.npz,3,3,Neutral,FC1,Frontal,8400,0.02233029529452324,0.013829190284013748,0.0050711859948933125,0.002181329997256398
SEEDV_Q1_SAFE_SESSION3_16sub.npz,3,3,Neutral,FCZ,Frontal,8400,0.02585645578801632,0.01577882096171379,0.004549925681203604,0.001578058348968625
SEEDV_Q1_SAFE_SESSION3_16sub.npz,3,3,Neutral,FC2,Frontal,8400,0.022374801337718964,0.014232858084142208,0.0049629854038357735,0.002064528176560998
SEEDV_Q1_SAFE_SESSION3_16sub.npz,3,3,Neutral,FC4,Frontal,8400,0.01933855377137661,0.013771390542387962,0.0059848264791071415,0.002926772926002741
SEEDV_Q1_SAFE_SESSION3_16sub.npz,3,3,Neutral,FC6,Frontal,8400,0.014172381721436977,0.008946486748754978,0.005791451781988144,0.003973175305873156
SEEDV_Q1_SAFE_SESSION3_16sub.npz,3,3,Neutral,FT8,Temporal,8400,0.013280297629535198,0.007836438715457916,0.005959377158433199,0.004238051362335682
SEEDV_Q1_SAFE_SESSION3_16sub.npz,3,3,Neutral,T7,Temporal,8400,0.012458061799407005,0.007372417487204075,0.009757124818861485,0.007882307283580303
SEEDV_Q1_SAFE_SESSION3_16sub.npz,3,3,Neutral,C5,Central/Motor,8400,0.013950861990451813,0.011400996707379818,0.00790382269769907,0.005159038584679365
SEEDV_Q1_SAFE_SESSION3_16sub.npz,3,3,Neutral,C3,Central/Motor,8400,0.016534142196178436,0.01740173250436783,0.006309645716100931,0.0032893673051148653
SEEDV_Q1_SAFE_SESSION3_16sub.npz,3,3,Neutral,C1,Central/Motor,8400,0.020442189648747444,0.016330748796463013,0.00496275257319212,0.0021146407816559076
SEEDV_Q1_SAFE_SESSION3_16sub.npz,3,3,Neutral,CZ,Central/Motor,8400,0.023642873391509056,0.014849397353827953,0.003970304504036903,0.0014107837341725826
SEEDV_Q1_SAFE_SESSION3_16sub.npz,3,3,Neutral,C2,Central/Motor,8400,0.020538756623864174,0.015894470736384392,0.004731674678623676,0.001933783176355064
SEEDV_Q1_SAFE_SESSION3_16sub.npz,3,3,Neutral,C4,Central/Motor,8400,0.016844114288687706,0.016413461416959763,0.006104198284447193,0.0032889244612306356
SEEDV_Q1_SAFE_SESSION3_16sub.npz,3,3,Neutral,C6,Central/Motor,8400,0.014220480807125568,0.011994324624538422,0.007424528244882822,0.00476017314940691
SEEDV_Q1_SAFE_SESSION3_16sub.npz,3,3,Neutral,T8,Temporal,8400,0.013503331691026688,0.00820716843008995,0.008470820263028145,0.006459355819970369
SEEDV_Q1_SAFE_SESSION3_16sub.npz,3,3,Neutral,TP7,Temporal,8400,0.016433151438832283,0.009829082526266575,0.006247411482036114,0.004293660167604685
SEEDV_Q1_SAFE_SESSION3_16sub.npz,3,3,Neutral,CP5,Parietal,8400,0.017723819240927696,0.013322419486939907,0.005190305877476931,0.0027633290737867355
SEEDV_Q1_SAFE_SESSION3_16sub.npz,3,3,Neutral,CP3,Parietal,8400,0.017373589798808098,0.016114506870508194,0.004781689029186964,0.002083968138322234
SEEDV_Q1_SAFE_SESSION3_16sub.npz,3,3,Neutral,CP1,Parietal,8400,0.01984209194779396,0.01637207716703415,0.004294270649552345,0.0015626553213223815
SEEDV_Q1_SAFE_SESSION3_16sub.npz,3,3,Neutral,CPZ,Parietal,8400,0.020888833329081535,0.015077432617545128,0.003541596233844757,0.00111071253195405
SEEDV_Q1_SAFE_SESSION3_16sub.npz,3,3,Neutral,CP2,Parietal,8400,0.01948314532637596,0.0157547015696764,0.003959813620895147,0.0014717894373461604
SEEDV_Q1_SAFE_SESSION3_16sub.npz,3,3,Neutral,CP4,Parietal,8400,0.016956744715571404,0.015220730565488338,0.0046609132550656796,0.0022380321752279997
SEEDV_Q1_SAFE_SESSION3_16sub.npz,3,3,Neutral,CP6,Parietal,8400,0.017156090587377548,0.012858395464718342,0.0051436335779726505,0.0030764329712837934
SEEDV_Q1_SAFE_SESSION3_16sub.npz,3,3,Neutral,TP8,Temporal,8400,0.014908633194863796,0.00900883786380291,0.008100160397589207,0.006406628992408514
SEEDV_Q1_SAFE_SESSION3_16sub.npz,3,3,Neutral,P7,Parietal,8400,0.018416961655020714,0.010996079072356224,0.004925139248371124,0.002932497765868902
SEEDV_Q1_SAFE_SESSION3_16sub.npz,3,3,Neutral,P5,Parietal,8400,0.01911020837724209,0.013253805227577686,0.004949903581291437,0.0025644975248724222
SEEDV_Q1_SAFE_SESSION3_16sub.npz,3,3,Neutral,P3,Parietal,8400,0.018612464889883995,0.013814438134431839,0.004819931928068399,0.0022615594789385796
SEEDV_Q1_SAFE_SESSION3_16sub.npz,3,3,Neutral,P1,Parietal,8400,0.020762920379638672,0.01372179202735424,0.0037949520628899336,0.0012998590245842934
SEEDV_Q1_SAFE_SESSION3_16sub.npz,3,3,Neutral,PZ,Parietal,8400,0.02178035117685795,0.013290257193148136,0.003383384086191654,0.0009107389487326145
SEEDV_Q1_SAFE_SESSION3_16sub.npz,3,3,Neutral,P2,Parietal,8400,0.021528856828808784,0.013937799260020256,0.003534994786605239,0.001030592480674386
SEEDV_Q1_SAFE_SESSION3_16sub.npz,3,3,Neutral,P4,Parietal,8400,0.01851278357207775,0.01273417379707098,0.003997327294200659,0.00170326663646847
SEEDV_Q1_SAFE_SESSION3_16sub.npz,3,3,Neutral,P6,Parietal,8400,0.019515786319971085,0.012350904755294323,0.004574120976030827,0.002348947571590543
SEEDV_Q1_SAFE_SESSION3_16sub.npz,3,3,Neutral,P8,Parietal,8400,0.018080776557326317,0.01000512670725584,0.0050747813656926155,0.003138736356049776
SEEDV_Q1_SAFE_SESSION3_16sub.npz,3,3,Neutral,PO7,Occipital,8400,0.01778794266283512,0.010407321155071259,0.0049081831239163876,0.003356093307957053
SEEDV_Q1_SAFE_SESSION3_16sub.npz,3,3,Neutral,PO5,Occipital,8400,0.018914183601737022,0.011608594097197056,0.004885694477707148,0.0030318053904920816
SEEDV_Q1_SAFE_SESSION3_16sub.npz,3,3,Neutral,PO3,Occipital,8400,0.021082350984215736,0.011924437247216702,0.003942470531910658,0.0018513139802962542
SEEDV_Q1_SAFE_SESSION3_16sub.npz,3,3,Neutral,POZ,Occipital,8400,0.02290223352611065,0.011601590551435947,0.0032970269676297903,0.0010085204849019647
SEEDV_Q1_SAFE_SESSION3_16sub.npz,3,3,Neutral,PO4,Occipital,8400,0.02081161178648472,0.012165691703557968,0.003570701228454709,0.0012505187187343836
SEEDV_Q1_SAFE_SESSION3_16sub.npz,3,3,Neutral,PO6,Occipital,8400,0.019902857020497322,0.011525213718414307,0.003957370296120644,0.0016353342216461897
SEEDV_Q1_SAFE_SESSION3_16sub.npz,3,3,Neutral,PO8,Occipital,8400,0.0201373640447855,0.010379081591963768,0.004690920002758503,0.0025945540983229876
SEEDV_Q1_SAFE_SESSION3_16sub.npz,3,3,Neutral,CB1,Occipital,8400,0.018327610567212105,0.008962241932749748,0.004150500986725092,0.0027296626940369606
SEEDV_Q1_SAFE_SESSION3_16sub.npz,3,3,Neutral,O1,Occipital,8400,0.01941598579287529,0.009800140745937824,0.004589662421494722,0.0033041287679225206
SEEDV_Q1_SAFE_SESSION3_16sub.npz,3,3,Neutral,OZ,Occipital,8400,0.02017572708427906,0.009240114130079746,0.0036719052586704493,0.001952953403815627
SEEDV_Q1_SAFE_SESSION3_16sub.npz,3,3,Neutral,O2,Occipital,8400,0.018743082880973816,0.009989328682422638,0.0036616416182368994,0.0018061974551528692
SEEDV_Q1_SAFE_SESSION3_16sub.npz,3,3,Neutral,CB2,Occipital,8400,0.019096260890364647,0.008425570093095303,0.0034500507172197104,0.0017785195959731936
SEEDV_Q1_SAFE_SESSION3_16sub.npz,3,4,Happy,FP1,Frontal,7824,0.017891259863972664,0.006205207202583551,0.004702270496636629,0.0033955129329115152
SEEDV_Q1_SAFE_SESSION3_16sub.npz,3,4,Happy,FPZ,Frontal,7824,0.02019646391272545,0.006466144695878029,0.003692988771945238,0.0027805969584733248
SEEDV_Q1_SAFE_SESSION3_16sub.npz,3,4,Happy,FP2,Frontal,7824,0.01751832291483879,0.0061437697149813175,0.004968241788446903,0.003694011829793453
SEEDV_Q1_SAFE_SESSION3_16sub.npz,3,4,Happy,AF3,Frontal,7824,0.01952260732650757,0.008088469505310059,0.004646578337997198,0.0030709279235452414
SEEDV_Q1_SAFE_SESSION3_16sub.npz,3,4,Happy,AF4,Frontal,7824,0.018260417506098747,0.008976670913398266,0.005058718379586935,0.0031758295372128487
SEEDV_Q1_SAFE_SESSION3_16sub.npz,3,4,Happy,F7,Frontal,7824,0.014194543473422527,0.006142527796328068,0.004098078235983849,0.0032691936939954758
SEEDV_Q1_SAFE_SESSION3_16sub.npz,3,4,Happy,F5,Frontal,7824,0.013996485620737076,0.007079253438860178,0.005236736964434385,0.0039281477220356464
SEEDV_Q1_SAFE_SESSION3_16sub.npz,3,4,Happy,F3,Frontal,7824,0.018441958352923393,0.009646553546190262,0.005811925046145916,0.003294953377917409
SEEDV_Q1_SAFE_SESSION3_16sub.npz,3,4,Happy,F1,Frontal,7824,0.021188508719205856,0.012730233371257782,0.005057660862803459,0.0021400998812168837
SEEDV_Q1_SAFE_SESSION3_16sub.npz,3,4,Happy,FZ,Frontal,7824,0.025014536455273628,0.013931783847510815,0.00423269672319293,0.0015090765664353967
SEEDV_Q1_SAFE_SESSION3_16sub.npz,3,4,Happy,F2,Frontal,7824,0.022538520395755768,0.01343842875212431,0.005036461167037487,0.002101300749927759
SEEDV_Q1_SAFE_SESSION3_16sub.npz,3,4,Happy,F4,Frontal,7824,0.019240645691752434,0.010452836751937866,0.005824330262839794,0.0032449106220155954
SEEDV_Q1_SAFE_SESSION3_16sub.npz,3,4,Happy,F6,Frontal,7824,0.015242411755025387,0.007674465887248516,0.005629968363791704,0.004102380946278572
SEEDV_Q1_SAFE_SESSION3_16sub.npz,3,4,Happy,F8,Frontal,7824,0.014079607091844082,0.005992130376398563,0.004840991925448179,0.003959060646593571
SEEDV_Q1_SAFE_SESSION3_16sub.npz,3,4,Happy,FT7,Temporal,7824,0.01230697799474001,0.006746657192707062,0.007861698977649212,0.007313293404877186
SEEDV_Q1_SAFE_SESSION3_16sub.npz,3,4,Happy,FC5,Frontal,7824,0.012963436543941498,0.007597539573907852,0.007909439504146576,0.006390350870788097
SEEDV_Q1_SAFE_SESSION3_16sub.npz,3,4,Happy,FC3,Frontal,7824,0.01893649622797966,0.013055190443992615,0.006660945247858763,0.0038248340133577585
SEEDV_Q1_SAFE_SESSION3_16sub.npz,3,4,Happy,FC1,Frontal,7824,0.023090286180377007,0.01401936449110508,0.005455350037664175,0.0023647909983992577
SEEDV_Q1_SAFE_SESSION3_16sub.npz,3,4,Happy,FCZ,Frontal,7824,0.02707761712372303,0.016145063564181328,0.004812412895262241,0.001711142947897315
SEEDV_Q1_SAFE_SESSION3_16sub.npz,3,4,Happy,FC2,Frontal,7824,0.023704126477241516,0.014405408874154091,0.0052655222825706005,0.002186200115829706
SEEDV_Q1_SAFE_SESSION3_16sub.npz,3,4,Happy,FC4,Frontal,7824,0.019745975732803345,0.013258544728159904,0.006428873632103205,0.0033836644142866135
SEEDV_Q1_SAFE_SESSION3_16sub.npz,3,4,Happy,FC6,Frontal,7824,0.013567173853516579,0.008044850081205368,0.0069070314057171345,0.005432025995105505
SEEDV_Q1_SAFE_SESSION3_16sub.npz,3,4,Happy,FT8,Temporal,7824,0.012594099156558514,0.006924074608832598,0.0066520762629806995,0.00650413753464818
SEEDV_Q1_SAFE_SESSION3_16sub.npz,3,4,Happy,T7,Temporal,7824,0.010379972867667675,0.006466079503297806,0.012900467030704021,0.012017014436423779
SEEDV_Q1_SAFE_SESSION3_16sub.npz,3,4,Happy,C5,Central/Motor,7824,0.0138001199811697,0.011024516075849533,0.00913652591407299,0.006554812658578157
SEEDV_Q1_SAFE_SESSION3_16sub.npz,3,4,Happy,C3,Central/Motor,7824,0.01713765226304531,0.017110735177993774,0.006858913227915764,0.0037619841750711203
SEEDV_Q1_SAFE_SESSION3_16sub.npz,3,4,Happy,C1,Central/Motor,7824,0.02160939760506153,0.016138294711709023,0.00545883784070611,0.002387215616181493
SEEDV_Q1_SAFE_SESSION3_16sub.npz,3,4,Happy,CZ,Central/Motor,7824,0.025679873302578926,0.014512329362332821,0.004398711957037449,0.001643632771447301
SEEDV_Q1_SAFE_SESSION3_16sub.npz,3,4,Happy,C2,Central/Motor,7824,0.02211615815758705,0.015577061101794243,0.0051102046854794025,0.0021220077760517597
SEEDV_Q1_SAFE_SESSION3_16sub.npz,3,4,Happy,C4,Central/Motor,7824,0.01752721332013607,0.0156544279307127,0.006822541821748018,0.0038965833373367786
SEEDV_Q1_SAFE_SESSION3_16sub.npz,3,4,Happy,C6,Central/Motor,7824,0.013360717333853245,0.010778624564409256,0.008772295899689198,0.006544776726514101
SEEDV_Q1_SAFE_SESSION3_16sub.npz,3,4,Happy,T8,Temporal,7824,0.011335515417158604,0.006824916228652,0.010990604758262634,0.010334071703255177
SEEDV_Q1_SAFE_SESSION3_16sub.npz,3,4,Happy,TP7,Temporal,7824,0.015534806996583939,0.0091328676789999,0.008278082124888897,0.006240906193852425
SEEDV_Q1_SAFE_SESSION3_16sub.npz,3,4,Happy,CP5,Parietal,7824,0.017663154751062393,0.013152874074876308,0.006387691479176283,0.004016766790300608
SEEDV_Q1_SAFE_SESSION3_16sub.npz,3,4,Happy,CP3,Parietal,7824,0.01860613003373146,0.016373299062252045,0.005478044971823692,0.002611621515825391
SEEDV_Q1_SAFE_SESSION3_16sub.npz,3,4,Happy,CP1,Parietal,7824,0.022279616445302963,0.01606910489499569,0.004920914303511381,0.00194329465739429
SEEDV_Q1_SAFE_SESSION3_16sub.npz,3,4,Happy,CPZ,Parietal,7824,0.024198465049266815,0.014922162517905235,0.0041151889599859715,0.0013480237685143948
SEEDV_Q1_SAFE_SESSION3_16sub.npz,3,4,Happy,CP2,Parietal,7824,0.022393861785531044,0.01627309061586857,0.004554681945592165,0.0016862157499417663
SEEDV_Q1_SAFE_SESSION3_16sub.npz,3,4,Happy,CP4,Parietal,7824,0.018554354086518288,0.015550192445516586,0.005287121050059795,0.0026139337569475174
SEEDV_Q1_SAFE_SESSION3_16sub.npz,3,4,Happy,CP6,Parietal,7824,0.01700872927904129,0.012646710500121117,0.00589961651712656,0.0038664303719997406
SEEDV_Q1_SAFE_SESSION3_16sub.npz,3,4,Happy,TP8,Temporal,7824,0.013360326178371906,0.008207736536860466,0.010499691590666771,0.009013500064611435
SEEDV_Q1_SAFE_SESSION3_16sub.npz,3,4,Happy,P7,Parietal,7824,0.01783153787255287,0.010275500826537609,0.006619026884436607,0.004452317953109741
SEEDV_Q1_SAFE_SESSION3_16sub.npz,3,4,Happy,P5,Parietal,7824,0.019673781469464302,0.012827559374272823,0.00595829077064991,0.003547529922798276
SEEDV_Q1_SAFE_SESSION3_16sub.npz,3,4,Happy,P3,Parietal,7824,0.020444482564926147,0.014196602627635002,0.005658104550093412,0.0029728191439062357
SEEDV_Q1_SAFE_SESSION3_16sub.npz,3,4,Happy,P1,Parietal,7824,0.024968648329377174,0.014497863128781319,0.004556643310934305,0.0018223560182377696
SEEDV_Q1_SAFE_SESSION3_16sub.npz,3,4,Happy,PZ,Parietal,7824,0.027539437636733055,0.014340504072606564,0.00399597967043519,0.0011817177291959524
SEEDV_Q1_SAFE_SESSION3_16sub.npz,3,4,Happy,P2,Parietal,7824,0.027031181380152702,0.015006800182163715,0.00408435333520174,0.0012826487654820085
SEEDV_Q1_SAFE_SESSION3_16sub.npz,3,4,Happy,P4,Parietal,7824,0.021127646788954735,0.013325334526598454,0.004695817828178406,0.0023971283808350563
SEEDV_Q1_SAFE_SESSION3_16sub.npz,3,4,Happy,P6,Parietal,7824,0.020729167386889458,0.012255236506462097,0.005448545329272747,0.0034118080511689186
SEEDV_Q1_SAFE_SESSION3_16sub.npz,3,4,Happy,P8,Parietal,7824,0.01748468354344368,0.009837090037763119,0.006619988474994898,0.0048159887082874775
SEEDV_Q1_SAFE_SESSION3_16sub.npz,3,4,Happy,PO7,Occipital,7824,0.01799749583005905,0.010387133806943893,0.006445012520998716,0.004719629883766174
SEEDV_Q1_SAFE_SESSION3_16sub.npz,3,4,Happy,PO5,Occipital,7824,0.019719259813427925,0.011735593900084496,0.006365275476127863,0.0044155241921544075
SEEDV_Q1_SAFE_SESSION3_16sub.npz,3,4,Happy,PO3,Occipital,7824,0.02399490401148796,0.013369645923376083,0.004999740980565548,0.0026608468033373356
SEEDV_Q1_SAFE_SESSION3_16sub.npz,3,4,Happy,POZ,Occipital,7824,0.02929103560745716,0.01367106195539236,0.004206144716590643,0.0015093089314177632
SEEDV_Q1_SAFE_SESSION3_16sub.npz,3,4,Happy,PO4,Occipital,7824,0.026015426963567734,0.013371874578297138,0.004310733173042536,0.001843794365413487
SEEDV_Q1_SAFE_SESSION3_16sub.npz,3,4,Happy,PO6,Occipital,7824,0.02236810140311718,0.011858518235385418,0.0048922947607934475,0.002588686067610979
SEEDV_Q1_SAFE_SESSION3_16sub.npz,3,4,Happy,PO8,Occipital,7824,0.02037922292947769,0.010290512815117836,0.005820217542350292,0.003779961261898279
SEEDV_Q1_SAFE_SESSION3_16sub.npz,3,4,Happy,CB1,Occipital,7824,0.01968764327466488,0.009623453952372074,0.005834975745528936,0.004134524147957563
SEEDV_Q1_SAFE_SESSION3_16sub.npz,3,4,Happy,O1,Occipital,7824,0.020910022780299187,0.010503186844289303,0.0060580819845199585,0.0045242151245474815
SEEDV_Q1_SAFE_SESSION3_16sub.npz,3,4,Happy,OZ,Occipital,7824,0.02256103605031967,0.010326165705919266,0.00499760452657938,0.002925798064097762
SEEDV_Q1_SAFE_SESSION3_16sub.npz,3,4,Happy,O2,Occipital,7824,0.02080908976495266,0.010754452086985111,0.005170061253011227,0.0030874533113092184
SEEDV_Q1_SAFE_SESSION3_16sub.npz,3,4,Happy,CB2,Occipital,7824,0.02009204775094986,0.008877727203071117,0.004713831469416618,0.0027628629468381405
