enroll_session,test_session,enroll_emotion,test_emotion,transition,region,theta_power_drift,alpha_power_drift,beta_power_drift,gamma_power_drift,total_psd_drift,variant,seed,EER,AUC
SEEDV_Q1_SAFE_SESSION1_16sub.npz,SEEDV_Q1_SAFE_SESSION2_16sub.npz,Disgust,Disgust,Disgust->Disgust,Frontal,0.0006537034752823051,0.00047817910533575793,0.000691070354410581,0.0005738562128196159,0.00239680914784826,arcface_supcon_cnn,0,0.084608644859813,0.9462837584637124
SEEDV_Q1_SAFE_SESSION1_16sub.npz,SEEDV_Q1_SAFE_SESSION2_16sub.npz,Disgust,Disgust,Disgust->Disgust,Frontal,0.0006537034752823051,0.00047817910533575793,0.000691070354410581,0.0005738562128196159,0.00239680914784826,arcface_supcon_cnn,1,0.0851440809968847,0.955444374321038
SEEDV_Q1_SAFE_SESSION1_16sub.npz,SEEDV_Q1_SAFE_SESSION2_16sub.npz,Disgust,Disgust,Disgust->Disgust,Frontal,0.0006537034752823051,0.00047817910533575793,0.000691070354410581,0.0005738562128196159,0.00239680914784826,arcface_supcon_cnn,2,0.0792737538940809,0.96697382524197
SEEDV_Q1_SAFE_SESSION1_16sub.npz,SEEDV_Q1_SAFE_SESSION2_16sub.npz,Disgust,Disgust,Disgust->Disgust,Frontal,0.0006537034752823051,0.00047817910533575793,0.000691070354410581,0.0005738562128196159,0.00239680914784826,arcface_supcon_cnn,3,0.0867503894080996,0.948615301077059
SEEDV_Q1_SAFE_SESSION1_16sub.npz,SEEDV_Q1_SAFE_SESSION2_16sub.npz,Disgust,Disgust,Disgust->Disgust,Frontal,0.0006537034752823051,0.00047817910533575793,0.000691070354410581,0.0005738562128196159,0.00239680914784826,arcface_supcon_cnn,4,0.0752725856697819,0.977609303663484
SEEDV_Q1_SAFE_SESSION1_16sub.npz,SEEDV_Q1_SAFE_SESSION2_16sub.npz,Disgust,Disgust,Disgust->Disgust,Central/Motor,0.000797885337046212,0.00046802019434315743,0.00012821032266531734,0.0001919965226469299,0.0015861123767016167,arcface_supcon_cnn,0,0.084608644859813,0.9462837584637124
SEEDV_Q1_SAFE_SESSION1_16sub.npz,SEEDV_Q1_SAFE_SESSION2_16sub.npz,Disgust,Disgust,Disgust->Disgust,Central/Motor,0.000797885337046212,0.00046802019434315743,0.00012821032266531734,0.0001919965226469299,0.0015861123767016167,arcface_supcon_cnn,1,0.0851440809968847,0.955444374321038
SEEDV_Q1_SAFE_SESSION1_16sub.npz,SEEDV_Q1_SAFE_SESSION2_16sub.npz,Disgust,Disgust,Disgust->Disgust,Central/Motor,0.000797885337046212,0.00046802019434315743,0.00012821032266531734,0.0001919965226469299,0.0015861123767016167,arcface_supcon_cnn,2,0.0792737538940809,0.96697382524197
SEEDV_Q1_SAFE_SESSION1_16sub.npz,SEEDV_Q1_SAFE_SESSION2_16sub.npz,Disgust,Disgust,Disgust->Disgust,Central/Motor,0.000797885337046212,0.00046802019434315743,0.00012821032266531734,0.0001919965226469299,0.0015861123767016167,arcface_supcon_cnn,3,0.0867503894080996,0.948615301077059
SEEDV_Q1_SAFE_SESSION1_16sub.npz,SEEDV_Q1_SAFE_SESSION2_16sub.npz,Disgust,Disgust,Disgust->Disgust,Central/Motor,0.000797885337046212,0.00046802019434315743,0.00012821032266531734,0.0001919965226469299,0.0015861123767016167,arcface_supcon_cnn,4,0.0752725856697819,0.977609303663484
SEEDV_Q1_SAFE_SESSION1_16sub.npz,SEEDV_Q1_SAFE_SESSION2_16sub.npz,Disgust,Disgust,Disgust->Disgust,Temporal,0.0005093657722075769,0.0004755400586873293,0.00044637165653209007,0.0005567324503014479,0.001988009937728444,arcface_supcon_cnn,0,0.084608644859813,0.9462837584637124
SEEDV_Q1_SAFE_SESSION1_16sub.npz,SEEDV_Q1_SAFE_SESSION2_16sub.npz,Disgust,Disgust,Disgust->Disgust,Temporal,0.0005093657722075769,0.0004755400586873293,0.00044637165653209007,0.0005567324503014479,0.001988009937728444,arcface_supcon_cnn,1,0.0851440809968847,0.955444374321038
SEEDV_Q1_SAFE_SESSION1_16sub.npz,SEEDV_Q1_SAFE_SESSION2_16sub.npz,Disgust,Disgust,Disgust->Disgust,Temporal,0.0005093657722075769,0.0004755400586873293,0.00044637165653209007,0.0005567324503014479,0.001988009937728444,arcface_supcon_cnn,2,0.0792737538940809,0.96697382524197
SEEDV_Q1_SAFE_SESSION1_16sub.npz,SEEDV_Q1_SAFE_SESSION2_16sub.npz,Disgust,Disgust,Disgust->Disgust,Temporal,0.0005093657722075769,0.0004755400586873293,0.00044637165653209007,0.0005567324503014479,0.001988009937728444,arcface_supcon_cnn,3,0.0867503894080996,0.948615301077059
SEEDV_Q1_SAFE_SESSION1_16sub.npz,SEEDV_Q1_SAFE_SESSION2_16sub.npz,Disgust,Disgust,Disgust->Disgust,Temporal,0.0005093657722075769,0.0004755400586873293,0.00044637165653209007,0.0005567324503014479,0.001988009937728444,arcface_supcon_cnn,4,0.0752725856697819,0.977609303663484
SEEDV_Q1_SAFE_SESSION1_16sub.npz,SEEDV_Q1_SAFE_SESSION2_16sub.npz,Disgust,Disgust,Disgust->Disgust,Parietal,0.00031132902950048447,0.0008148757624439895,0.00018177987658418715,6.227438279893249e-05,0.0013702590513275936,arcface_supcon_cnn,0,0.084608644859813,0.9462837584637124
SEEDV_Q1_SAFE_SESSION1_16sub.npz,SEEDV_Q1_SAFE_SESSION2_16sub.npz,Disgust,Disgust,Disgust->Disgust,Parietal,0.00031132902950048447,0.0008148757624439895,0.00018177987658418715,6.227438279893249e-05,0.0013702590513275936,arcface_supcon_cnn,1,0.0851440809968847,0.955444374321038
SEEDV_Q1_SAFE_SESSION1_16sub.npz,SEEDV_Q1_SAFE_SESSION2_16sub.npz,Disgust,Disgust,Disgust->Disgust,Parietal,0.00031132902950048447,0.0008148757624439895,0.00018177987658418715,6.227438279893249e-05,0.0013702590513275936,arcface_supcon_cnn,2,0.0792737538940809,0.96697382524197
SEEDV_Q1_SAFE_SESSION1_16sub.npz,SEEDV_Q1_SAFE_SESSION2_16sub.npz,Disgust,Disgust,Disgust->Disgust,Parietal,0.00031132902950048447,0.0008148757624439895,0.00018177987658418715,6.227438279893249e-05,0.0013702590513275936,arcface_supcon_cnn,3,0.0867503894080996,0.948615301077059
SEEDV_Q1_SAFE_SESSION1_16sub.npz,SEEDV_Q1_SAFE_SESSION2_16sub.npz,Disgust,Disgust,Disgust->Disgust,Parietal,0.00031132902950048447,0.0008148757624439895,0.00018177987658418715,6.227438279893249e-05,0.0013702590513275936,arcface_supcon_cnn,4,0.0752725856697819,0.977609303663484
SEEDV_Q1_SAFE_SESSION1_16sub.npz,SEEDV_Q1_SAFE_SESSION2_16sub.npz,Disgust,Disgust,Disgust->Disgust,Occipital,0.001613949580738943,0.0010788566432893276,0.00015650546023001245,0.0002032086097945771,0.00305252029405286,arcface_supcon_cnn,0,0.084608644859813,0.9462837584637124
SEEDV_Q1_SAFE_SESSION1_16sub.npz,SEEDV_Q1_SAFE_SESSION2_16sub.npz,Disgust,Disgust,Disgust->Disgust,Occipital,0.001613949580738943,0.0010788566432893276,0.00015650546023001245,0.0002032086097945771,0.00305252029405286,arcface_supcon_cnn,1,0.0851440809968847,0.955444374321038
SEEDV_Q1_SAFE_SESSION1_16sub.npz,SEEDV_Q1_SAFE_SESSION2_16sub.npz,Disgust,Disgust,Disgust->Disgust,Occipital,0.001613949580738943,0.0010788566432893276,0.00015650546023001245,0.0002032086097945771,0.00305252029405286,arcface_supcon_cnn,2,0.0792737538940809,0.96697382524197
SEEDV_Q1_SAFE_SESSION1_16sub.npz,SEEDV_Q1_SAFE_SESSION2_16sub.npz,Disgust,Disgust,Disgust->Disgust,Occipital,0.001613949580738943,0.0010788566432893276,0.00015650546023001245,0.0002032086097945771,0.00305252029405286,arcface_supcon_cnn,3,0.0867503894080996,0.948615301077059
SEEDV_Q1_SAFE_SESSION1_16sub.npz,SEEDV_Q1_SAFE_SESSION2_16sub.npz,Disgust,Disgust,Disgust->Disgust,Occipital,0.001613949580738943,0.0010788566432893276,0.00015650546023001245,0.0002032086097945771,0.00305252029405286,arcface_supcon_cnn,4,0.0752725856697819,0.977609303663484
SEEDV_Q1_SAFE_SESSION1_16sub.npz,SEEDV_Q1_SAFE_SESSION2_16sub.npz,Disgust,Fear,Disgust->Fear,Frontal,0.0006601703131482693,0.0005696218992982584,0.00045187216961667647,0.00023713398591748312,0.0019187983679806874,arcface_supcon_cnn,0,0.0686363636363636,0.96038935821281
SEEDV_Q1_SAFE_SESSION1_16sub.npz,SEEDV_Q1_SAFE_SESSION2_16sub.npz,Disgust,Fear,Disgust->Fear,Frontal,0.0006601703131482693,0.0005696218992982584,0.00045187216961667647,0.00023713398591748312,0.0019187983679806874,arcface_supcon_cnn,1,0.0708863636363636,0.9670181856921488
SEEDV_Q1_SAFE_SESSION1_16sub.npz,SEEDV_Q1_SAFE_SESSION2_16sub.npz,Disgust,Fear,Disgust->Fear,Frontal,0.0006601703131482693,0.0005696218992982584,0.00045187216961667647,0.00023713398591748312,0.0019187983679806874,arcface_supcon_cnn,2,0.0648939393939393,0.985021385158402
SEEDV_Q1_SAFE_SESSION1_16sub.npz,SEEDV_Q1_SAFE_SESSION2_16sub.npz,Disgust,Fear,Disgust->Fear,Frontal,0.0006601703131482693,0.0005696218992982584,0.00045187216961667647,0.00023713398591748312,0.0019187983679806874,arcface_supcon_cnn,3,0.0701893939393939,0.9623880914256198
SEEDV_Q1_SAFE_SESSION1_16sub.npz,SEEDV_Q1_SAFE_SESSION2_16sub.npz,Disgust,Fear,Disgust->Fear,Frontal,0.0006601703131482693,0.0005696218992982584,0.00045187216961667647,0.00023713398591748312,0.0019187983679806874,arcface_supcon_cnn,4,0.0607954545454545,0.9909151424758952
SEEDV_Q1_SAFE_SESSION1_16sub.npz,SEEDV_Q1_SAFE_SESSION2_16sub.npz,Disgust,Fear,Disgust->Fear,Central/Motor,0.0007884191083056581,0.0002605744770595008,0.00023271283134818077,0.000463522255553731,0.0017452286722670707,arcface_supcon_cnn,0,0.0686363636363636,0.96038935821281
SEEDV_Q1_SAFE_SESSION1_16sub.npz,SEEDV_Q1_SAFE_SESSION2_16sub.npz,Disgust,Fear,Disgust->Fear,Central/Motor,0.0007884191083056581,0.0002605744770595008,0.00023271283134818077,0.000463522255553731,0.0017452286722670707,arcface_supcon_cnn,1,0.0708863636363636,0.9670181856921488
SEEDV_Q1_SAFE_SESSION1_16sub.npz,SEEDV_Q1_SAFE_SESSION2_16sub.npz,Disgust,Fear,Disgust->Fear,Central/Motor,0.0007884191083056581,0.0002605744770595008,0.00023271283134818077,0.000463522255553731,0.0017452286722670707,arcface_supcon_cnn,2,0.0648939393939393,0.985021385158402
SEEDV_Q1_SAFE_SESSION1_16sub.npz,SEEDV_Q1_SAFE_SESSION2_16sub.npz,Disgust,Fear,Disgust->Fear,Central/Motor,0.0007884191083056581,0.0002605744770595008,0.00023271283134818077,0.000463522255553731,0.0017452286722670707,arcface_supcon_cnn,3,0.0701893939393939,0.9623880914256198
SEEDV_Q1_SAFE_SESSION1_16sub.npz,SEEDV_Q1_SAFE_SESSION2_16sub.npz,Disgust,Fear,Disgust->Fear,Central/Motor,0.0007884191083056581,0.0002605744770595008,0.00023271283134818077,0.000463522255553731,0.0017452286722670707,arcface_supcon_cnn,4,0.0607954545454545,0.9909151424758952
SEEDV_Q1_SAFE_SESSION1_16sub.npz,SEEDV_Q1_SAFE_SESSION2_16sub.npz,Disgust,Fear,Disgust->Fear,Temporal,8.653212959567648e-05,0.0003475104458630085,0.0007227671643098201,0.0008047724453111495,0.0019615821850796546,arcface_supcon_cnn,0,0.0686363636363636,0.96038935821281
SEEDV_Q1_SAFE_SESSION1_16sub.npz,SEEDV_Q1_SAFE_SESSION2_16sub.npz,Disgust,Fear,Disgust->Fear,Temporal,8.653212959567648e-05,0.0003475104458630085,0.0007227671643098201,0.0008047724453111495,0.0019615821850796546,arcface_supcon_cnn,1,0.0708863636363636,0.9670181856921488
SEEDV_Q1_SAFE_SESSION1_16sub.npz,SEEDV_Q1_SAFE_SESSION2_16sub.npz,Disgust,Fear,Disgust->Fear,Temporal,8.653212959567648e-05,0.0003475104458630085,0.0007227671643098201,0.0008047724453111495,0.0019615821850796546,arcface_supcon_cnn,2,0.0648939393939393,0.985021385158402
SEEDV_Q1_SAFE_SESSION1_16sub.npz,SEEDV_Q1_SAFE_SESSION2_16sub.npz,Disgust,Fear,Disgust->Fear,Temporal,8.653212959567648e-05,0.0003475104458630085,0.0007227671643098201,0.0008047724453111495,0.0019615821850796546,arcface_supcon_cnn,3,0.0701893939393939,0.9623880914256198
SEEDV_Q1_SAFE_SESSION1_16sub.npz,SEEDV_Q1_SAFE_SESSION2_16sub.npz,Disgust,Fear,Disgust->Fear,Temporal,8.653212959567648e-05,0.0003475104458630085,0.0007227671643098201,0.0008047724453111495,0.0019615821850796546,arcface_supcon_cnn,4,0.0607954545454545,0.9909151424758952
SEEDV_Q1_SAFE_SESSION1_16sub.npz,SEEDV_Q1_SAFE_SESSION2_16sub.npz,Disgust,Fear,Disgust->Fear,Parietal,0.0013500952627509832,0.0007848351378925145,0.00017322023632004857,5.239890742814168e-05,0.002360549544391688,arcface_supcon_cnn,0,0.0686363636363636,0.96038935821281
SEEDV_Q1_SAFE_SESSION1_16sub.npz,SEEDV_Q1_SAFE_SESSION2_16sub.npz,Disgust,Fear,Disgust->Fear,Parietal,0.0013500952627509832,0.0007848351378925145,0.00017322023632004857,5.239890742814168e-05,0.002360549544391688,arcface_supcon_cnn,1,0.0708863636363636,0.9670181856921488
SEEDV_Q1_SAFE_SESSION1_16sub.npz,SEEDV_Q1_SAFE_SESSION2_16sub.npz,Disgust,Fear,Disgust->Fear,Parietal,0.0013500952627509832,0.0007848351378925145,0.00017322023632004857,5.239890742814168e-05,0.002360549544391688,arcface_supcon_cnn,2,0.0648939393939393,0.985021385158402
SEEDV_Q1_SAFE_SESSION1_16sub.npz,SEEDV_Q1_SAFE_SESSION2_16sub.npz,Disgust,Fear,Disgust->Fear,Parietal,0.0013500952627509832,0.0007848351378925145,0.00017322023632004857,5.239890742814168e-05,0.002360549544391688,arcface_supcon_cnn,3,0.0701893939393939,0.9623880914256198
SEEDV_Q1_SAFE_SESSION1_16sub.npz,SEEDV_Q1_SAFE_SESSION2_16sub.npz,Disgust,Fear,Disgust->Fear,Parietal,0.0013500952627509832,0.0007848351378925145,0.00017322023632004857,5.239890742814168e-05,0.002360549544391688,arcface_supcon_cnn,4,0.0607954545454545,0.9909151424758952
SEEDV_Q1_SAFE_SESSION1_16sub.npz,SEEDV_Q1_SAFE_SESSION2_16sub.npz,Disgust,Fear,Disgust->Fear,Occipital,0.0002967483984927348,0.001871405790249506,0.00044852561162163785,0.0003754667704924941,0.002992146570856373,arcface_supcon_cnn,0,0.0686363636363636,0.96038935821281
SEEDV_Q1_SAFE_SESSION1_16sub.npz,SEEDV_Q1_SAFE_SESSION2_16sub.npz,Disgust,Fear,Disgust->Fear,Occipital,0.0002967483984927348,0.001871405790249506,0.00044852561162163785,0.0003754667704924941,0.002992146570856373,arcface_supcon_cnn,1,0.0708863636363636,0.9670181856921488
SEEDV_Q1_SAFE_SESSION1_16sub.npz,SEEDV_Q1_SAFE_SESSION2_16sub.npz,Disgust,Fear,Disgust->Fear,Occipital,0.0002967483984927348,0.001871405790249506,0.00044852561162163785,0.0003754667704924941,0.002992146570856373,arcface_supcon_cnn,2,0.0648939393939393,0.985021385158402
SEEDV_Q1_SAFE_SESSION1_16sub.npz,SEEDV_Q1_SAFE_SESSION2_16sub.npz,Disgust,Fear,Disgust->Fear,Occipital,0.0002967483984927348,0.001871405790249506,0.00044852561162163785,0.0003754667704924941,0.002992146570856373,arcface_supcon_cnn,3,0.0701893939393939,0.9623880914256198
SEEDV_Q1_SAFE_SESSION1_16sub.npz,SEEDV_Q1_SAFE_SESSION2_16sub.npz,Disgust,Fear,Disgust->Fear,Occipital,0.0002967483984927348,0.001871405790249506,0.00044852561162163785,0.0003754667704924941,0.002992146570856373,arcface_supcon_cnn,4,0.0607954545454545,0.9909151424758952
SEEDV_Q1_SAFE_SESSION1_16sub.npz,SEEDV_Q1_SAFE_SESSION2_16sub.npz,Disgust,Happy,Disgust->Happy,Frontal,5.124637945776861e-05,0.0004357992715778806,0.00023072592115828006,0.00011246159140552818,0.0008302331635994574,arcface_supcon_cnn,0,0.0711571233810497,0.9588752780583192
SEEDV_Q1_SAFE_SESSION1_16sub.npz,SEEDV_Q1_SAFE_SESSION2_16sub.npz,Disgust,Happy,Disgust->Happy,Frontal,5.124637945776861e-05,0.0004357992715778806,0.00023072592115828006,0.00011246159140552818,0.0008302331635994574,arcface_supcon_cnn,1,0.0746932515337423,0.9644922336216112
SEEDV_Q1_SAFE_SESSION1_16sub.npz,SEEDV_Q1_SAFE_SESSION2_16sub.npz,Disgust,Happy,Disgust->Happy,Frontal,5.124637945776861e-05,0.0004357992715778806,0.00023072592115828006,0.00011246159140552818,0.0008302331635994574,arcface_supcon_cnn,2,0.0670415814587593,0.9833725862551456
SEEDV_Q1_SAFE_SESSION1_16sub.npz,SEEDV_Q1_SAFE_SESSION2_16sub.npz,Disgust,Happy,Disgust->Happy,Frontal,5.124637945776861e-05,0.0004357992715778806,0.00023072592115828006,0.00011246159140552818,0.0008302331635994574,arcface_supcon_cnn,3,0.0684560327198364,0.9608368258338176
SEEDV_Q1_SAFE_SESSION1_16sub.npz,SEEDV_Q1_SAFE_SESSION2_16sub.npz,Disgust,Happy,Disgust->Happy,Frontal,5.124637945776861e-05,0.0004357992715778806,0.00023072592115828006,0.00011246159140552818,0.0008302331635994574,arcface_supcon_cnn,4,0.0680725971370143,0.9884340045590588
SEEDV_Q1_SAFE_SESSION1_16sub.npz,SEEDV_Q1_SAFE_SESSION2_16sub.npz,Disgust,Happy,Disgust->Happy,Central/Motor,0.000833258698029176,0.0005365692611251551,7.517808782202869e-05,0.00027606721102659167,0.0017210732580029515,arcface_supcon_cnn,0,0.0711571233810497,0.9588752780583192
SEEDV_Q1_SAFE_SESSION1_16sub.npz,SEEDV_Q1_SAFE_SESSION2_16sub.npz,Disgust,Happy,Disgust->Happy,Central/Motor,0.000833258698029176,0.0005365692611251551,7.517808782202869e-05,0.00027606721102659167,0.0017210732580029515,arcface_supcon_cnn,1,0.0746932515337423,0.9644922336216112
SEEDV_Q1_SAFE_SESSION1_16sub.npz,SEEDV_Q1_SAFE_SESSION2_16sub.npz,Disgust,Happy,Disgust->Happy,Central/Motor,0.000833258698029176,0.0005365692611251551,7.517808782202869e-05,0.00027606721102659167,0.0017210732580029515,arcface_supcon_cnn,2,0.0670415814587593,0.9833725862551456
SEEDV_Q1_SAFE_SESSION1_16sub.npz,SEEDV_Q1_SAFE_SESSION2_16sub.npz,Disgust,Happy,Disgust->Happy,Central/Motor,0.000833258698029176,0.0005365692611251551,7.517808782202869e-05,0.00027606721102659167,0.0017210732580029515,arcface_supcon_cnn,3,0.0684560327198364,0.9608368258338176
SEEDV_Q1_SAFE_SESSION1_16sub.npz,SEEDV_Q1_SAFE_SESSION2_16sub.npz,Disgust,Happy,Disgust->Happy,Central/Motor,0.000833258698029176,0.0005365692611251551,7.517808782202869e-05,0.00027606721102659167,0.0017210732580029515,arcface_supcon_cnn,4,0.0680725971370143,0.9884340045590588
SEEDV_Q1_SAFE_SESSION1_16sub.npz,SEEDV_Q1_SAFE_SESSION2_16sub.npz,Disgust,Happy,Disgust->Happy,Temporal,0.001153513789176941,0.0006545813133319207,0.0009435998120655622,0.00021921214647591114,0.002970907061050335,arcface_supcon_cnn,0,0.0711571233810497,0.9588752780583192
SEEDV_Q1_SAFE_SESSION1_16sub.npz,SEEDV_Q1_SAFE_SESSION2_16sub.npz,Disgust,Happy,Disgust->Happy,Temporal,0.001153513789176941,0.0006545813133319207,0.0009435998120655622,0.00021921214647591114,0.002970907061050335,arcface_supcon_cnn,1,0.0746932515337423,0.9644922336216112
SEEDV_Q1_SAFE_SESSION1_16sub.npz,SEEDV_Q1_SAFE_SESSION2_16sub.npz,Disgust,Happy,Disgust->Happy,Temporal,0.001153513789176941,0.0006545813133319207,0.0009435998120655622,0.00021921214647591114,0.002970907061050335,arcface_supcon_cnn,2,0.0670415814587593,0.9833725862551456
SEEDV_Q1_SAFE_SESSION1_16sub.npz,SEEDV_Q1_SAFE_SESSION2_16sub.npz,Disgust,Happy,Disgust->Happy,Temporal,0.001153513789176941,0.0006545813133319207,0.0009435998120655622,0.00021921214647591114,0.002970907061050335,arcface_supcon_cnn,3,0.0684560327198364,0.9608368258338176
SEEDV_Q1_SAFE_SESSION1_16sub.npz,SEEDV_Q1_SAFE_SESSION2_16sub.npz,Disgust,Happy,Disgust->Happy,Temporal,0.001153513789176941,0.0006545813133319207,0.0009435998120655622,0.00021921214647591114,0.002970907061050335,arcface_supcon_cnn,4,0.0680725971370143,0.9884340045590588
SEEDV_Q1_SAFE_SESSION1_16sub.npz,SEEDV_Q1_SAFE_SESSION2_16sub.npz,Disgust,Happy,Disgust->Happy,Parietal,0.0008371036965399981,0.0014903413248248398,0.0005795392207801342,0.00029140741389710456,0.0031983916560420766,arcface_supcon_cnn,0,0.0711571233810497,0.9588752780583192
SEEDV_Q1_SAFE_SESSION1_16sub.npz,SEEDV_Q1_SAFE_SESSION2_16sub.npz,Disgust,Happy,Disgust->Happy,Parietal,0.0008371036965399981,0.0014903413248248398,0.0005795392207801342,0.00029140741389710456,0.0031983916560420766,arcface_supcon_cnn,1,0.0746932515337423,0.9644922336216112
SEEDV_Q1_SAFE_SESSION1_16sub.npz,SEEDV_Q1_SAFE_SESSION2_16sub.npz,Disgust,Happy,Disgust->Happy,Parietal,0.0008371036965399981,0.0014903413248248398,0.0005795392207801342,0.00029140741389710456,0.0031983916560420766,arcface_supcon_cnn,2,0.0670415814587593,0.9833725862551456
SEEDV_Q1_SAFE_SESSION1_16sub.npz,SEEDV_Q1_SAFE_SESSION2_16sub.npz,Disgust,Happy,Disgust->Happy,Parietal,0.0008371036965399981,0.0014903413248248398,0.0005795392207801342,0.00029140741389710456,0.0031983916560420766,arcface_supcon_cnn,3,0.0684560327198364,0.9608368258338176
SEEDV_Q1_SAFE_SESSION1_16sub.npz,SEEDV_Q1_SAFE_SESSION2_16sub.npz,Disgust,Happy,Disgust->Happy,Parietal,0.0008371036965399981,0.0014903413248248398,0.0005795392207801342,0.00029140741389710456,0.0031983916560420766,arcface_supcon_cnn,4,0.0680725971370143,0.9884340045590588
SEEDV_Q1_SAFE_SESSION1_16sub.npz,SEEDV_Q1_SAFE_SESSION2_16sub.npz,Disgust,Happy,Disgust->Happy,Occipital,0.003561549199124176,0.00204813767534991,0.00046678298773864847,4.342968653266643e-05,0.006119899548745401,arcface_supcon_cnn,0,0.0711571233810497,0.9588752780583192
SEEDV_Q1_SAFE_SESSION1_16sub.npz,SEEDV_Q1_SAFE_SESSION2_16sub.npz,Disgust,Happy,Disgust->Happy,Occipital,0.003561549199124176,0.00204813767534991,0.00046678298773864847,4.342968653266643e-05,0.006119899548745401,arcface_supcon_cnn,1,0.0746932515337423,0.9644922336216112
SEEDV_Q1_SAFE_SESSION1_16sub.npz,SEEDV_Q1_SAFE_SESSION2_16sub.npz,Disgust,Happy,Disgust->Happy,Occipital,0.003561549199124176,0.00204813767534991,0.00046678298773864847,4.342968653266643e-05,0.006119899548745401,arcface_supcon_cnn,2,0.0670415814587593,0.9833725862551456
SEEDV_Q1_SAFE_SESSION1_16sub.npz,SEEDV_Q1_SAFE_SESSION2_16sub.npz,Disgust,Happy,Disgust->Happy,Occipital,0.003561549199124176,0.00204813767534991,0.00046678298773864847,4.342968653266643e-05,0.006119899548745401,arcface_supcon_cnn,3,0.0684560327198364,0.9608368258338176
SEEDV_Q1_SAFE_SESSION1_16sub.npz,SEEDV_Q1_SAFE_SESSION2_16sub.npz,Disgust,Happy,Disgust->Happy,Occipital,0.003561549199124176,0.00204813767534991,0.00046678298773864847,4.342968653266643e-05,0.006119899548745401,arcface_supcon_cnn,4,0.0680725971370143,0.9884340045590588
SEEDV_Q1_SAFE_SESSION1_16sub.npz,SEEDV_Q1_SAFE_SESSION2_16sub.npz,Disgust,Neutral,Disgust->Neutral,Frontal,0.000986478468846707,0.0007054162699551801,0.0005152031357976644,0.0005938631393724962,0.0028009610139720477,arcface_supcon_cnn,0,0.0703015873015873,0.9601372288359789
SEEDV_Q1_SAFE_SESSION1_16sub.npz,SEEDV_Q1_SAFE_SESSION2_16sub.npz,Disgust,Neutral,Disgust->Neutral,Frontal,0.000986478468846707,0.0007054162699551801,0.0005152031357976644,0.0005938631393724962,0.0028009610139720477,arcface_supcon_cnn,1,0.0700952380952381,0.9682797193877553
SEEDV_Q1_SAFE_SESSION1_16sub.npz,SEEDV_Q1_SAFE_SESSION2_16sub.npz,Disgust,Neutral,Disgust->Neutral,Frontal,0.000986478468846707,0.0007054162699551801,0.0005152031357976644,0.0005938631393724962,0.0028009610139720477,arcface_supcon_cnn,2,0.0652857142857142,0.9822689054232804
SEEDV_Q1_SAFE_SESSION1_16sub.npz,SEEDV_Q1_SAFE_SESSION2_16sub.npz,Disgust,Neutral,Disgust->Neutral,Frontal,0.000986478468846707,0.0007054162699551801,0.0005152031357976644,0.0005938631393724962,0.0028009610139720477,arcface_supcon_cnn,3,0.0742301587301587,0.961393122165533
SEEDV_Q1_SAFE_SESSION1_16sub.npz,SEEDV_Q1_SAFE_SESSION2_16sub.npz,Disgust,Neutral,Disgust->Neutral,Frontal,0.000986478468846707,0.0007054162699551801,0.0005152031357976644,0.0005938631393724962,0.0028009610139720477,arcface_supcon_cnn,4,0.0595873015873015,0.9900805763416476
SEEDV_Q1_SAFE_SESSION1_16sub.npz,SEEDV_Q1_SAFE_SESSION2_16sub.npz,Disgust,Neutral,Disgust->Neutral,Central/Motor,0.0006270562963826311,0.001964702403971128,0.0007000837608107501,0.0012100162649793284,0.004501858726143837,arcface_supcon_cnn,0,0.0703015873015873,0.9601372288359789
SEEDV_Q1_SAFE_SESSION1_16sub.npz,SEEDV_Q1_SAFE_SESSION2_16sub.npz,Disgust,Neutral,Disgust->Neutral,Central/Motor,0.0006270562963826311,0.001964702403971128,0.0007000837608107501,0.0012100162649793284,0.004501858726143837,arcface_supcon_cnn,1,0.0700952380952381,0.9682797193877553
SEEDV_Q1_SAFE_SESSION1_16sub.npz,SEEDV_Q1_SAFE_SESSION2_16sub.npz,Disgust,Neutral,Disgust->Neutral,Central/Motor,0.0006270562963826311,0.001964702403971128,0.0007000837608107501,0.0012100162649793284,0.004501858726143837,arcface_supcon_cnn,2,0.0652857142857142,0.9822689054232804
SEEDV_Q1_SAFE_SESSION1_16sub.npz,SEEDV_Q1_SAFE_SESSION2_16sub.npz,Disgust,Neutral,Disgust->Neutral,Central/Motor,0.0006270562963826311,0.001964702403971128,0.0007000837608107501,0.0012100162649793284,0.004501858726143837,arcface_supcon_cnn,3,0.0742301587301587,0.961393122165533
SEEDV_Q1_SAFE_SESSION1_16sub.npz,SEEDV_Q1_SAFE_SESSION2_16sub.npz,Disgust,Neutral,Disgust->Neutral,Central/Motor,0.0006270562963826311,0.001964702403971128,0.0007000837608107501,0.0012100162649793284,0.004501858726143837,arcface_supcon_cnn,4,0.0595873015873015,0.9900805763416476
SEEDV_Q1_SAFE_SESSION1_16sub.npz,SEEDV_Q1_SAFE_SESSION2_16sub.npz,Disgust,Neutral,Disgust->Neutral,Temporal,0.0002090868850549068,0.000889804835120838,0.0028176963484535618,0.0030826754712810116,0.006999263539910318,arcface_supcon_cnn,0,0.0703015873015873,0.9601372288359789
SEEDV_Q1_SAFE_SESSION1_16sub.npz,SEEDV_Q1_SAFE_SESSION2_16sub.npz,Disgust,Neutral,Disgust->Neutral,Temporal,0.0002090868850549068,0.000889804835120838,0.0028176963484535618,0.0030826754712810116,0.006999263539910318,arcface_supcon_cnn,1,0.0700952380952381,0.9682797193877553
SEEDV_Q1_SAFE_SESSION1_16sub.npz,SEEDV_Q1_SAFE_SESSION2_16sub.npz,Disgust,Neutral,Disgust->Neutral,Temporal,0.0002090868850549068,0.000889804835120838,0.0028176963484535618,0.0030826754712810116,0.006999263539910318,arcface_supcon_cnn,2,0.0652857142857142,0.9822689054232804
SEEDV_Q1_SAFE_SESSION1_16sub.npz,SEEDV_Q1_SAFE_SESSION2_16sub.npz,Disgust,Neutral,Disgust->Neutral,Temporal,0.0002090868850549068,0.000889804835120838,0.0028176963484535618,0.0030826754712810116,0.006999263539910318,arcface_supcon_cnn,3,0.0742301587301587,0.961393122165533
SEEDV_Q1_SAFE_SESSION1_16sub.npz,SEEDV_Q1_SAFE_SESSION2_16sub.npz,Disgust,Neutral,Disgust->Neutral,Temporal,0.0002090868850549068,0.000889804835120838,0.0028176963484535618,0.0030826754712810116,0.006999263539910318,arcface_supcon_cnn,4,0.0595873015873015,0.9900805763416476
SEEDV_Q1_SAFE_SESSION1_16sub.npz,SEEDV_Q1_SAFE_SESSION2_16sub.npz,Disgust,Neutral,Disgust->Neutral,Parietal,0.0008229195373132825,0.002080854552332312,0.00029695144621655345,0.0007298178097698838,0.0039305433456320316,arcface_supcon_cnn,0,0.0703015873015873,0.9601372288359789
SEEDV_Q1_SAFE_SESSION1_16sub.npz,SEEDV_Q1_SAFE_SESSION2_16sub.npz,Disgust,Neutral,Disgust->Neutral,Parietal,0.0008229195373132825,0.002080854552332312,0.00029695144621655345,0.0007298178097698838,0.0039305433456320316,arcface_supcon_cnn,1,0.0700952380952381,0.9682797193877553
SEEDV_Q1_SAFE_SESSION1_16sub.npz,SEEDV_Q1_SAFE_SESSION2_16sub.npz,Disgust,Neutral,Disgust->Neutral,Parietal,0.0008229195373132825,0.002080854552332312,0.00029695144621655345,0.0007298178097698838,0.0039305433456320316,arcface_supcon_cnn,2,0.0652857142857142,0.9822689054232804
SEEDV_Q1_SAFE_SESSION1_16sub.npz,SEEDV_Q1_SAFE_SESSION2_16sub.npz,Disgust,Neutral,Disgust->Neutral,Parietal,0.0008229195373132825,0.002080854552332312,0.00029695144621655345,0.0007298178097698838,0.0039305433456320316,arcface_supcon_cnn,3,0.0742301587301587,0.961393122165533
SEEDV_Q1_SAFE_SESSION1_16sub.npz,SEEDV_Q1_SAFE_SESSION2_16sub.npz,Disgust,Neutral,Disgust->Neutral,Parietal,0.0008229195373132825,0.002080854552332312,0.00029695144621655345,0.0007298178097698838,0.0039305433456320316,arcface_supcon_cnn,4,0.0595873015873015,0.9900805763416476
SEEDV_Q1_SAFE_SESSION1_16sub.npz,SEEDV_Q1_SAFE_SESSION2_16sub.npz,Disgust,Neutral,Disgust->Neutral,Occipital,0.001743885998924572,0.0020579233920822535,0.0006663649498174591,0.0011489246389828622,0.005617098979807147,arcface_supcon_cnn,0,0.0703015873015873,0.9601372288359789
SEEDV_Q1_SAFE_SESSION1_16sub.npz,SEEDV_Q1_SAFE_SESSION2_16sub.npz,Disgust,Neutral,Disgust->Neutral,Occipital,0.001743885998924572,0.0020579233920822535,0.0006663649498174591,0.0011489246389828622,0.005617098979807147,arcface_supcon_cnn,1,0.0700952380952381,0.9682797193877553
SEEDV_Q1_SAFE_SESSION1_16sub.npz,SEEDV_Q1_SAFE_SESSION2_16sub.npz,Disgust,Neutral,Disgust->Neutral,Occipital,0.001743885998924572,0.0020579233920822535,0.0006663649498174591,0.0011489246389828622,0.005617098979807147,arcface_supcon_cnn,2,0.0652857142857142,0.9822689054232804
SEEDV_Q1_SAFE_SESSION1_16sub.npz,SEEDV_Q1_SAFE_SESSION2_16sub.npz,Disgust,Neutral,Disgust->Neutral,Occipital,0.001743885998924572,0.0020579233920822535,0.0006663649498174591,0.0011489246389828622,0.005617098979807147,arcface_supcon_cnn,3,0.0742301587301587,0.961393122165533
SEEDV_Q1_SAFE_SESSION1_16sub.npz,SEEDV_Q1_SAFE_SESSION2_16sub.npz,Disgust,Neutral,Disgust->Neutral,Occipital,0.001743885998924572,0.0020579233920822535,0.0006663649498174591,0.0011489246389828622,0.005617098979807147,arcface_supcon_cnn,4,0.0595873015873015,0.9900805763416476
SEEDV_Q1_SAFE_SESSION1_16sub.npz,SEEDV_Q1_SAFE_SESSION2_16sub.npz,Disgust,Sad,Disgust->Sad,Frontal,0.0003646939017233376,0.0013380677527969793,8.818411844826925e-05,0.00041094484428564693,0.002201890617254233,arcface_supcon_cnn,0,0.0859714003944773,0.9399715831174212
SEEDV_Q1_SAFE_SESSION1_16sub.npz,SEEDV_Q1_SAFE_SESSION2_16sub.npz,Disgust,Sad,Disgust->Sad,Frontal,0.0003646939017233376,0.0013380677527969793,8.818411844826925e-05,0.00041094484428564693,0.002201890617254233,arcface_supcon_cnn,1,0.0870747041420118,0.9491268252121008
SEEDV_Q1_SAFE_SESSION1_16sub.npz,SEEDV_Q1_SAFE_SESSION2_16sub.npz,Disgust,Sad,Disgust->Sad,Frontal,0.0003646939017233376,0.0013380677527969793,8.818411844826925e-05,0.00041094484428564693,0.002201890617254233,arcface_supcon_cnn,2,0.0845599112426035,0.9590310530075248
SEEDV_Q1_SAFE_SESSION1_16sub.npz,SEEDV_Q1_SAFE_SESSION2_16sub.npz,Disgust,Sad,Disgust->Sad,Frontal,0.0003646939017233376,0.0013380677527969793,8.818411844826925e-05,0.00041094484428564693,0.002201890617254233,arcface_supcon_cnn,3,0.0901503944773175,0.9432822881881836
SEEDV_Q1_SAFE_SESSION1_16sub.npz,SEEDV_Q1_SAFE_SESSION2_16sub.npz,Disgust,Sad,Disgust->Sad,Frontal,0.0003646939017233376,0.0013380677527969793,8.818411844826925e-05,0.00041094484428564693,0.002201890617254233,arcface_supcon_cnn,4,0.0769662228796844,0.9711368703124816
SEEDV_Q1_SAFE_SESSION1_16sub.npz,SEEDV_Q1_SAFE_SESSION2_16sub.npz,Disgust,Sad,Disgust->Sad,Central/Motor,8.619270686592226e-05,0.001926620623895101,0.0005169934593141079,0.0011959441471844912,0.0037257509372596222,arcface_supcon_cnn,0,0.0859714003944773,0.9399715831174212
SEEDV_Q1_SAFE_SESSION1_16sub.npz,SEEDV_Q1_SAFE_SESSION2_16sub.npz,Disgust,Sad,Disgust->Sad,Central/Motor,8.619270686592226e-05,0.001926620623895101,0.0005169934593141079,0.0011959441471844912,0.0037257509372596222,arcface_supcon_cnn,1,0.0870747041420118,0.9491268252121008
SEEDV_Q1_SAFE_SESSION1_16sub.npz,SEEDV_Q1_SAFE_SESSION2_16sub.npz,Disgust,Sad,Disgust->Sad,Central/Motor,8.619270686592226e-05,0.001926620623895101,0.0005169934593141079,0.0011959441471844912,0.0037257509372596222,arcface_supcon_cnn,2,0.0845599112426035,0.9590310530075248
SEEDV_Q1_SAFE_SESSION1_16sub.npz,SEEDV_Q1_SAFE_SESSION2_16sub.npz,Disgust,Sad,Disgust->Sad,Central/Motor,8.619270686592226e-05,0.001926620623895101,0.0005169934593141079,0.0011959441471844912,0.0037257509372596222,arcface_supcon_cnn,3,0.0901503944773175,0.9432822881881836
SEEDV_Q1_SAFE_SESSION1_16sub.npz,SEEDV_Q1_SAFE_SESSION2_16sub.npz,Disgust,Sad,Disgust->Sad,Central/Motor,8.619270686592226e-05,0.001926620623895101,0.0005169934593141079,0.0011959441471844912,0.0037257509372596222,arcface_supcon_cnn,4,0.0769662228796844,0.9711368703124816
SEEDV_Q1_SAFE_SESSION1_16sub.npz,SEEDV_Q1_SAFE_SESSION2_16sub.npz,Disgust,Sad,Disgust->Sad,Temporal,0.0006240683918197956,0.0007956639553109816,0.0017287012500067558,0.0022271589065591497,0.005375592503696683,arcface_supcon_cnn,0,0.0859714003944773,0.9399715831174212
SEEDV_Q1_SAFE_SESSION1_16sub.npz,SEEDV_Q1_SAFE_SESSION2_16sub.npz,Disgust,Sad,Disgust->Sad,Temporal,0.0006240683918197956,0.0007956639553109816,0.0017287012500067558,0.0022271589065591497,0.005375592503696683,arcface_supcon_cnn,1,0.0870747041420118,0.9491268252121008
SEEDV_Q1_SAFE_SESSION1_16sub.npz,SEEDV_Q1_SAFE_SESSION2_16sub.npz,Disgust,Sad,Disgust->Sad,Temporal,0.0006240683918197956,0.0007956639553109816,0.0017287012500067558,0.0022271589065591497,0.005375592503696683,arcface_supcon_cnn,2,0.0845599112426035,0.9590310530075248
SEEDV_Q1_SAFE_SESSION1_16sub.npz,SEEDV_Q1_SAFE_SESSION2_16sub.npz,Disgust,Sad,Disgust->Sad,Temporal,0.0006240683918197956,0.0007956639553109816,0.0017287012500067558,0.0022271589065591497,0.005375592503696683,arcface_supcon_cnn,3,0.0901503944773175,0.9432822881881836
SEEDV_Q1_SAFE_SESSION1_16sub.npz,SEEDV_Q1_SAFE_SESSION2_16sub.npz,Disgust,Sad,Disgust->Sad,Temporal,0.0006240683918197956,0.0007956639553109816,0.0017287012500067558,0.0022271589065591497,0.005375592503696683,arcface_supcon_cnn,4,0.0769662228796844,0.9711368703124816
SEEDV_Q1_SAFE_SESSION1_16sub.npz,SEEDV_Q1_SAFE_SESSION2_16sub.npz,Disgust,Sad,Disgust->Sad,Parietal,0.0004410112742334604,0.002209780621342361,1.2056640116497874e-05,0.0005608544088318013,0.0032237029445241205,arcface_supcon_cnn,0,0.0859714003944773,0.9399715831174212
SEEDV_Q1_SAFE_SESSION1_16sub.npz,SEEDV_Q1_SAFE_SESSION2_16sub.npz,Disgust,Sad,Disgust->Sad,Parietal,0.0004410112742334604,0.002209780621342361,1.2056640116497874e-05,0.0005608544088318013,0.0032237029445241205,arcface_supcon_cnn,1,0.0870747041420118,0.9491268252121008
SEEDV_Q1_SAFE_SESSION1_16sub.npz,SEEDV_Q1_SAFE_SESSION2_16sub.npz,Disgust,Sad,Disgust->Sad,Parietal,0.0004410112742334604,0.002209780621342361,1.2056640116497874e-05,0.0005608544088318013,0.0032237029445241205,arcface_supcon_cnn,2,0.0845599112426035,0.9590310530075248
SEEDV_Q1_SAFE_SESSION1_16sub.npz,SEEDV_Q1_SAFE_SESSION2_16sub.npz,Disgust,Sad,Disgust->Sad,Parietal,0.0004410112742334604,0.002209780621342361,1.2056640116497874e-05,0.0005608544088318013,0.0032237029445241205,arcface_supcon_cnn,3,0.0901503944773175,0.9432822881881836
SEEDV_Q1_SAFE_SESSION1_16sub.npz,SEEDV_Q1_SAFE_SESSION2_16sub.npz,Disgust,Sad,Disgust->Sad,Parietal,0.0004410112742334604,0.002209780621342361,1.2056640116497874e-05,0.0005608544088318013,0.0032237029445241205,arcface_supcon_cnn,4,0.0769662228796844,0.9711368703124816
SEEDV_Q1_SAFE_SESSION1_16sub.npz,SEEDV_Q1_SAFE_SESSION2_16sub.npz,Disgust,Sad,Disgust->Sad,Occipital,0.001741641666740179,0.0022883769900848457,1.8463237211108208e-05,0.0006435519026126713,0.004692033796648804,arcface_supcon_cnn,0,0.0859714003944773,0.9399715831174212
SEEDV_Q1_SAFE_SESSION1_16sub.npz,SEEDV_Q1_SAFE_SESSION2_16sub.npz,Disgust,Sad,Disgust->Sad,Occipital,0.001741641666740179,0.0022883769900848457,1.8463237211108208e-05,0.0006435519026126713,0.004692033796648804,arcface_supcon_cnn,1,0.0870747041420118,0.9491268252121008
SEEDV_Q1_SAFE_SESSION1_16sub.npz,SEEDV_Q1_SAFE_SESSION2_16sub.npz,Disgust,Sad,Disgust->Sad,Occipital,0.001741641666740179,0.0022883769900848457,1.8463237211108208e-05,0.0006435519026126713,0.004692033796648804,arcface_supcon_cnn,2,0.0845599112426035,0.9590310530075248
SEEDV_Q1_SAFE_SESSION1_16sub.npz,SEEDV_Q1_SAFE_SESSION2_16sub.npz,Disgust,Sad,Disgust->Sad,Occipital,0.001741641666740179,0.0022883769900848457,1.8463237211108208e-05,0.0006435519026126713,0.004692033796648804,arcface_supcon_cnn,3,0.0901503944773175,0.9432822881881836
SEEDV_Q1_SAFE_SESSION1_16sub.npz,SEEDV_Q1_SAFE_SESSION2_16sub.npz,Disgust,Sad,Disgust->Sad,Occipital,0.001741641666740179,0.0022883769900848457,1.8463237211108208e-05,0.0006435519026126713,0.004692033796648804,arcface_supcon_cnn,4,0.0769662228796844,0.9711368703124816
SEEDV_Q1_SAFE_SESSION1_16sub.npz,SEEDV_Q1_SAFE_SESSION2_16sub.npz,Fear,Disgust,Fear->Disgust,Frontal,0.0005900263786315918,0.0013236765572357742,0.0010544564574956894,0.0008257256842972263,0.0037938850776602817,arcface_supcon_cnn,0,0.0854264018691588,0.9471349368724434
SEEDV_Q1_SAFE_SESSION1_16sub.npz,SEEDV_Q1_SAFE_SESSION2_16sub.npz,Fear,Disgust,Fear->Disgust,Frontal,0.0005900263786315918,0.0013236765572357742,0.0010544564574956894,0.0008257256842972263,0.0037938850776602817,arcface_supcon_cnn,1,0.08538746105919,0.9564854787399556
SEEDV_Q1_SAFE_SESSION1_16sub.npz,SEEDV_Q1_SAFE_SESSION2_16sub.npz,Fear,Disgust,Fear->Disgust,Frontal,0.0005900263786315918,0.0013236765572357742,0.0010544564574956894,0.0008257256842972263,0.0037938850776602817,arcface_supcon_cnn,2,0.0782320872274143,0.967331642268384
SEEDV_Q1_SAFE_SESSION1_16sub.npz,SEEDV_Q1_SAFE_SESSION2_16sub.npz,Fear,Disgust,Fear->Disgust,Frontal,0.0005900263786315918,0.0013236765572357742,0.0010544564574956894,0.0008257256842972263,0.0037938850776602817,arcface_supcon_cnn,3,0.0859034267912772,0.9476257038119232
SEEDV_Q1_SAFE_SESSION1_16sub.npz,SEEDV_Q1_SAFE_SESSION2_16sub.npz,Fear,Disgust,Fear->Disgust,Frontal,0.0005900263786315918,0.0013236765572357742,0.0010544564574956894,0.0008257256842972263,0.0037938850776602817,arcface_supcon_cnn,4,0.0759248442367601,0.9769342566479148
SEEDV_Q1_SAFE_SESSION1_16sub.npz,SEEDV_Q1_SAFE_SESSION2_16sub.npz,Fear,Disgust,Fear->Disgust,Central/Motor,3.8908262337954136e-05,0.0008882470428943634,0.0002262248391551626,0.0002044414702270709,0.001357821614614551,arcface_supcon_cnn,0,0.0854264018691588,0.9471349368724434
SEEDV_Q1_SAFE_SESSION1_16sub.npz,SEEDV_Q1_SAFE_SESSION2_16sub.npz,Fear,Disgust,Fear->Disgust,Central/Motor,3.8908262337954136e-05,0.0008882470428943634,0.0002262248391551626,0.0002044414702270709,0.001357821614614551,arcface_supcon_cnn,1,0.08538746105919,0.9564854787399556
SEEDV_Q1_SAFE_SESSION1_16sub.npz,SEEDV_Q1_SAFE_SESSION2_16sub.npz,Fear,Disgust,Fear->Disgust,Central/Motor,3.8908262337954136e-05,0.0008882470428943634,0.0002262248391551626,0.0002044414702270709,0.001357821614614551,arcface_supcon_cnn,2,0.0782320872274143,0.967331642268384
SEEDV_Q1_SAFE_SESSION1_16sub.npz,SEEDV_Q1_SAFE_SESSION2_16sub.npz,Fear,Disgust,Fear->Disgust,Central/Motor,3.8908262337954136e-05,0.0008882470428943634,0.0002262248391551626,0.0002044414702270709,0.001357821614614551,arcface_supcon_cnn,3,0.0859034267912772,0.9476257038119232
SEEDV_Q1_SAFE_SESSION1_16sub.npz,SEEDV_Q1_SAFE_SESSION2_16sub.npz,Fear,Disgust,Fear->Disgust,Central/Motor,3.8908262337954136e-05,0.0008882470428943634,0.0002262248391551626,0.0002044414702270709,0.001357821614614551,arcface_supcon_cnn,4,0.0759248442367601,0.9769342566479148
SEEDV_Q1_SAFE_SESSION1_16sub.npz,SEEDV_Q1_SAFE_SESSION2_16sub.npz,Fear,Disgust,Fear->Disgust,Temporal,0.00012816426654656612,0.0020179215352982283,0.0005100193278243133,0.0004829487297683954,0.003139053859437503,arcface_supcon_cnn,0,0.0854264018691588,0.9471349368724434
SEEDV_Q1_SAFE_SESSION1_16sub.npz,SEEDV_Q1_SAFE_SESSION2_16sub.npz,Fear,Disgust,Fear->Disgust,Temporal,0.00012816426654656612,0.0020179215352982283,0.0005100193278243133,0.0004829487297683954,0.003139053859437503,arcface_supcon_cnn,1,0.08538746105919,0.9564854787399556
SEEDV_Q1_SAFE_SESSION1_16sub.npz,SEEDV_Q1_SAFE_SESSION2_16sub.npz,Fear,Disgust,Fear->Disgust,Temporal,0.00012816426654656612,0.0020179215352982283,0.0005100193278243133,0.0004829487297683954,0.003139053859437503,arcface_supcon_cnn,2,0.0782320872274143,0.967331642268384
SEEDV_Q1_SAFE_SESSION1_16sub.npz,SEEDV_Q1_SAFE_SESSION2_16sub.npz,Fear,Disgust,Fear->Disgust,Temporal,0.00012816426654656612,0.0020179215352982283,0.0005100193278243133,0.0004829487297683954,0.003139053859437503,arcface_supcon_cnn,3,0.0859034267912772,0.9476257038119232
SEEDV_Q1_SAFE_SESSION1_16sub.npz,SEEDV_Q1_SAFE_SESSION2_16sub.npz,Fear,Disgust,Fear->Disgust,Temporal,0.00012816426654656612,0.0020179215352982283,0.0005100193278243133,0.0004829487297683954,0.003139053859437503,arcface_supcon_cnn,4,0.0759248442367601,0.9769342566479148
SEEDV_Q1_SAFE_SESSION1_16sub.npz,SEEDV_Q1_SAFE_SESSION2_16sub.npz,Fear,Disgust,Fear->Disgust,Parietal,0.001745175221003592,0.0016278710681945086,0.00032503668626304716,7.574349001515657e-05,0.0037738264654763043,arcface_supcon_cnn,0,0.0854264018691588,0.9471349368724434
SEEDV_Q1_SAFE_SESSION1_16sub.npz,SEEDV_Q1_SAFE_SESSION2_16sub.npz,Fear,Disgust,Fear->Disgust,Parietal,0.001745175221003592,0.0016278710681945086,0.00032503668626304716,7.574349001515657e-05,0.0037738264654763043,arcface_supcon_cnn,1,0.08538746105919,0.9564854787399556
SEEDV_Q1_SAFE_SESSION1_16sub.npz,SEEDV_Q1_SAFE_SESSION2_16sub.npz,Fear,Disgust,Fear->Disgust,Parietal,0.001745175221003592,0.0016278710681945086,0.00032503668626304716,7.574349001515657e-05,0.0037738264654763043,arcface_supcon_cnn,2,0.0782320872274143,0.967331642268384
SEEDV_Q1_SAFE_SESSION1_16sub.npz,SEEDV_Q1_SAFE_SESSION2_16sub.npz,Fear,Disgust,Fear->Disgust,Parietal,0.001745175221003592,0.0016278710681945086,0.00032503668626304716,7.574349001515657e-05,0.0037738264654763043,arcface_supcon_cnn,3,0.0859034267912772,0.9476257038119232
SEEDV_Q1_SAFE_SESSION1_16sub.npz,SEEDV_Q1_SAFE_SESSION2_16sub.npz,Fear,Disgust,Fear->Disgust,Parietal,0.001745175221003592,0.0016278710681945086,0.00032503668626304716,7.574349001515657e-05,0.0037738264654763043,arcface_supcon_cnn,4,0.0759248442367601,0.9769342566479148
SEEDV_Q1_SAFE_SESSION1_16sub.npz,SEEDV_Q1_SAFE_SESSION2_16sub.npz,Fear,Disgust,Fear->Disgust,Occipital,0.003045241814106703,0.0027649674254159127,7.741452039529851e-05,0.0004296711995266378,0.006317294959444552,arcface_supcon_cnn,0,0.0854264018691588,0.9471349368724434
SEEDV_Q1_SAFE_SESSION1_16sub.npz,SEEDV_Q1_SAFE_SESSION2_16sub.npz,Fear,Disgust,Fear->Disgust,Occipital,0.003045241814106703,0.0027649674254159127,7.741452039529851e-05,0.0004296711995266378,0.006317294959444552,arcface_supcon_cnn,1,0.08538746105919,0.9564854787399556
SEEDV_Q1_SAFE_SESSION1_16sub.npz,SEEDV_Q1_SAFE_SESSION2_16sub.npz,Fear,Disgust,Fear->Disgust,Occipital,0.003045241814106703,0.0027649674254159127,7.741452039529851e-05,0.0004296711995266378,0.006317294959444552,arcface_supcon_cnn,2,0.0782320872274143,0.967331642268384
SEEDV_Q1_SAFE_SESSION1_16sub.npz,SEEDV_Q1_SAFE_SESSION2_16sub.npz,Fear,Disgust,Fear->Disgust,Occipital,0.003045241814106703,0.0027649674254159127,7.741452039529851e-05,0.0004296711995266378,0.006317294959444552,arcface_supcon_cnn,3,0.0859034267912772,0.9476257038119232
SEEDV_Q1_SAFE_SESSION1_16sub.npz,SEEDV_Q1_SAFE_SESSION2_16sub.npz,Fear,Disgust,Fear->Disgust,Occipital,0.003045241814106703,0.0027649674254159127,7.741452039529851e-05,0.0004296711995266378,0.006317294959444552,arcface_supcon_cnn,4,0.0759248442367601,0.9769342566479148
SEEDV_Q1_SAFE_SESSION1_16sub.npz,SEEDV_Q1_SAFE_SESSION2_16sub.npz,Fear,Fear,Fear->Fear,Frontal,0.0005835595407656276,0.0012322337632732737,0.0008152582727017849,0.0004890034573950936,0.0031200550341357798,arcface_supcon_cnn,0,0.068530303030303,0.9610973760330578
SEEDV_Q1_SAFE_SESSION1_16sub.npz,SEEDV_Q1_SAFE_SESSION2_16sub.npz,Fear,Fear,Fear->Fear,Frontal,0.0005835595407656276,0.0012322337632732737,0.0008152582727017849,0.0004890034573950936,0.0031200550341357798,arcface_supcon_cnn,1,0.0685984848484848,0.9681140965048208
SEEDV_Q1_SAFE_SESSION1_16sub.npz,SEEDV_Q1_SAFE_SESSION2_16sub.npz,Fear,Fear,Fear->Fear,Frontal,0.0005835595407656276,0.0012322337632732737,0.0008152582727017849,0.0004890034573950936,0.0031200550341357798,arcface_supcon_cnn,2,0.0635454545454545,0.9856432541322314
SEEDV_Q1_SAFE_SESSION1_16sub.npz,SEEDV_Q1_SAFE_SESSION2_16sub.npz,Fear,Fear,Fear->Fear,Frontal,0.0005835595407656276,0.0012322337632732737,0.0008152582727017849,0.0004890034573950936,0.0031200550341357798,arcface_supcon_cnn,3,0.0692651515151515,0.9609634938877412
SEEDV_Q1_SAFE_SESSION1_16sub.npz,SEEDV_Q1_SAFE_SESSION2_16sub.npz,Fear,Fear,Fear->Fear,Frontal,0.0005835595407656276,0.0012322337632732737,0.0008152582727017849,0.0004890034573950936,0.0031200550341357798,arcface_supcon_cnn,4,0.0616666666666666,0.9902724238119835
SEEDV_Q1_SAFE_SESSION1_16sub.npz,SEEDV_Q1_SAFE_SESSION2_16sub.npz,Fear,Fear,Fear->Fear,Central/Motor,2.944203359740022e-05,0.00109569276017802,0.00012172233047229915,6.70842626797302e-05,0.0013139413869274496,arcface_supcon_cnn,0,0.068530303030303,0.9610973760330578
SEEDV_Q1_SAFE_SESSION1_16sub.npz,SEEDV_Q1_SAFE_SESSION2_16sub.npz,Fear,Fear,Fear->Fear,Central/Motor,2.944203359740022e-05,0.00109569276017802,0.00012172233047229915,6.70842626797302e-05,0.0013139413869274496,arcface_supcon_cnn,1,0.0685984848484848,0.9681140965048208
SEEDV_Q1_SAFE_SESSION1_16sub.npz,SEEDV_Q1_SAFE_SESSION2_16sub.npz,Fear,Fear,Fear->Fear,Central/Motor,2.944203359740022e-05,0.00109569276017802,0.00012172233047229915,6.70842626797302e-05,0.0013139413869274496,arcface_supcon_cnn,2,0.0635454545454545,0.9856432541322314
SEEDV_Q1_SAFE_SESSION1_16sub.npz,SEEDV_Q1_SAFE_SESSION2_16sub.npz,Fear,Fear,Fear->Fear,Central/Motor,2.944203359740022e-05,0.00109569276017802,0.00012172233047229915,6.70842626797302e-05,0.0013139413869274496,arcface_supcon_cnn,3,0.0692651515151515,0.9609634938877412
SEEDV_Q1_SAFE_SESSION1_16sub.npz,SEEDV_Q1_SAFE_SESSION2_16sub.npz,Fear,Fear,Fear->Fear,Central/Motor,2.944203359740022e-05,0.00109569276017802,0.00012172233047229915,6.70842626797302e-05,0.0013139413869274496,arcface_supcon_cnn,4,0.0616666666666666,0.9902724238119835
SEEDV_Q1_SAFE_SESSION1_16sub.npz,SEEDV_Q1_SAFE_SESSION2_16sub.npz,Fear,Fear,Fear->Fear,Temporal,0.00029466937606533426,0.0011948710307478905,0.00023362382004658323,0.0002349087347586938,0.0019580729616185018,arcface_supcon_cnn,0,0.068530303030303,0.9610973760330578
SEEDV_Q1_SAFE_SESSION1_16sub.npz,SEEDV_Q1_SAFE_SESSION2_16sub.npz,Fear,Fear,Fear->Fear,Temporal,0.00029466937606533426,0.0011948710307478905,0.00023362382004658323,0.0002349087347586938,0.0019580729616185018,arcface_supcon_cnn,1,0.0685984848484848,0.9681140965048208
SEEDV_Q1_SAFE_SESSION1_16sub.npz,SEEDV_Q1_SAFE_SESSION2_16sub.npz,Fear,Fear,Fear->Fear,Temporal,0.00029466937606533426,0.0011948710307478905,0.00023362382004658323,0.0002349087347586938,0.0019580729616185018,arcface_supcon_cnn,2,0.0635454545454545,0.9856432541322314
SEEDV_Q1_SAFE_SESSION1_16sub.npz,SEEDV_Q1_SAFE_SESSION2_16sub.npz,Fear,Fear,Fear->Fear,Temporal,0.00029466937606533426,0.0011948710307478905,0.00023362382004658323,0.0002349087347586938,0.0019580729616185018,arcface_supcon_cnn,3,0.0692651515151515,0.9609634938877412
SEEDV_Q1_SAFE_SESSION1_16sub.npz,SEEDV_Q1_SAFE_SESSION2_16sub.npz,Fear,Fear,Fear->Fear,Temporal,0.00029466937606533426,0.0011948710307478905,0.00023362382004658323,0.0002349087347586938,0.0019580729616185018,arcface_supcon_cnn,4,0.0616666666666666,0.9902724238119835
SEEDV_Q1_SAFE_SESSION1_16sub.npz,SEEDV_Q1_SAFE_SESSION2_16sub.npz,Fear,Fear,Fear->Fear,Parietal,0.0007064089877530932,0.0016579116927459836,0.0003164770459989086,0.00019041678024223074,0.002871214506740216,arcface_supcon_cnn,0,0.068530303030303,0.9610973760330578
SEEDV_Q1_SAFE_SESSION1_16sub.npz,SEEDV_Q1_SAFE_SESSION2_16sub.npz,Fear,Fear,Fear->Fear,Parietal,0.0007064089877530932,0.0016579116927459836,0.0003164770459989086,0.00019041678024223074,0.002871214506740216,arcface_supcon_cnn,1,0.0685984848484848,0.9681140965048208
SEEDV_Q1_SAFE_SESSION1_16sub.npz,SEEDV_Q1_SAFE_SESSION2_16sub.npz,Fear,Fear,Fear->Fear,Parietal,0.0007064089877530932,0.0016579116927459836,0.0003164770459989086,0.00019041678024223074,0.002871214506740216,arcface_supcon_cnn,2,0.0635454545454545,0.9856432541322314
SEEDV_Q1_SAFE_SESSION1_16sub.npz,SEEDV_Q1_SAFE_SESSION2_16sub.npz,Fear,Fear,Fear->Fear,Parietal,0.0007064089877530932,0.0016579116927459836,0.0003164770459989086,0.00019041678024223074,0.002871214506740216,arcface_supcon_cnn,3,0.0692651515151515,0.9609634938877412
SEEDV_Q1_SAFE_SESSION1_16sub.npz,SEEDV_Q1_SAFE_SESSION2_16sub.npz,Fear,Fear,Fear->Fear,Parietal,0.0007064089877530932,0.0016579116927459836,0.0003164770459989086,0.00019041678024223074,0.002871214506740216,arcface_supcon_cnn,4,0.0616666666666666,0.9902724238119835
SEEDV_Q1_SAFE_SESSION1_16sub.npz,SEEDV_Q1_SAFE_SESSION2_16sub.npz,Fear,Fear,Fear->Fear,Occipital,0.0017280406318604946,0.0019724182784557343,0.0003694346717869239,0.00014900418076043342,0.004218897762863586,arcface_supcon_cnn,0,0.068530303030303,0.9610973760330578
SEEDV_Q1_SAFE_SESSION1_16sub.npz,SEEDV_Q1_SAFE_SESSION2_16sub.npz,Fear,Fear,Fear->Fear,Occipital,0.0017280406318604946,0.0019724182784557343,0.0003694346717869239,0.00014900418076043342,0.004218897762863586,arcface_supcon_cnn,1,0.0685984848484848,0.9681140965048208
SEEDV_Q1_SAFE_SESSION1_16sub.npz,SEEDV_Q1_SAFE_SESSION2_16sub.npz,Fear,Fear,Fear->Fear,Occipital,0.0017280406318604946,0.0019724182784557343,0.0003694346717869239,0.00014900418076043342,0.004218897762863586,arcface_supcon_cnn,2,0.0635454545454545,0.9856432541322314
SEEDV_Q1_SAFE_SESSION1_16sub.npz,SEEDV_Q1_SAFE_SESSION2_16sub.npz,Fear,Fear,Fear->Fear,Occipital,0.0017280406318604946,0.0019724182784557343,0.0003694346717869239,0.00014900418076043342,0.004218897762863586,arcface_supcon_cnn,3,0.0692651515151515,0.9609634938877412
SEEDV_Q1_SAFE_SESSION1_16sub.npz,SEEDV_Q1_SAFE_SESSION2_16sub.npz,Fear,Fear,Fear->Fear,Occipital,0.0017280406318604946,0.0019724182784557343,0.0003694346717869239,0.00014900418076043342,0.004218897762863586,arcface_supcon_cnn,4,0.0616666666666666,0.9902724238119835
SEEDV_Q1_SAFE_SESSION1_16sub.npz,SEEDV_Q1_SAFE_SESSION2_16sub.npz,Fear,Happy,Fear->Happy,Frontal,0.0011924834744561283,0.0013660563909936516,0.0005941120242433885,0.00036433106288313866,0.003516982952576307,arcface_supcon_cnn,0,0.0715064758009543,0.9594884918357234
SEEDV_Q1_SAFE_SESSION1_16sub.npz,SEEDV_Q1_SAFE_SESSION2_16sub.npz,Fear,Happy,Fear->Happy,Frontal,0.0011924834744561283,0.0013660563909936516,0.0005941120242433885,0.00036433106288313866,0.003516982952576307,arcface_supcon_cnn,1,0.0763377641445126,0.9653693212806836
SEEDV_Q1_SAFE_SESSION1_16sub.npz,SEEDV_Q1_SAFE_SESSION2_16sub.npz,Fear,Happy,Fear->Happy,Frontal,0.0011924834744561283,0.0013660563909936516,0.0005941120242433885,0.00036433106288313866,0.003516982952576307,arcface_supcon_cnn,2,0.0668456032719836,0.9836382527264786
SEEDV_Q1_SAFE_SESSION1_16sub.npz,SEEDV_Q1_SAFE_SESSION2_16sub.npz,Fear,Happy,Fear->Happy,Frontal,0.0011924834744561283,0.0013660563909936516,0.0005941120242433885,0.00036433106288313866,0.003516982952576307,arcface_supcon_cnn,3,0.070961145194274,0.9594418436647484
SEEDV_Q1_SAFE_SESSION1_16sub.npz,SEEDV_Q1_SAFE_SESSION2_16sub.npz,Fear,Happy,Fear->Happy,Frontal,0.0011924834744561283,0.0013660563909936516,0.0005941120242433885,0.00036433106288313866,0.003516982952576307,arcface_supcon_cnn,4,0.0689843217450579,0.9876279806649492
SEEDV_Q1_SAFE_SESSION1_16sub.npz,SEEDV_Q1_SAFE_SESSION2_16sub.npz,Fear,Happy,Fear->Happy,Central/Motor,7.428162332091814e-05,0.0008196979761123657,0.00027925707399845123,0.00012037078184740915,0.0012936074552791442,arcface_supcon_cnn,0,0.0715064758009543,0.9594884918357234
SEEDV_Q1_SAFE_SESSION1_16sub.npz,SEEDV_Q1_SAFE_SESSION2_16sub.npz,Fear,Happy,Fear->Happy,Central/Motor,7.428162332091814e-05,0.0008196979761123657,0.00027925707399845123,0.00012037078184740915,0.0012936074552791442,arcface_supcon_cnn,1,0.0763377641445126,0.9653693212806836
SEEDV_Q1_SAFE_SESSION1_16sub.npz,SEEDV_Q1_SAFE_SESSION2_16sub.npz,Fear,Happy,Fear->Happy,Central/Motor,7.428162332091814e-05,0.0008196979761123657,0.00027925707399845123,0.00012037078184740915,0.0012936074552791442,arcface_supcon_cnn,2,0.0668456032719836,0.9836382527264786
SEEDV_Q1_SAFE_SESSION1_16sub.npz,SEEDV_Q1_SAFE_SESSION2_16sub.npz,Fear,Happy,Fear->Happy,Central/Motor,7.428162332091814e-05,0.0008196979761123657,0.00027925707399845123,0.00012037078184740915,0.0012936074552791442,arcface_supcon_cnn,3,0.070961145194274,0.9594418436647484
SEEDV_Q1_SAFE_SESSION1_16sub.npz,SEEDV_Q1_SAFE_SESSION2_16sub.npz,Fear,Happy,Fear->Happy,Central/Motor,7.428162332091814e-05,0.0008196979761123657,0.00027925707399845123,0.00012037078184740915,0.0012936074552791442,arcface_supcon_cnn,4,0.0689843217450579,0.9876279806649492
SEEDV_Q1_SAFE_SESSION1_16sub.npz,SEEDV_Q1_SAFE_SESSION2_16sub.npz,Fear,Happy,Fear->Happy,Temporal,0.0007723122835159302,0.0021969627899428197,1.279117229084116e-05,0.0008204690335939322,0.0038025352793435233,arcface_supcon_cnn,0,0.0715064758009543,0.9594884918357234
SEEDV_Q1_SAFE_SESSION1_16sub.npz,SEEDV_Q1_SAFE_SESSION2_16sub.npz,Fear,Happy,Fear->Happy,Temporal,0.0007723122835159302,0.0021969627899428197,1.279117229084116e-05,0.0008204690335939322,0.0038025352793435233,arcface_supcon_cnn,1,0.0763377641445126,0.9653693212806836
SEEDV_Q1_SAFE_SESSION1_16sub.npz,SEEDV_Q1_SAFE_SESSION2_16sub.npz,Fear,Happy,Fear->Happy,Temporal,0.0007723122835159302,0.0021969627899428197,1.279117229084116e-05,0.0008204690335939322,0.0038025352793435233,arcface_supcon_cnn,2,0.0668456032719836,0.9836382527264786
SEEDV_Q1_SAFE_SESSION1_16sub.npz,SEEDV_Q1_SAFE_SESSION2_16sub.npz,Fear,Happy,Fear->Happy,Temporal,0.0007723122835159302,0.0021969627899428197,1.279117229084116e-05,0.0008204690335939322,0.0038025352793435233,arcface_supcon_cnn,3,0.070961145194274,0.9594418436647484
SEEDV_Q1_SAFE_SESSION1_16sub.npz,SEEDV_Q1_SAFE_SESSION2_16sub.npz,Fear,Happy,Fear->Happy,Temporal,0.0007723122835159302,0.0021969627899428197,1.279117229084116e-05,0.0008204690335939322,0.0038025352793435233,arcface_supcon_cnn,4,0.0689843217450579,0.9876279806649492
SEEDV_Q1_SAFE_SESSION1_16sub.npz,SEEDV_Q1_SAFE_SESSION2_16sub.npz,Fear,Happy,Fear->Happy,Parietal,0.0028936079470440745,0.0009524055058136582,0.0007227960304589942,0.0004294252867111936,0.004998234770027921,arcface_supcon_cnn,0,0.0715064758009543,0.9594884918357234
SEEDV_Q1_SAFE_SESSION1_16sub.npz,SEEDV_Q1_SAFE_SESSION2_16sub.npz,Fear,Happy,Fear->Happy,Parietal,0.0028936079470440745,0.0009524055058136582,0.0007227960304589942,0.0004294252867111936,0.004998234770027921,arcface_supcon_cnn,1,0.0763377641445126,0.9653693212806836
SEEDV_Q1_SAFE_SESSION1_16sub.npz,SEEDV_Q1_SAFE_SESSION2_16sub.npz,Fear,Happy,Fear->Happy,Parietal,0.0028936079470440745,0.0009524055058136582,0.0007227960304589942,0.0004294252867111936,0.004998234770027921,arcface_supcon_cnn,2,0.0668456032719836,0.9836382527264786
SEEDV_Q1_SAFE_SESSION1_16sub.npz,SEEDV_Q1_SAFE_SESSION2_16sub.npz,Fear,Happy,Fear->Happy,Parietal,0.0028936079470440745,0.0009524055058136582,0.0007227960304589942,0.0004294252867111936,0.004998234770027921,arcface_supcon_cnn,3,0.070961145194274,0.9594418436647484
SEEDV_Q1_SAFE_SESSION1_16sub.npz,SEEDV_Q1_SAFE_SESSION2_16sub.npz,Fear,Happy,Fear->Happy,Parietal,0.0028936079470440745,0.0009524055058136582,0.0007227960304589942,0.0004294252867111936,0.004998234770027921,arcface_supcon_cnn,4,0.0689843217450579,0.9876279806649492
SEEDV_Q1_SAFE_SESSION1_16sub.npz,SEEDV_Q1_SAFE_SESSION2_16sub.npz,Fear,Happy,Fear->Happy,Occipital,0.004992841432491936,0.0017956863933553304,0.00038769204790393454,0.00018303290319939425,0.007359252776950595,arcface_supcon_cnn,0,0.0715064758009543,0.9594884918357234
SEEDV_Q1_SAFE_SESSION1_16sub.npz,SEEDV_Q1_SAFE_SESSION2_16sub.npz,Fear,Happy,Fear->Happy,Occipital,0.004992841432491936,0.0017956863933553304,0.00038769204790393454,0.00018303290319939425,0.007359252776950595,arcface_supcon_cnn,1,0.0763377641445126,0.9653693212806836
SEEDV_Q1_SAFE_SESSION1_16sub.npz,SEEDV_Q1_SAFE_SESSION2_16sub.npz,Fear,Happy,Fear->Happy,Occipital,0.004992841432491936,0.0017956863933553304,0.00038769204790393454,0.00018303290319939425,0.007359252776950595,arcface_supcon_cnn,2,0.0668456032719836,0.9836382527264786
SEEDV_Q1_SAFE_SESSION1_16sub.npz,SEEDV_Q1_SAFE_SESSION2_16sub.npz,Fear,Happy,Fear->Happy,Occipital,0.004992841432491936,0.0017956863933553304,0.00038769204790393454,0.00018303290319939425,0.007359252776950595,arcface_supcon_cnn,3,0.070961145194274,0.9594418436647484
SEEDV_Q1_SAFE_SESSION1_16sub.npz,SEEDV_Q1_SAFE_SESSION2_16sub.npz,Fear,Happy,Fear->Happy,Occipital,0.004992841432491936,0.0017956863933553304,0.00038769204790393454,0.00018303290319939425,0.007359252776950595,arcface_supcon_cnn,4,0.0689843217450579,0.9876279806649492
SEEDV_Q1_SAFE_SESSION1_16sub.npz,SEEDV_Q1_SAFE_SESSION2_16sub.npz,Fear,Neutral,Fear->Neutral,Frontal,0.00025725138506718995,0.001096439392616352,0.00015181703271255603,0.00034199366789488574,0.0018475014782909837,arcface_supcon_cnn,0,0.0690873015873015,0.9607872075774756
SEEDV_Q1_SAFE_SESSION1_16sub.npz,SEEDV_Q1_SAFE_SESSION2_16sub.npz,Fear,Neutral,Fear->Neutral,Frontal,0.00025725138506718995,0.001096439392616352,0.00015181703271255603,0.00034199366789488574,0.0018475014782909837,arcface_supcon_cnn,1,0.0703492063492063,0.9693962400793652
SEEDV_Q1_SAFE_SESSION1_16sub.npz,SEEDV_Q1_SAFE_SESSION2_16sub.npz,Fear,Neutral,Fear->Neutral,Frontal,0.00025725138506718995,0.001096439392616352,0.00015181703271255603,0.00034199366789488574,0.0018475014782909837,arcface_supcon_cnn,2,0.0653730158730158,0.9828349400037792
SEEDV_Q1_SAFE_SESSION1_16sub.npz,SEEDV_Q1_SAFE_SESSION2_16sub.npz,Fear,Neutral,Fear->Neutral,Frontal,0.00025725138506718995,0.001096439392616352,0.00015181703271255603,0.00034199366789488574,0.0018475014782909837,arcface_supcon_cnn,3,0.0739126984126984,0.95980782643613
SEEDV_Q1_SAFE_SESSION1_16sub.npz,SEEDV_Q1_SAFE_SESSION2_16sub.npz,Fear,Neutral,Fear->Neutral,Frontal,0.00025725138506718995,0.001096439392616352,0.00015181703271255603,0.00034199366789488574,0.0018475014782909837,arcface_supcon_cnn,4,0.0605873015873015,0.989612150888133
SEEDV_Q1_SAFE_SESSION1_16sub.npz,SEEDV_Q1_SAFE_SESSION2_16sub.npz,Fear,Neutral,Fear->Neutral,Central/Motor,0.00013192077832562682,0.000608435166733607,0.0003456485989902702,0.0008135782721053276,0.0018995828161548316,arcface_supcon_cnn,0,0.0690873015873015,0.9607872075774756
SEEDV_Q1_SAFE_SESSION1_16sub.npz,SEEDV_Q1_SAFE_SESSION2_16sub.npz,Fear,Neutral,Fear->Neutral,Central/Motor,0.00013192077832562682,0.000608435166733607,0.0003456485989902702,0.0008135782721053276,0.0018995828161548316,arcface_supcon_cnn,1,0.0703492063492063,0.9693962400793652
SEEDV_Q1_SAFE_SESSION1_16sub.npz,SEEDV_Q1_SAFE_SESSION2_16sub.npz,Fear,Neutral,Fear->Neutral,Central/Motor,0.00013192077832562682,0.000608435166733607,0.0003456485989902702,0.0008135782721053276,0.0018995828161548316,arcface_supcon_cnn,2,0.0653730158730158,0.9828349400037792
SEEDV_Q1_SAFE_SESSION1_16sub.npz,SEEDV_Q1_SAFE_SESSION2_16sub.npz,Fear,Neutral,Fear->Neutral,Central/Motor,0.00013192077832562682,0.000608435166733607,0.0003456485989902702,0.0008135782721053276,0.0018995828161548316,arcface_supcon_cnn,3,0.0739126984126984,0.95980782643613
SEEDV_Q1_SAFE_SESSION1_16sub.npz,SEEDV_Q1_SAFE_SESSION2_16sub.npz,Fear,Neutral,Fear->Neutral,Central/Motor,0.00013192077832562682,0.000608435166733607,0.0003456485989902702,0.0008135782721053276,0.0018995828161548316,arcface_supcon_cnn,4,0.0605873015873015,0.989612150888133
SEEDV_Q1_SAFE_SESSION1_16sub.npz,SEEDV_Q1_SAFE_SESSION2_16sub.npz,Fear,Neutral,Fear->Neutral,Temporal,0.0005902883907159175,0.0006525766414900609,0.0018613053640971584,0.0020429942912111683,0.005147164687514305,arcface_supcon_cnn,0,0.0690873015873015,0.9607872075774756
SEEDV_Q1_SAFE_SESSION1_16sub.npz,SEEDV_Q1_SAFE_SESSION2_16sub.npz,Fear,Neutral,Fear->Neutral,Temporal,0.0005902883907159175,0.0006525766414900609,0.0018613053640971584,0.0020429942912111683,0.005147164687514305,arcface_supcon_cnn,1,0.0703492063492063,0.9693962400793652
SEEDV_Q1_SAFE_SESSION1_16sub.npz,SEEDV_Q1_SAFE_SESSION2_16sub.npz,Fear,Neutral,Fear->Neutral,Temporal,0.0005902883907159175,0.0006525766414900609,0.0018613053640971584,0.0020429942912111683,0.005147164687514305,arcface_supcon_cnn,2,0.0653730158730158,0.9828349400037792
SEEDV_Q1_SAFE_SESSION1_16sub.npz,SEEDV_Q1_SAFE_SESSION2_16sub.npz,Fear,Neutral,Fear->Neutral,Temporal,0.0005902883907159175,0.0006525766414900609,0.0018613053640971584,0.0020429942912111683,0.005147164687514305,arcface_supcon_cnn,3,0.0739126984126984,0.95980782643613
SEEDV_Q1_SAFE_SESSION1_16sub.npz,SEEDV_Q1_SAFE_SESSION2_16sub.npz,Fear,Neutral,Fear->Neutral,Temporal,0.0005902883907159175,0.0006525766414900609,0.0018613053640971584,0.0020429942912111683,0.005147164687514305,arcface_supcon_cnn,4,0.0605873015873015,0.989612150888133
SEEDV_Q1_SAFE_SESSION1_16sub.npz,SEEDV_Q1_SAFE_SESSION2_16sub.npz,Fear,Neutral,Fear->Neutral,Parietal,0.001233584713190794,0.0003618922783061862,0.00015369463653769344,0.0005917999369557947,0.0023409715649904683,arcface_supcon_cnn,0,0.0690873015873015,0.9607872075774756
SEEDV_Q1_SAFE_SESSION1_16sub.npz,SEEDV_Q1_SAFE_SESSION2_16sub.npz,Fear,Neutral,Fear->Neutral,Parietal,0.001233584713190794,0.0003618922783061862,0.00015369463653769344,0.0005917999369557947,0.0023409715649904683,arcface_supcon_cnn,1,0.0703492063492063,0.9693962400793652
SEEDV_Q1_SAFE_SESSION1_16sub.npz,SEEDV_Q1_SAFE_SESSION2_16sub.npz,Fear,Neutral,Fear->Neutral,Parietal,0.001233584713190794,0.0003618922783061862,0.00015369463653769344,0.0005917999369557947,0.0023409715649904683,arcface_supcon_cnn,2,0.0653730158730158,0.9828349400037792
SEEDV_Q1_SAFE_SESSION1_16sub.npz,SEEDV_Q1_SAFE_SESSION2_16sub.npz,Fear,Neutral,Fear->Neutral,Parietal,0.001233584713190794,0.0003618922783061862,0.00015369463653769344,0.0005917999369557947,0.0023409715649904683,arcface_supcon_cnn,3,0.0739126984126984,0.95980782643613
SEEDV_Q1_SAFE_SESSION1_16sub.npz,SEEDV_Q1_SAFE_SESSION2_16sub.npz,Fear,Neutral,Fear->Neutral,Parietal,0.001233584713190794,0.0003618922783061862,0.00015369463653769344,0.0005917999369557947,0.0023409715649904683,arcface_supcon_cnn,4,0.0605873015873015,0.989612150888133
SEEDV_Q1_SAFE_SESSION1_16sub.npz,SEEDV_Q1_SAFE_SESSION2_16sub.npz,Fear,Neutral,Fear->Neutral,Occipital,0.003175178232292332,0.0017859006766229868,0.000745455889652173,0.001375387228714923,0.007081922027282415,arcface_supcon_cnn,0,0.0690873015873015,0.9607872075774756
SEEDV_Q1_SAFE_SESSION1_16sub.npz,SEEDV_Q1_SAFE_SESSION2_16sub.npz,Fear,Neutral,Fear->Neutral,Occipital,0.003175178232292332,0.0017859006766229868,0.000745455889652173,0.001375387228714923,0.007081922027282415,arcface_supcon_cnn,1,0.0703492063492063,0.9693962400793652
SEEDV_Q1_SAFE_SESSION1_16sub.npz,SEEDV_Q1_SAFE_SESSION2_16sub.npz,Fear,Neutral,Fear->Neutral,Occipital,0.003175178232292332,0.0017859006766229868,0.000745455889652173,0.001375387228714923,0.007081922027282415,arcface_supcon_cnn,2,0.0653730158730158,0.9828349400037792
SEEDV_Q1_SAFE_SESSION1_16sub.npz,SEEDV_Q1_SAFE_SESSION2_16sub.npz,Fear,Neutral,Fear->Neutral,Occipital,0.003175178232292332,0.0017859006766229868,0.000745455889652173,0.001375387228714923,0.007081922027282415,arcface_supcon_cnn,3,0.0739126984126984,0.95980782643613
SEEDV_Q1_SAFE_SESSION1_16sub.npz,SEEDV_Q1_SAFE_SESSION2_16sub.npz,Fear,Neutral,Fear->Neutral,Occipital,0.003175178232292332,0.0017859006766229868,0.000745455889652173,0.001375387228714923,0.007081922027282415,arcface_supcon_cnn,4,0.0605873015873015,0.989612150888133
SEEDV_Q1_SAFE_SESSION1_16sub.npz,SEEDV_Q1_SAFE_SESSION2_16sub.npz,Fear,Sad,Fear->Sad,Frontal,0.0008790359521905593,0.0004637879097745528,0.0004515702215333777,0.00015907537280803645,0.001953469456306526,arcface_supcon_cnn,0,0.086094674556213,0.9406265677108864
SEEDV_Q1_SAFE_SESSION1_16sub.npz,SEEDV_Q1_SAFE_SESSION2_16sub.npz,Fear,Sad,Fear->Sad,Frontal,0.0008790359521905593,0.0004637879097745528,0.0004515702215333777,0.00015907537280803645,0.001953469456306526,arcface_supcon_cnn,1,0.0869637573964497,0.9500350797393262
SEEDV_Q1_SAFE_SESSION1_16sub.npz,SEEDV_Q1_SAFE_SESSION2_16sub.npz,Fear,Sad,Fear->Sad,Frontal,0.0008790359521905593,0.0004637879097745528,0.0004515702215333777,0.00015907537280803645,0.001953469456306526,arcface_supcon_cnn,2,0.0841037968441814,0.9594378979170496
SEEDV_Q1_SAFE_SESSION1_16sub.npz,SEEDV_Q1_SAFE_SESSION2_16sub.npz,Fear,Sad,Fear->Sad,Frontal,0.0008790359521905593,0.0004637879097745528,0.0004515702215333777,0.00015907537280803645,0.001953469456306526,arcface_supcon_cnn,3,0.0896942800788954,0.9416914423113396
SEEDV_Q1_SAFE_SESSION1_16sub.npz,SEEDV_Q1_SAFE_SESSION2_16sub.npz,Fear,Sad,Fear->Sad,Frontal,0.0008790359521905593,0.0004637879097745528,0.0004515702215333777,0.00015907537280803645,0.001953469456306526,arcface_supcon_cnn,4,0.0781866370808678,0.9703124242073616
SEEDV_Q1_SAFE_SESSION1_16sub.npz,SEEDV_Q1_SAFE_SESSION2_16sub.npz,Fear,Sad,Fear->Sad,Central/Motor,0.0006727843678423356,0.0005703533866575801,0.00016255829749362797,0.0007995061543104903,0.002205202206304034,arcface_supcon_cnn,0,0.086094674556213,0.9406265677108864
SEEDV_Q1_SAFE_SESSION1_16sub.npz,SEEDV_Q1_SAFE_SESSION2_16sub.npz,Fear,Sad,Fear->Sad,Central/Motor,0.0006727843678423356,0.0005703533866575801,0.00016255829749362797,0.0007995061543104903,0.002205202206304034,arcface_supcon_cnn,1,0.0869637573964497,0.9500350797393262
SEEDV_Q1_SAFE_SESSION1_16sub.npz,SEEDV_Q1_SAFE_SESSION2_16sub.npz,Fear,Sad,Fear->Sad,Central/Motor,0.0006727843678423356,0.0005703533866575801,0.00016255829749362797,0.0007995061543104903,0.002205202206304034,arcface_supcon_cnn,2,0.0841037968441814,0.9594378979170496
SEEDV_Q1_SAFE_SESSION1_16sub.npz,SEEDV_Q1_SAFE_SESSION2_16sub.npz,Fear,Sad,Fear->Sad,Central/Motor,0.0006727843678423356,0.0005703533866575801,0.00016255829749362797,0.0007995061543104903,0.002205202206304034,arcface_supcon_cnn,3,0.0896942800788954,0.9416914423113396
SEEDV_Q1_SAFE_SESSION1_16sub.npz,SEEDV_Q1_SAFE_SESSION2_16sub.npz,Fear,Sad,Fear->Sad,Central/Motor,0.0006727843678423356,0.0005703533866575801,0.00016255829749362797,0.0007995061543104903,0.002205202206304034,arcface_supcon_cnn,4,0.0781866370808678,0.9703124242073616
SEEDV_Q1_SAFE_SESSION1_16sub.npz,SEEDV_Q1_SAFE_SESSION2_16sub.npz,Fear,Sad,Fear->Sad,Temporal,0.0010052698974808063,0.0007467175212999173,0.0007723102656503524,0.0011874777264893064,0.0037117754109203824,arcface_supcon_cnn,0,0.086094674556213,0.9406265677108864
SEEDV_Q1_SAFE_SESSION1_16sub.npz,SEEDV_Q1_SAFE_SESSION2_16sub.npz,Fear,Sad,Fear->Sad,Temporal,0.0010052698974808063,0.0007467175212999173,0.0007723102656503524,0.0011874777264893064,0.0037117754109203824,arcface_supcon_cnn,1,0.0869637573964497,0.9500350797393262
SEEDV_Q1_SAFE_SESSION1_16sub.npz,SEEDV_Q1_SAFE_SESSION2_16sub.npz,Fear,Sad,Fear->Sad,Temporal,0.0010052698974808063,0.0007467175212999173,0.0007723102656503524,0.0011874777264893064,0.0037117754109203824,arcface_supcon_cnn,2,0.0841037968441814,0.9594378979170496
SEEDV_Q1_SAFE_SESSION1_16sub.npz,SEEDV_Q1_SAFE_SESSION2_16sub.npz,Fear,Sad,Fear->Sad,Temporal,0.0010052698974808063,0.0007467175212999173,0.0007723102656503524,0.0011874777264893064,0.0037117754109203824,arcface_supcon_cnn,3,0.0896942800788954,0.9416914423113396
SEEDV_Q1_SAFE_SESSION1_16sub.npz,SEEDV_Q1_SAFE_SESSION2_16sub.npz,Fear,Sad,Fear->Sad,Temporal,0.0010052698974808063,0.0007467175212999173,0.0007723102656503524,0.0011874777264893064,0.0037117754109203824,arcface_supcon_cnn,4,0.0781866370808678,0.9703124242073616
SEEDV_Q1_SAFE_SESSION1_16sub.npz,SEEDV_Q1_SAFE_SESSION2_16sub.npz,Fear,Sad,Fear->Sad,Parietal,0.001615492976270616,0.0002329662092961371,0.00015531344979535788,0.0004228365360177122,0.0024266091713798232,arcface_supcon_cnn,0,0.086094674556213,0.9406265677108864
SEEDV_Q1_SAFE_SESSION1_16sub.npz,SEEDV_Q1_SAFE_SESSION2_16sub.npz,Fear,Sad,Fear->Sad,Parietal,0.001615492976270616,0.0002329662092961371,0.00015531344979535788,0.0004228365360177122,0.0024266091713798232,arcface_supcon_cnn,1,0.0869637573964497,0.9500350797393262
SEEDV_Q1_SAFE_SESSION1_16sub.npz,SEEDV_Q1_SAFE_SESSION2_16sub.npz,Fear,Sad,Fear->Sad,Parietal,0.001615492976270616,0.0002329662092961371,0.00015531344979535788,0.0004228365360177122,0.0024266091713798232,arcface_supcon_cnn,2,0.0841037968441814,0.9594378979170496
SEEDV_Q1_SAFE_SESSION1_16sub.npz,SEEDV_Q1_SAFE_SESSION2_16sub.npz,Fear,Sad,Fear->Sad,Parietal,0.001615492976270616,0.0002329662092961371,0.00015531344979535788,0.0004228365360177122,0.0024266091713798232,arcface_supcon_cnn,3,0.0896942800788954,0.9416914423113396
SEEDV_Q1_SAFE_SESSION1_16sub.npz,SEEDV_Q1_SAFE_SESSION2_16sub.npz,Fear,Sad,Fear->Sad,Parietal,0.001615492976270616,0.0002329662092961371,0.00015531344979535788,0.0004228365360177122,0.0024266091713798232,arcface_supcon_cnn,4,0.0781866370808678,0.9703124242073616
SEEDV_Q1_SAFE_SESSION1_16sub.npz,SEEDV_Q1_SAFE_SESSION2_16sub.npz,Fear,Sad,Fear->Sad,Occipital,0.003172933900107939,0.0015554470786203946,6.062770262360573e-05,0.0008700144923447319,0.005659023173696671,arcface_supcon_cnn,0,0.086094674556213,0.9406265677108864
SEEDV_Q1_SAFE_SESSION1_16sub.npz,SEEDV_Q1_SAFE_SESSION2_16sub.npz,Fear,Sad,Fear->Sad,Occipital,0.003172933900107939,0.0015554470786203946,6.062770262360573e-05,0.0008700144923447319,0.005659023173696671,arcface_supcon_cnn,1,0.0869637573964497,0.9500350797393262
SEEDV_Q1_SAFE_SESSION1_16sub.npz,SEEDV_Q1_SAFE_SESSION2_16sub.npz,Fear,Sad,Fear->Sad,Occipital,0.003172933900107939,0.0015554470786203946,6.062770262360573e-05,0.0008700144923447319,0.005659023173696671,arcface_supcon_cnn,2,0.0841037968441814,0.9594378979170496
SEEDV_Q1_SAFE_SESSION1_16sub.npz,SEEDV_Q1_SAFE_SESSION2_16sub.npz,Fear,Sad,Fear->Sad,Occipital,0.003172933900107939,0.0015554470786203946,6.062770262360573e-05,0.0008700144923447319,0.005659023173696671,arcface_supcon_cnn,3,0.0896942800788954,0.9416914423113396
SEEDV_Q1_SAFE_SESSION1_16sub.npz,SEEDV_Q1_SAFE_SESSION2_16sub.npz,Fear,Sad,Fear->Sad,Occipital,0.003172933900107939,0.0015554470786203946,6.062770262360573e-05,0.0008700144923447319,0.005659023173696671,arcface_supcon_cnn,4,0.0781866370808678,0.9703124242073616
SEEDV_Q1_SAFE_SESSION1_16sub.npz,SEEDV_Q1_SAFE_SESSION2_16sub.npz,Happy,Disgust,Happy->Disgust,Frontal,0.0008811294766409052,0.00011468226356165824,0.0009683741788778987,0.0008397723403981041,0.0028039582594785663,arcface_supcon_cnn,0,0.0841316199376947,0.9466615853970598
SEEDV_Q1_SAFE_SESSION1_16sub.npz,SEEDV_Q1_SAFE_SESSION2_16sub.npz,Happy,Disgust,Happy->Disgust,Frontal,0.0008811294766409052,0.00011468226356165824,0.0009683741788778987,0.0008397723403981041,0.0028039582594785663,arcface_supcon_cnn,1,0.0860202492211838,0.9548435397435092
SEEDV_Q1_SAFE_SESSION1_16sub.npz,SEEDV_Q1_SAFE_SESSION2_16sub.npz,Happy,Disgust,Happy->Disgust,Frontal,0.0008811294766409052,0.00011468226356165824,0.0009683741788778987,0.0008397723403981041,0.0028039582594785663,arcface_supcon_cnn,2,0.0779692367601246,0.9665014454387392
SEEDV_Q1_SAFE_SESSION1_16sub.npz,SEEDV_Q1_SAFE_SESSION2_16sub.npz,Happy,Disgust,Happy->Disgust,Frontal,0.0008811294766409052,0.00011468226356165824,0.0009683741788778987,0.0008397723403981041,0.0028039582594785663,arcface_supcon_cnn,3,0.0871690031152647,0.9482079138439128
SEEDV_Q1_SAFE_SESSION1_16sub.npz,SEEDV_Q1_SAFE_SESSION2_16sub.npz,Happy,Disgust,Happy->Disgust,Frontal,0.0008811294766409052,0.00011468226356165824,0.0009683741788778987,0.0008397723403981041,0.0028039582594785663,arcface_supcon_cnn,4,0.0755257009345794,0.976874021504107
SEEDV_Q1_SAFE_SESSION1_16sub.npz,SEEDV_Q1_SAFE_SESSION2_16sub.npz,Happy,Disgust,Happy->Disgust,Central/Motor,0.00043423048087528476,0.00035451645297663627,0.00015176633106810718,0.00016166288073041647,0.0011021761456504447,arcface_supcon_cnn,0,0.0841316199376947,0.9466615853970598
SEEDV_Q1_SAFE_SESSION1_16sub.npz,SEEDV_Q1_SAFE_SESSION2_16sub.npz,Happy,Disgust,Happy->Disgust,Central/Motor,0.00043423048087528476,0.00035451645297663627,0.00015176633106810718,0.00016166288073041647,0.0011021761456504447,arcface_supcon_cnn,1,0.0860202492211838,0.9548435397435092
SEEDV_Q1_SAFE_SESSION1_16sub.npz,SEEDV_Q1_SAFE_SESSION2_16sub.npz,Happy,Disgust,Happy->Disgust,Central/Motor,0.00043423048087528476,0.00035451645297663627,0.00015176633106810718,0.00016166288073041647,0.0011021761456504447,arcface_supcon_cnn,2,0.0779692367601246,0.9665014454387392
SEEDV_Q1_SAFE_SESSION1_16sub.npz,SEEDV_Q1_SAFE_SESSION2_16sub.npz,Happy,Disgust,Happy->Disgust,Central/Motor,0.00043423048087528476,0.00035451645297663627,0.00015176633106810718,0.00016166288073041647,0.0011021761456504447,arcface_supcon_cnn,3,0.0871690031152647,0.9482079138439128
SEEDV_Q1_SAFE_SESSION1_16sub.npz,SEEDV_Q1_SAFE_SESSION2_16sub.npz,Happy,Disgust,Happy->Disgust,Central/Motor,0.00043423048087528476,0.00035451645297663627,0.00015176633106810718,0.00016166288073041647,0.0011021761456504447,arcface_supcon_cnn,4,0.0755257009345794,0.976874021504107
SEEDV_Q1_SAFE_SESSION1_16sub.npz,SEEDV_Q1_SAFE_SESSION2_16sub.npz,Happy,Disgust,Happy->Disgust,Temporal,0.0010194618565340843,0.000173166471843917,0.00029886219029625315,0.0014129423070698977,0.002904432825744152,arcface_supcon_cnn,0,0.0841316199376947,0.9466615853970598
SEEDV_Q1_SAFE_SESSION1_16sub.npz,SEEDV_Q1_SAFE_SESSION2_16sub.npz,Happy,Disgust,Happy->Disgust,Temporal,0.0010194618565340843,0.000173166471843917,0.00029886219029625315,0.0014129423070698977,0.002904432825744152,arcface_supcon_cnn,1,0.0860202492211838,0.9548435397435092
SEEDV_Q1_SAFE_SESSION1_16sub.npz,SEEDV_Q1_SAFE_SESSION2_16sub.npz,Happy,Disgust,Happy->Disgust,Temporal,0.0010194618565340843,0.000173166471843917,0.00029886219029625315,0.0014129423070698977,0.002904432825744152,arcface_supcon_cnn,2,0.0779692367601246,0.9665014454387392
SEEDV_Q1_SAFE_SESSION1_16sub.npz,SEEDV_Q1_SAFE_SESSION2_16sub.npz,Happy,Disgust,Happy->Disgust,Temporal,0.0010194618565340843,0.000173166471843917,0.00029886219029625315,0.0014129423070698977,0.002904432825744152,arcface_supcon_cnn,3,0.0871690031152647,0.9482079138439128
SEEDV_Q1_SAFE_SESSION1_16sub.npz,SEEDV_Q1_SAFE_SESSION2_16sub.npz,Happy,Disgust,Happy->Disgust,Temporal,0.0010194618565340843,0.000173166471843917,0.00029886219029625315,0.0014129423070698977,0.002904432825744152,arcface_supcon_cnn,4,0.0755257009345794,0.976874021504107
SEEDV_Q1_SAFE_SESSION1_16sub.npz,SEEDV_Q1_SAFE_SESSION2_16sub.npz,Happy,Disgust,Happy->Disgust,Parietal,0.0013667879393324256,0.0002849266165867448,0.00011509473551996052,0.00027206382947042584,0.0020388731209095567,arcface_supcon_cnn,0,0.0841316199376947,0.9466615853970598
SEEDV_Q1_SAFE_SESSION1_16sub.npz,SEEDV_Q1_SAFE_SESSION2_16sub.npz,Happy,Disgust,Happy->Disgust,Parietal,0.0013667879393324256,0.0002849266165867448,0.00011509473551996052,0.00027206382947042584,0.0020388731209095567,arcface_supcon_cnn,1,0.0860202492211838,0.9548435397435092
SEEDV_Q1_SAFE_SESSION1_16sub.npz,SEEDV_Q1_SAFE_SESSION2_16sub.npz,Happy,Disgust,Happy->Disgust,Parietal,0.0013667879393324256,0.0002849266165867448,0.00011509473551996052,0.00027206382947042584,0.0020388731209095567,arcface_supcon_cnn,2,0.0779692367601246,0.9665014454387392
SEEDV_Q1_SAFE_SESSION1_16sub.npz,SEEDV_Q1_SAFE_SESSION2_16sub.npz,Happy,Disgust,Happy->Disgust,Parietal,0.0013667879393324256,0.0002849266165867448,0.00011509473551996052,0.00027206382947042584,0.0020388731209095567,arcface_supcon_cnn,3,0.0871690031152647,0.9482079138439128
SEEDV_Q1_SAFE_SESSION1_16sub.npz,SEEDV_Q1_SAFE_SESSION2_16sub.npz,Happy,Disgust,Happy->Disgust,Parietal,0.0013667879393324256,0.0002849266165867448,0.00011509473551996052,0.00027206382947042584,0.0020388731209095567,arcface_supcon_cnn,4,0.0755257009345794,0.976874021504107
SEEDV_Q1_SAFE_SESSION1_16sub.npz,SEEDV_Q1_SAFE_SESSION2_16sub.npz,Happy,Disgust,Happy->Disgust,Occipital,0.0001569261463979857,0.00013872065270940578,0.0002863411015520496,0.0006958120696557066,0.0012777999703151477,arcface_supcon_cnn,0,0.0841316199376947,0.9466615853970598
SEEDV_Q1_SAFE_SESSION1_16sub.npz,SEEDV_Q1_SAFE_SESSION2_16sub.npz,Happy,Disgust,Happy->Disgust,Occipital,0.0001569261463979857,0.00013872065270940578,0.0002863411015520496,0.0006958120696557066,0.0012777999703151477,arcface_supcon_cnn,1,0.0860202492211838,0.9548435397435092
SEEDV_Q1_SAFE_SESSION1_16sub.npz,SEEDV_Q1_SAFE_SESSION2_16sub.npz,Happy,Disgust,Happy->Disgust,Occipital,0.0001569261463979857,0.00013872065270940578,0.0002863411015520496,0.0006958120696557066,0.0012777999703151477,arcface_supcon_cnn,2,0.0779692367601246,0.9665014454387392
SEEDV_Q1_SAFE_SESSION1_16sub.npz,SEEDV_Q1_SAFE_SESSION2_16sub.npz,Happy,Disgust,Happy->Disgust,Occipital,0.0001569261463979857,0.00013872065270940578,0.0002863411015520496,0.0006958120696557066,0.0012777999703151477,arcface_supcon_cnn,3,0.0871690031152647,0.9482079138439128
SEEDV_Q1_SAFE_SESSION1_16sub.npz,SEEDV_Q1_SAFE_SESSION2_16sub.npz,Happy,Disgust,Happy->Disgust,Occipital,0.0001569261463979857,0.00013872065270940578,0.0002863411015520496,0.0006958120696557066,0.0012777999703151477,arcface_supcon_cnn,4,0.0755257009345794,0.976874021504107
SEEDV_Q1_SAFE_SESSION1_16sub.npz,SEEDV_Q1_SAFE_SESSION2_16sub.npz,Happy,Fear,Happy->Fear,Frontal,0.0008875963145068694,0.00020612505752415876,0.0007291759940839942,0.0005030501134959714,0.002325947479610994,arcface_supcon_cnn,0,0.0694318181818181,0.9610926493629476
SEEDV_Q1_SAFE_SESSION1_16sub.npz,SEEDV_Q1_SAFE_SESSION2_16sub.npz,Happy,Fear,Happy->Fear,Frontal,0.0008875963145068694,0.00020612505752415876,0.0007291759940839942,0.0005030501134959714,0.002325947479610994,arcface_supcon_cnn,1,0.0705151515151515,0.9672597770316804
SEEDV_Q1_SAFE_SESSION1_16sub.npz,SEEDV_Q1_SAFE_SESSION2_16sub.npz,Happy,Fear,Happy->Fear,Frontal,0.0008875963145068694,0.00020612505752415876,0.0007291759940839942,0.0005030501134959714,0.002325947479610994,arcface_supcon_cnn,2,0.0641893939393939,0.9851907364841598
SEEDV_Q1_SAFE_SESSION1_16sub.npz,SEEDV_Q1_SAFE_SESSION2_16sub.npz,Happy,Fear,Happy->Fear,Frontal,0.0008875963145068694,0.00020612505752415876,0.0007291759940839942,0.0005030501134959714,0.002325947479610994,arcface_supcon_cnn,3,0.0710681818181818,0.9625968810261708
SEEDV_Q1_SAFE_SESSION1_16sub.npz,SEEDV_Q1_SAFE_SESSION2_16sub.npz,Happy,Fear,Happy->Fear,Frontal,0.0008875963145068694,0.00020612505752415876,0.0007291759940839942,0.0005030501134959714,0.002325947479610994,arcface_supcon_cnn,4,0.060840909090909,0.9907678288567492
SEEDV_Q1_SAFE_SESSION1_16sub.npz,SEEDV_Q1_SAFE_SESSION2_16sub.npz,Happy,Fear,Happy->Fear,Central/Motor,0.00042476425213473085,0.0005619621702602929,0.0002562688397509706,0.0004331886136372176,0.001676183875783212,arcface_supcon_cnn,0,0.0694318181818181,0.9610926493629476
SEEDV_Q1_SAFE_SESSION1_16sub.npz,SEEDV_Q1_SAFE_SESSION2_16sub.npz,Happy,Fear,Happy->Fear,Central/Motor,0.00042476425213473085,0.0005619621702602929,0.0002562688397509706,0.0004331886136372176,0.001676183875783212,arcface_supcon_cnn,1,0.0705151515151515,0.9672597770316804
SEEDV_Q1_SAFE_SESSION1_16sub.npz,SEEDV_Q1_SAFE_SESSION2_16sub.npz,Happy,Fear,Happy->Fear,Central/Motor,0.00042476425213473085,0.0005619621702602929,0.0002562688397509706,0.0004331886136372176,0.001676183875783212,arcface_supcon_cnn,2,0.0641893939393939,0.9851907364841598
SEEDV_Q1_SAFE_SESSION1_16sub.npz,SEEDV_Q1_SAFE_SESSION2_16sub.npz,Happy,Fear,Happy->Fear,Central/Motor,0.00042476425213473085,0.0005619621702602929,0.0002562688397509706,0.0004331886136372176,0.001676183875783212,arcface_supcon_cnn,3,0.0710681818181818,0.9625968810261708
SEEDV_Q1_SAFE_SESSION1_16sub.npz,SEEDV_Q1_SAFE_SESSION2_16sub.npz,Happy,Fear,Happy->Fear,Central/Motor,0.00042476425213473085,0.0005619621702602929,0.0002562688397509706,0.0004331886136372176,0.001676183875783212,arcface_supcon_cnn,4,0.060840909090909,0.9907678288567492
SEEDV_Q1_SAFE_SESSION1_16sub.npz,SEEDV_Q1_SAFE_SESSION2_16sub.npz,Happy,Fear,Happy->Fear,Temporal,0.0014422954991459846,0.0009962169763942548,0.0005752576980739832,0.0016609823020795993,0.004674752475693822,arcface_supcon_cnn,0,0.0694318181818181,0.9610926493629476
SEEDV_Q1_SAFE_SESSION1_16sub.npz,SEEDV_Q1_SAFE_SESSION2_16sub.npz,Happy,Fear,Happy->Fear,Temporal,0.0014422954991459846,0.0009962169763942548,0.0005752576980739832,0.0016609823020795993,0.004674752475693822,arcface_supcon_cnn,1,0.0705151515151515,0.9672597770316804
SEEDV_Q1_SAFE_SESSION1_16sub.npz,SEEDV_Q1_SAFE_SESSION2_16sub.npz,Happy,Fear,Happy->Fear,Temporal,0.0014422954991459846,0.0009962169763942548,0.0005752576980739832,0.0016609823020795993,0.004674752475693822,arcface_supcon_cnn,2,0.0641893939393939,0.9851907364841598
SEEDV_Q1_SAFE_SESSION1_16sub.npz,SEEDV_Q1_SAFE_SESSION2_16sub.npz,Happy,Fear,Happy->Fear,Temporal,0.0014422954991459846,0.0009962169763942548,0.0005752576980739832,0.0016609823020795993,0.004674752475693822,arcface_supcon_cnn,3,0.0710681818181818,0.9625968810261708
SEEDV_Q1_SAFE_SESSION1_16sub.npz,SEEDV_Q1_SAFE_SESSION2_16sub.npz,Happy,Fear,Happy->Fear,Temporal,0.0014422954991459846,0.0009962169763942548,0.0005752576980739832,0.0016609823020795993,0.004674752475693822,arcface_supcon_cnn,4,0.060840909090909,0.9907678288567492
SEEDV_Q1_SAFE_SESSION1_16sub.npz,SEEDV_Q1_SAFE_SESSION2_16sub.npz,Happy,Fear,Happy->Fear,Parietal,0.0024055541725829244,0.00031496724113821983,0.0001236543757840991,0.00015739053924335167,0.003001566328748595,arcface_supcon_cnn,0,0.0694318181818181,0.9610926493629476
SEEDV_Q1_SAFE_SESSION1_16sub.npz,SEEDV_Q1_SAFE_SESSION2_16sub.npz,Happy,Fear,Happy->Fear,Parietal,0.0024055541725829244,0.00031496724113821983,0.0001236543757840991,0.00015739053924335167,0.003001566328748595,arcface_supcon_cnn,1,0.0705151515151515,0.9672597770316804
SEEDV_Q1_SAFE_SESSION1_16sub.npz,SEEDV_Q1_SAFE_SESSION2_16sub.npz,Happy,Fear,Happy->Fear,Parietal,0.0024055541725829244,0.00031496724113821983,0.0001236543757840991,0.00015739053924335167,0.003001566328748595,arcface_supcon_cnn,2,0.0641893939393939,0.9851907364841598
SEEDV_Q1_SAFE_SESSION1_16sub.npz,SEEDV_Q1_SAFE_SESSION2_16sub.npz,Happy,Fear,Happy->Fear,Parietal,0.0024055541725829244,0.00031496724113821983,0.0001236543757840991,0.00015739053924335167,0.003001566328748595,arcface_supcon_cnn,3,0.0710681818181818,0.9625968810261708
SEEDV_Q1_SAFE_SESSION1_16sub.npz,SEEDV_Q1_SAFE_SESSION2_16sub.npz,Happy,Fear,Happy->Fear,Parietal,0.0024055541725829244,0.00031496724113821983,0.0001236543757840991,0.00015739053924335167,0.003001566328748595,arcface_supcon_cnn,4,0.060840909090909,0.9907678288567492
SEEDV_Q1_SAFE_SESSION1_16sub.npz,SEEDV_Q1_SAFE_SESSION2_16sub.npz,Happy,Fear,Happy->Fear,Occipital,0.0014741273286441939,0.0009312697996695842,5.679049839575796e-06,0.00011713668936863542,0.0025282128675219893,arcface_supcon_cnn,0,0.0694318181818181,0.9610926493629476
SEEDV_Q1_SAFE_SESSION1_16sub.npz,SEEDV_Q1_SAFE_SESSION2_16sub.npz,Happy,Fear,Happy->Fear,Occipital,0.0014741273286441939,0.0009312697996695842,5.679049839575796e-06,0.00011713668936863542,0.0025282128675219893,arcface_supcon_cnn,1,0.0705151515151515,0.9672597770316804
SEEDV_Q1_SAFE_SESSION1_16sub.npz,SEEDV_Q1_SAFE_SESSION2_16sub.npz,Happy,Fear,Happy->Fear,Occipital,0.0014741273286441939,0.0009312697996695842,5.679049839575796e-06,0.00011713668936863542,0.0025282128675219893,arcface_supcon_cnn,2,0.0641893939393939,0.9851907364841598
SEEDV_Q1_SAFE_SESSION1_16sub.npz,SEEDV_Q1_SAFE_SESSION2_16sub.npz,Happy,Fear,Happy->Fear,Occipital,0.0014741273286441939,0.0009312697996695842,5.679049839575796e-06,0.00011713668936863542,0.0025282128675219893,arcface_supcon_cnn,3,0.0710681818181818,0.9625968810261708
SEEDV_Q1_SAFE_SESSION1_16sub.npz,SEEDV_Q1_SAFE_SESSION2_16sub.npz,Happy,Fear,Happy->Fear,Occipital,0.0014741273286441939,0.0009312697996695842,5.679049839575796e-06,0.00011713668936863542,0.0025282128675219893,arcface_supcon_cnn,4,0.060840909090909,0.9907678288567492
SEEDV_Q1_SAFE_SESSION1_16sub.npz,SEEDV_Q1_SAFE_SESSION2_16sub.npz,Happy,Happy,Happy->Happy,Frontal,0.00027867238081636866,7.230242980378089e-05,0.0005080297456255978,0.0003783777189840165,0.0012373822752297639,arcface_supcon_cnn,0,0.072622699386503,0.9594412131000972
SEEDV_Q1_SAFE_SESSION1_16sub.npz,SEEDV_Q1_SAFE_SESSION2_16sub.npz,Happy,Happy,Happy->Happy,Frontal,0.00027867238081636866,7.230242980378089e-05,0.0005080297456255978,0.0003783777189840165,0.0012373822752297639,arcface_supcon_cnn,1,0.0755964553510565,0.9644360997544132
SEEDV_Q1_SAFE_SESSION1_16sub.npz,SEEDV_Q1_SAFE_SESSION2_16sub.npz,Happy,Happy,Happy->Happy,Frontal,0.00027867238081636866,7.230242980378089e-05,0.0005080297456255978,0.0003783777189840165,0.0012373822752297639,arcface_supcon_cnn,2,0.0674250170415814,0.9832001938000706
SEEDV_Q1_SAFE_SESSION1_16sub.npz,SEEDV_Q1_SAFE_SESSION2_16sub.npz,Happy,Happy,Happy->Happy,Frontal,0.00027867238081636866,7.230242980378089e-05,0.0005080297456255978,0.0003783777189840165,0.0012373822752297639,arcface_supcon_cnn,3,0.071523517382413,0.960909102809526
SEEDV_Q1_SAFE_SESSION1_16sub.npz,SEEDV_Q1_SAFE_SESSION2_16sub.npz,Happy,Happy,Happy->Happy,Frontal,0.00027867238081636866,7.230242980378089e-05,0.0005080297456255978,0.0003783777189840165,0.0012373822752297639,arcface_supcon_cnn,4,0.0680470347648261,0.9881160551300388
SEEDV_Q1_SAFE_SESSION1_16sub.npz,SEEDV_Q1_SAFE_SESSION2_16sub.npz,Happy,Happy,Happy->Happy,Central/Motor,0.00046960384185824877,0.0002859673861946386,9.873409622481854e-05,0.0002457335691100782,0.0011000388933877841,arcface_supcon_cnn,0,0.072622699386503,0.9594412131000972
SEEDV_Q1_SAFE_SESSION1_16sub.npz,SEEDV_Q1_SAFE_SESSION2_16sub.npz,Happy,Happy,Happy->Happy,Central/Motor,0.00046960384185824877,0.0002859673861946386,9.873409622481854e-05,0.0002457335691100782,0.0011000388933877841,arcface_supcon_cnn,1,0.0755964553510565,0.9644360997544132
SEEDV_Q1_SAFE_SESSION1_16sub.npz,SEEDV_Q1_SAFE_SESSION2_16sub.npz,Happy,Happy,Happy->Happy,Central/Motor,0.00046960384185824877,0.0002859673861946386,9.873409622481854e-05,0.0002457335691100782,0.0011000388933877841,arcface_supcon_cnn,2,0.0674250170415814,0.9832001938000706
SEEDV_Q1_SAFE_SESSION1_16sub.npz,SEEDV_Q1_SAFE_SESSION2_16sub.npz,Happy,Happy,Happy->Happy,Central/Motor,0.00046960384185824877,0.0002859673861946386,9.873409622481854e-05,0.0002457335691100782,0.0011000388933877841,arcface_supcon_cnn,3,0.071523517382413,0.960909102809526
SEEDV_Q1_SAFE_SESSION1_16sub.npz,SEEDV_Q1_SAFE_SESSION2_16sub.npz,Happy,Happy,Happy->Happy,Central/Motor,0.00046960384185824877,0.0002859673861946386,9.873409622481854e-05,0.0002457335691100782,0.0011000388933877841,arcface_supcon_cnn,4,0.0680470347648261,0.9881160551300388
SEEDV_Q1_SAFE_SESSION1_16sub.npz,SEEDV_Q1_SAFE_SESSION2_16sub.npz,Happy,Happy,Happy->Happy,Temporal,0.0003753138395647202,5.8747828006744385e-06,0.0007960903458297253,0.0010754220032443609,0.0022527009714394808,arcface_supcon_cnn,0,0.072622699386503,0.9594412131000972
SEEDV_Q1_SAFE_SESSION1_16sub.npz,SEEDV_Q1_SAFE_SESSION2_16sub.npz,Happy,Happy,Happy->Happy,Temporal,0.0003753138395647202,5.8747828006744385e-06,0.0007960903458297253,0.0010754220032443609,0.0022527009714394808,arcface_supcon_cnn,1,0.0755964553510565,0.9644360997544132
SEEDV_Q1_SAFE_SESSION1_16sub.npz,SEEDV_Q1_SAFE_SESSION2_16sub.npz,Happy,Happy,Happy->Happy,Temporal,0.0003753138395647202,5.8747828006744385e-06,0.0007960903458297253,0.0010754220032443609,0.0022527009714394808,arcface_supcon_cnn,2,0.0674250170415814,0.9832001938000706
SEEDV_Q1_SAFE_SESSION1_16sub.npz,SEEDV_Q1_SAFE_SESSION2_16sub.npz,Happy,Happy,Happy->Happy,Temporal,0.0003753138395647202,5.8747828006744385e-06,0.0007960903458297253,0.0010754220032443609,0.0022527009714394808,arcface_supcon_cnn,3,0.071523517382413,0.960909102809526
SEEDV_Q1_SAFE_SESSION1_16sub.npz,SEEDV_Q1_SAFE_SESSION2_16sub.npz,Happy,Happy,Happy->Happy,Temporal,0.0003753138395647202,5.8747828006744385e-06,0.0007960903458297253,0.0010754220032443609,0.0022527009714394808,arcface_supcon_cnn,4,0.0680470347648261,0.9881160551300388
SEEDV_Q1_SAFE_SESSION1_16sub.npz,SEEDV_Q1_SAFE_SESSION2_16sub.npz,Happy,Happy,Happy->Happy,Parietal,0.00021835521329194307,0.00039053894579410553,0.00028266460867598653,8.161796722561121e-05,0.0009731767349876463,arcface_supcon_cnn,0,0.072622699386503,0.9594412131000972
SEEDV_Q1_SAFE_SESSION1_16sub.npz,SEEDV_Q1_SAFE_SESSION2_16sub.npz,Happy,Happy,Happy->Happy,Parietal,0.00021835521329194307,0.00039053894579410553,0.00028266460867598653,8.161796722561121e-05,0.0009731767349876463,arcface_supcon_cnn,1,0.0755964553510565,0.9644360997544132
SEEDV_Q1_SAFE_SESSION1_16sub.npz,SEEDV_Q1_SAFE_SESSION2_16sub.npz,Happy,Happy,Happy->Happy,Parietal,0.00021835521329194307,0.00039053894579410553,0.00028266460867598653,8.161796722561121e-05,0.0009731767349876463,arcface_supcon_cnn,2,0.0674250170415814,0.9832001938000706
SEEDV_Q1_SAFE_SESSION1_16sub.npz,SEEDV_Q1_SAFE_SESSION2_16sub.npz,Happy,Happy,Happy->Happy,Parietal,0.00021835521329194307,0.00039053894579410553,0.00028266460867598653,8.161796722561121e-05,0.0009731767349876463,arcface_supcon_cnn,3,0.071523517382413,0.960909102809526
SEEDV_Q1_SAFE_SESSION1_16sub.npz,SEEDV_Q1_SAFE_SESSION2_16sub.npz,Happy,Happy,Happy->Happy,Parietal,0.00021835521329194307,0.00039053894579410553,0.00028266460867598653,8.161796722561121e-05,0.0009731767349876463,arcface_supcon_cnn,4,0.0680470347648261,0.9881160551300388
SEEDV_Q1_SAFE_SESSION1_16sub.npz,SEEDV_Q1_SAFE_SESSION2_16sub.npz,Happy,Happy,Happy->Happy,Occipital,0.0017906734719872475,0.001108001684769988,2.393642595658642e-05,0.0004491737733284631,0.003371785356042285,arcface_supcon_cnn,0,0.072622699386503,0.9594412131000972
SEEDV_Q1_SAFE_SESSION1_16sub.npz,SEEDV_Q1_SAFE_SESSION2_16sub.npz,Happy,Happy,Happy->Happy,Occipital,0.0017906734719872475,0.001108001684769988,2.393642595658642e-05,0.0004491737733284631,0.003371785356042285,arcface_supcon_cnn,1,0.0755964553510565,0.9644360997544132
SEEDV_Q1_SAFE_SESSION1_16sub.npz,SEEDV_Q1_SAFE_SESSION2_16sub.npz,Happy,Happy,Happy->Happy,Occipital,0.0017906734719872475,0.001108001684769988,2.393642595658642e-05,0.0004491737733284631,0.003371785356042285,arcface_supcon_cnn,2,0.0674250170415814,0.9832001938000706
SEEDV_Q1_SAFE_SESSION1_16sub.npz,SEEDV_Q1_SAFE_SESSION2_16sub.npz,Happy,Happy,Happy->Happy,Occipital,0.0017906734719872475,0.001108001684769988,2.393642595658642e-05,0.0004491737733284631,0.003371785356042285,arcface_supcon_cnn,3,0.071523517382413,0.960909102809526
SEEDV_Q1_SAFE_SESSION1_16sub.npz,SEEDV_Q1_SAFE_SESSION2_16sub.npz,Happy,Happy,Happy->Happy,Occipital,0.0017906734719872475,0.001108001684769988,2.393642595658642e-05,0.0004491737733284631,0.003371785356042285,arcface_supcon_cnn,4,0.0680470347648261,0.9881160551300388
SEEDV_Q1_SAFE_SESSION1_16sub.npz,SEEDV_Q1_SAFE_SESSION2_16sub.npz,Happy,Neutral,Happy->Neutral,Frontal,0.001213904470205307,0.0003419194281810804,0.00023789931133034667,0.0003279470117940079,0.002121670221510742,arcface_supcon_cnn,0,0.070015873015873,0.9607005621693122
SEEDV_Q1_SAFE_SESSION1_16sub.npz,SEEDV_Q1_SAFE_SESSION2_16sub.npz,Happy,Neutral,Happy->Neutral,Frontal,0.001213904470205307,0.0003419194281810804,0.00023789931133034667,0.0003279470117940079,0.002121670221510742,arcface_supcon_cnn,1,0.0710952380952381,0.9681179469009826
SEEDV_Q1_SAFE_SESSION1_16sub.npz,SEEDV_Q1_SAFE_SESSION2_16sub.npz,Happy,Neutral,Happy->Neutral,Frontal,0.001213904470205307,0.0003419194281810804,0.00023789931133034667,0.0003279470117940079,0.002121670221510742,arcface_supcon_cnn,2,0.0649206349206349,0.9821342956349208
SEEDV_Q1_SAFE_SESSION1_16sub.npz,SEEDV_Q1_SAFE_SESSION2_16sub.npz,Happy,Neutral,Happy->Neutral,Frontal,0.001213904470205307,0.0003419194281810804,0.00023789931133034667,0.0003279470117940079,0.002121670221510742,arcface_supcon_cnn,3,0.0750714285714285,0.9612860237150416
SEEDV_Q1_SAFE_SESSION1_16sub.npz,SEEDV_Q1_SAFE_SESSION2_16sub.npz,Happy,Neutral,Happy->Neutral,Frontal,0.001213904470205307,0.0003419194281810804,0.00023789931133034667,0.0003279470117940079,0.002121670221510742,arcface_supcon_cnn,4,0.0595555555555555,0.9897763945578232
SEEDV_Q1_SAFE_SESSION1_16sub.npz,SEEDV_Q1_SAFE_SESSION2_16sub.npz,Happy,Neutral,Happy->Neutral,Central/Motor,0.0002634014402117038,0.0011421657566513341,0.00072363976921354,0.001179682623062815,0.003308889589139393,arcface_supcon_cnn,0,0.070015873015873,0.9607005621693122
SEEDV_Q1_SAFE_SESSION1_16sub.npz,SEEDV_Q1_SAFE_SESSION2_16sub.npz,Happy,Neutral,Happy->Neutral,Central/Motor,0.0002634014402117038,0.0011421657566513341,0.00072363976921354,0.001179682623062815,0.003308889589139393,arcface_supcon_cnn,1,0.0710952380952381,0.9681179469009826
SEEDV_Q1_SAFE_SESSION1_16sub.npz,SEEDV_Q1_SAFE_SESSION2_16sub.npz,Happy,Neutral,Happy->Neutral,Central/Motor,0.0002634014402117038,0.0011421657566513341,0.00072363976921354,0.001179682623062815,0.003308889589139393,arcface_supcon_cnn,2,0.0649206349206349,0.9821342956349208
SEEDV_Q1_SAFE_SESSION1_16sub.npz,SEEDV_Q1_SAFE_SESSION2_16sub.npz,Happy,Neutral,Happy->Neutral,Central/Motor,0.0002634014402117038,0.0011421657566513341,0.00072363976921354,0.001179682623062815,0.003308889589139393,arcface_supcon_cnn,3,0.0750714285714285,0.9612860237150416
SEEDV_Q1_SAFE_SESSION1_16sub.npz,SEEDV_Q1_SAFE_SESSION2_16sub.npz,Happy,Neutral,Happy->Neutral,Central/Motor,0.0002634014402117038,0.0011421657566513341,0.00072363976921354,0.001179682623062815,0.003308889589139393,arcface_supcon_cnn,4,0.0595555555555555,0.9897763945578232
SEEDV_Q1_SAFE_SESSION1_16sub.npz,SEEDV_Q1_SAFE_SESSION2_16sub.npz,Happy,Neutral,Happy->Neutral,Temporal,0.001737914513796568,0.0015385113656520844,0.002670186882217725,0.003938885328049461,0.009885498089715838,arcface_supcon_cnn,0,0.070015873015873,0.9607005621693122
SEEDV_Q1_SAFE_SESSION1_16sub.npz,SEEDV_Q1_SAFE_SESSION2_16sub.npz,Happy,Neutral,Happy->Neutral,Temporal,0.001737914513796568,0.0015385113656520844,0.002670186882217725,0.003938885328049461,0.009885498089715838,arcface_supcon_cnn,1,0.0710952380952381,0.9681179469009826
SEEDV_Q1_SAFE_SESSION1_16sub.npz,SEEDV_Q1_SAFE_SESSION2_16sub.npz,Happy,Neutral,Happy->Neutral,Temporal,0.001737914513796568,0.0015385113656520844,0.002670186882217725,0.003938885328049461,0.009885498089715838,arcface_supcon_cnn,2,0.0649206349206349,0.9821342956349208
SEEDV_Q1_SAFE_SESSION1_16sub.npz,SEEDV_Q1_SAFE_SESSION2_16sub.npz,Happy,Neutral,Happy->Neutral,Temporal,0.001737914513796568,0.0015385113656520844,0.002670186882217725,0.003938885328049461,0.009885498089715838,arcface_supcon_cnn,3,0.0750714285714285,0.9612860237150416
SEEDV_Q1_SAFE_SESSION1_16sub.npz,SEEDV_Q1_SAFE_SESSION2_16sub.npz,Happy,Neutral,Happy->Neutral,Temporal,0.001737914513796568,0.0015385113656520844,0.002670186882217725,0.003938885328049461,0.009885498089715838,arcface_supcon_cnn,4,0.0595555555555555,0.9897763945578232
SEEDV_Q1_SAFE_SESSION1_16sub.npz,SEEDV_Q1_SAFE_SESSION2_16sub.npz,Happy,Neutral,Happy->Neutral,Parietal,0.0018783784471452236,0.0009810521733015776,0.0005938260583207011,0.0009396072564413771,0.004392863935208879,arcface_supcon_cnn,0,0.070015873015873,0.9607005621693122
SEEDV_Q1_SAFE_SESSION1_16sub.npz,SEEDV_Q1_SAFE_SESSION2_16sub.npz,Happy,Neutral,Happy->Neutral,Parietal,0.0018783784471452236,0.0009810521733015776,0.0005938260583207011,0.0009396072564413771,0.004392863935208879,arcface_supcon_cnn,1,0.0710952380952381,0.9681179469009826
SEEDV_Q1_SAFE_SESSION1_16sub.npz,SEEDV_Q1_SAFE_SESSION2_16sub.npz,Happy,Neutral,Happy->Neutral,Parietal,0.0018783784471452236,0.0009810521733015776,0.0005938260583207011,0.0009396072564413771,0.004392863935208879,arcface_supcon_cnn,2,0.0649206349206349,0.9821342956349208
SEEDV_Q1_SAFE_SESSION1_16sub.npz,SEEDV_Q1_SAFE_SESSION2_16sub.npz,Happy,Neutral,Happy->Neutral,Parietal,0.0018783784471452236,0.0009810521733015776,0.0005938260583207011,0.0009396072564413771,0.004392863935208879,arcface_supcon_cnn,3,0.0750714285714285,0.9612860237150416
SEEDV_Q1_SAFE_SESSION1_16sub.npz,SEEDV_Q1_SAFE_SESSION2_16sub.npz,Happy,Neutral,Happy->Neutral,Parietal,0.0018783784471452236,0.0009810521733015776,0.0005938260583207011,0.0009396072564413771,0.004392863935208879,arcface_supcon_cnn,4,0.0595555555555555,0.9897763945578232
SEEDV_Q1_SAFE_SESSION1_16sub.npz,SEEDV_Q1_SAFE_SESSION2_16sub.npz,Happy,Neutral,Happy->Neutral,Occipital,2.6989728212356567e-05,0.0011177874015023317,0.0011092115115995211,0.0016415280988439918,0.003895516740158201,arcface_supcon_cnn,0,0.070015873015873,0.9607005621693122
SEEDV_Q1_SAFE_SESSION1_16sub.npz,SEEDV_Q1_SAFE_SESSION2_16sub.npz,Happy,Neutral,Happy->Neutral,Occipital,2.6989728212356567e-05,0.0011177874015023317,0.0011092115115995211,0.0016415280988439918,0.003895516740158201,arcface_supcon_cnn,1,0.0710952380952381,0.9681179469009826
SEEDV_Q1_SAFE_SESSION1_16sub.npz,SEEDV_Q1_SAFE_SESSION2_16sub.npz,Happy,Neutral,Happy->Neutral,Occipital,2.6989728212356567e-05,0.0011177874015023317,0.0011092115115995211,0.0016415280988439918,0.003895516740158201,arcface_supcon_cnn,2,0.0649206349206349,0.9821342956349208
SEEDV_Q1_SAFE_SESSION1_16sub.npz,SEEDV_Q1_SAFE_SESSION2_16sub.npz,Happy,Neutral,Happy->Neutral,Occipital,2.6989728212356567e-05,0.0011177874015023317,0.0011092115115995211,0.0016415280988439918,0.003895516740158201,arcface_supcon_cnn,3,0.0750714285714285,0.9612860237150416
SEEDV_Q1_SAFE_SESSION1_16sub.npz,SEEDV_Q1_SAFE_SESSION2_16sub.npz,Happy,Neutral,Happy->Neutral,Occipital,2.6989728212356567e-05,0.0011177874015023317,0.0011092115115995211,0.0016415280988439918,0.003895516740158201,arcface_supcon_cnn,4,0.0595555555555555,0.9897763945578232
SEEDV_Q1_SAFE_SESSION1_16sub.npz,SEEDV_Q1_SAFE_SESSION2_16sub.npz,Happy,Sad,Happy->Sad,Frontal,0.0005921199030819377,0.0009745709110228797,0.00036548794291558703,0.00014502871670715864,0.002077207473727563,arcface_supcon_cnn,0,0.0868713017751479,0.940529614394866
SEEDV_Q1_SAFE_SESSION1_16sub.npz,SEEDV_Q1_SAFE_SESSION2_16sub.npz,Happy,Sad,Happy->Sad,Frontal,0.0005921199030819377,0.0009745709110228797,0.00036548794291558703,0.00014502871670715864,0.002077207473727563,arcface_supcon_cnn,1,0.088214990138067,0.9488483055022766
SEEDV_Q1_SAFE_SESSION1_16sub.npz,SEEDV_Q1_SAFE_SESSION2_16sub.npz,Happy,Sad,Happy->Sad,Frontal,0.0005921199030819377,0.0009745709110228797,0.00036548794291558703,0.00014502871670715864,0.002077207473727563,arcface_supcon_cnn,2,0.0839127218934911,0.9587148919951486
SEEDV_Q1_SAFE_SESSION1_16sub.npz,SEEDV_Q1_SAFE_SESSION2_16sub.npz,Happy,Sad,Happy->Sad,Frontal,0.0005921199030819377,0.0009745709110228797,0.00036548794291558703,0.00014502871670715864,0.002077207473727563,arcface_supcon_cnn,3,0.090625,0.943155875755328
SEEDV_Q1_SAFE_SESSION1_16sub.npz,SEEDV_Q1_SAFE_SESSION2_16sub.npz,Happy,Sad,Happy->Sad,Frontal,0.0005921199030819377,0.0009745709110228797,0.00036548794291558703,0.00014502871670715864,0.002077207473727563,arcface_supcon_cnn,4,0.0771079881656804,0.9706598841601274
SEEDV_Q1_SAFE_SESSION1_16sub.npz,SEEDV_Q1_SAFE_SESSION2_16sub.npz,Happy,Sad,Happy->Sad,Central/Motor,0.000277462149305005,0.0011040839765753072,0.0005405494677168977,0.0011656105052679777,0.0030877060988651877,arcface_supcon_cnn,0,0.0868713017751479,0.940529614394866
SEEDV_Q1_SAFE_SESSION1_16sub.npz,SEEDV_Q1_SAFE_SESSION2_16sub.npz,Happy,Sad,Happy->Sad,Central/Motor,0.000277462149305005,0.0011040839765753072,0.0005405494677168977,0.0011656105052679777,0.0030877060988651877,arcface_supcon_cnn,1,0.088214990138067,0.9488483055022766
SEEDV_Q1_SAFE_SESSION1_16sub.npz,SEEDV_Q1_SAFE_SESSION2_16sub.npz,Happy,Sad,Happy->Sad,Central/Motor,0.000277462149305005,0.0011040839765753072,0.0005405494677168977,0.0011656105052679777,0.0030877060988651877,arcface_supcon_cnn,2,0.0839127218934911,0.9587148919951486
SEEDV_Q1_SAFE_SESSION1_16sub.npz,SEEDV_Q1_SAFE_SESSION2_16sub.npz,Happy,Sad,Happy->Sad,Central/Motor,0.000277462149305005,0.0011040839765753072,0.0005405494677168977,0.0011656105052679777,0.0030877060988651877,arcface_supcon_cnn,3,0.090625,0.943155875755328
SEEDV_Q1_SAFE_SESSION1_16sub.npz,SEEDV_Q1_SAFE_SESSION2_16sub.npz,Happy,Sad,Happy->Sad,Central/Motor,0.000277462149305005,0.0011040839765753072,0.0005405494677168977,0.0011656105052679777,0.0030877060988651877,arcface_supcon_cnn,4,0.0771079881656804,0.9706598841601274
SEEDV_Q1_SAFE_SESSION1_16sub.npz,SEEDV_Q1_SAFE_SESSION2_16sub.npz,Happy,Sad,Happy->Sad,Temporal,0.0021528960205614567,0.001444370485842228,0.0015811917837709188,0.0030833687633275994,0.008261827053502202,arcface_supcon_cnn,0,0.0868713017751479,0.940529614394866
SEEDV_Q1_SAFE_SESSION1_16sub.npz,SEEDV_Q1_SAFE_SESSION2_16sub.npz,Happy,Sad,Happy->Sad,Temporal,0.0021528960205614567,0.001444370485842228,0.0015811917837709188,0.0030833687633275994,0.008261827053502202,arcface_supcon_cnn,1,0.088214990138067,0.9488483055022766
SEEDV_Q1_SAFE_SESSION1_16sub.npz,SEEDV_Q1_SAFE_SESSION2_16sub.npz,Happy,Sad,Happy->Sad,Temporal,0.0021528960205614567,0.001444370485842228,0.0015811917837709188,0.0030833687633275994,0.008261827053502202,arcface_supcon_cnn,2,0.0839127218934911,0.9587148919951486
SEEDV_Q1_SAFE_SESSION1_16sub.npz,SEEDV_Q1_SAFE_SESSION2_16sub.npz,Happy,Sad,Happy->Sad,Temporal,0.0021528960205614567,0.001444370485842228,0.0015811917837709188,0.0030833687633275994,0.008261827053502202,arcface_supcon_cnn,3,0.090625,0.943155875755328
SEEDV_Q1_SAFE_SESSION1_16sub.npz,SEEDV_Q1_SAFE_SESSION2_16sub.npz,Happy,Sad,Happy->Sad,Temporal,0.0021528960205614567,0.001444370485842228,0.0015811917837709188,0.0030833687633275994,0.008261827053502202,arcface_supcon_cnn,4,0.0771079881656804,0.9706598841601274
SEEDV_Q1_SAFE_SESSION1_16sub.npz,SEEDV_Q1_SAFE_SESSION2_16sub.npz,Happy,Sad,Happy->Sad,Parietal,0.0014964701840654016,0.0011099782423116267,0.0002848179719876498,0.0007706438555032946,0.0036619102538679726,arcface_supcon_cnn,0,0.0868713017751479,0.940529614394866
SEEDV_Q1_SAFE_SESSION1_16sub.npz,SEEDV_Q1_SAFE_SESSION2_16sub.npz,Happy,Sad,Happy->Sad,Parietal,0.0014964701840654016,0.0011099782423116267,0.0002848179719876498,0.0007706438555032946,0.0036619102538679726,arcface_supcon_cnn,1,0.088214990138067,0.9488483055022766
SEEDV_Q1_SAFE_SESSION1_16sub.npz,SEEDV_Q1_SAFE_SESSION2_16sub.npz,Happy,Sad,Happy->Sad,Parietal,0.0014964701840654016,0.0011099782423116267,0.0002848179719876498,0.0007706438555032946,0.0036619102538679726,arcface_supcon_cnn,2,0.0839127218934911,0.9587148919951486
SEEDV_Q1_SAFE_SESSION1_16sub.npz,SEEDV_Q1_SAFE_SESSION2_16sub.npz,Happy,Sad,Happy->Sad,Parietal,0.0014964701840654016,0.0011099782423116267,0.0002848179719876498,0.0007706438555032946,0.0036619102538679726,arcface_supcon_cnn,3,0.090625,0.943155875755328
SEEDV_Q1_SAFE_SESSION1_16sub.npz,SEEDV_Q1_SAFE_SESSION2_16sub.npz,Happy,Sad,Happy->Sad,Parietal,0.0014964701840654016,0.0011099782423116267,0.0002848179719876498,0.0007706438555032946,0.0036619102538679726,arcface_supcon_cnn,4,0.0771079881656804,0.9706598841601274
SEEDV_Q1_SAFE_SESSION1_16sub.npz,SEEDV_Q1_SAFE_SESSION2_16sub.npz,Happy,Sad,Happy->Sad,Occipital,2.923406039674961e-05,0.0013482409995049238,0.00042438332457095385,0.0011361553624738008,0.002938013746946428,arcface_supcon_cnn,0,0.0868713017751479,0.940529614394866
SEEDV_Q1_SAFE_SESSION1_16sub.npz,SEEDV_Q1_SAFE_SESSION2_16sub.npz,Happy,Sad,Happy->Sad,Occipital,2.923406039674961e-05,0.0013482409995049238,0.00042438332457095385,0.0011361553624738008,0.002938013746946428,arcface_supcon_cnn,1,0.088214990138067,0.9488483055022766
SEEDV_Q1_SAFE_SESSION1_16sub.npz,SEEDV_Q1_SAFE_SESSION2_16sub.npz,Happy,Sad,Happy->Sad,Occipital,2.923406039674961e-05,0.0013482409995049238,0.00042438332457095385,0.0011361553624738008,0.002938013746946428,arcface_supcon_cnn,2,0.0839127218934911,0.9587148919951486
SEEDV_Q1_SAFE_SESSION1_16sub.npz,SEEDV_Q1_SAFE_SESSION2_16sub.npz,Happy,Sad,Happy->Sad,Occipital,2.923406039674961e-05,0.0013482409995049238,0.00042438332457095385,0.0011361553624738008,0.002938013746946428,arcface_supcon_cnn,3,0.090625,0.943155875755328
SEEDV_Q1_SAFE_SESSION1_16sub.npz,SEEDV_Q1_SAFE_SESSION2_16sub.npz,Happy,Sad,Happy->Sad,Occipital,2.923406039674961e-05,0.0013482409995049238,0.00042438332457095385,0.0011361553624738008,0.002938013746946428,arcface_supcon_cnn,4,0.0771079881656804,0.9706598841601274
SEEDV_Q1_SAFE_SESSION1_16sub.npz,SEEDV_Q1_SAFE_SESSION2_16sub.npz,Neutral,Disgust,Neutral->Disgust,Frontal,9.680140231336717e-05,0.0001717839345690749,0.0014408534680981017,0.0014378096564628537,0.0031472484614433974,arcface_supcon_cnn,0,0.0831970404984423,0.9481185718946978
SEEDV_Q1_SAFE_SESSION1_16sub.npz,SEEDV_Q1_SAFE_SESSION2_16sub.npz,Neutral,Disgust,Neutral->Disgust,Frontal,9.680140231336717e-05,0.0001717839345690749,0.0014408534680981017,0.0014378096564628537,0.0031472484614433974,arcface_supcon_cnn,1,0.0863901869158878,0.9557827472422992
SEEDV_Q1_SAFE_SESSION1_16sub.npz,SEEDV_Q1_SAFE_SESSION2_16sub.npz,Neutral,Disgust,Neutral->Disgust,Frontal,9.680140231336717e-05,0.0001717839345690749,0.0014408534680981017,0.0014378096564628537,0.0031472484614433974,arcface_supcon_cnn,2,0.0782028816199377,0.9673969077880712
SEEDV_Q1_SAFE_SESSION1_16sub.npz,SEEDV_Q1_SAFE_SESSION2_16sub.npz,Neutral,Disgust,Neutral->Disgust,Frontal,9.680140231336717e-05,0.0001717839345690749,0.0014408534680981017,0.0014378096564628537,0.0031472484614433974,arcface_supcon_cnn,3,0.0891744548286604,0.949270795234118
SEEDV_Q1_SAFE_SESSION1_16sub.npz,SEEDV_Q1_SAFE_SESSION2_16sub.npz,Neutral,Disgust,Neutral->Disgust,Frontal,9.680140231336717e-05,0.0001717839345690749,0.0014408534680981017,0.0014378096564628537,0.0031472484614433974,arcface_supcon_cnn,4,0.0770346573208722,0.9769949459969212
SEEDV_Q1_SAFE_SESSION1_16sub.npz,SEEDV_Q1_SAFE_SESSION2_16sub.npz,Neutral,Disgust,Neutral->Disgust,Central/Motor,0.0005827351872410083,0.0015384846233895862,0.0005102028538073811,0.0007799603876524736,0.003411383052090449,arcface_supcon_cnn,0,0.0831970404984423,0.9481185718946978
SEEDV_Q1_SAFE_SESSION1_16sub.npz,SEEDV_Q1_SAFE_SESSION2_16sub.npz,Neutral,Disgust,Neutral->Disgust,Central/Motor,0.0005827351872410083,0.0015384846233895862,0.0005102028538073811,0.0007799603876524736,0.003411383052090449,arcface_supcon_cnn,1,0.0863901869158878,0.9557827472422992
SEEDV_Q1_SAFE_SESSION1_16sub.npz,SEEDV_Q1_SAFE_SESSION2_16sub.npz,Neutral,Disgust,Neutral->Disgust,Central/Motor,0.0005827351872410083,0.0015384846233895862,0.0005102028538073811,0.0007799603876524736,0.003411383052090449,arcface_supcon_cnn,2,0.0782028816199377,0.9673969077880712
SEEDV_Q1_SAFE_SESSION1_16sub.npz,SEEDV_Q1_SAFE_SESSION2_16sub.npz,Neutral,Disgust,Neutral->Disgust,Central/Motor,0.0005827351872410083,0.0015384846233895862,0.0005102028538073811,0.0007799603876524736,0.003411383052090449,arcface_supcon_cnn,3,0.0891744548286604,0.949270795234118
SEEDV_Q1_SAFE_SESSION1_16sub.npz,SEEDV_Q1_SAFE_SESSION2_16sub.npz,Neutral,Disgust,Neutral->Disgust,Central/Motor,0.0005827351872410083,0.0015384846233895862,0.0005102028538073811,0.0007799603876524736,0.003411383052090449,arcface_supcon_cnn,4,0.0770346573208722,0.9769949459969212
SEEDV_Q1_SAFE_SESSION1_16sub.npz,SEEDV_Q1_SAFE_SESSION2_16sub.npz,Neutral,Disgust,Neutral->Disgust,Temporal,0.0009649091710646936,0.000852753485863408,0.0022133220918476573,0.002483148671065768,0.006514133419841527,arcface_supcon_cnn,0,0.0831970404984423,0.9481185718946978
SEEDV_Q1_SAFE_SESSION1_16sub.npz,SEEDV_Q1_SAFE_SESSION2_16sub.npz,Neutral,Disgust,Neutral->Disgust,Temporal,0.0009649091710646936,0.000852753485863408,0.0022133220918476573,0.002483148671065768,0.006514133419841527,arcface_supcon_cnn,1,0.0863901869158878,0.9557827472422992
SEEDV_Q1_SAFE_SESSION1_16sub.npz,SEEDV_Q1_SAFE_SESSION2_16sub.npz,Neutral,Disgust,Neutral->Disgust,Temporal,0.0009649091710646936,0.000852753485863408,0.0022133220918476573,0.002483148671065768,0.006514133419841527,arcface_supcon_cnn,2,0.0782028816199377,0.9673969077880712
SEEDV_Q1_SAFE_SESSION1_16sub.npz,SEEDV_Q1_SAFE_SESSION2_16sub.npz,Neutral,Disgust,Neutral->Disgust,Temporal,0.0009649091710646936,0.000852753485863408,0.0022133220918476573,0.002483148671065768,0.006514133419841527,arcface_supcon_cnn,3,0.0891744548286604,0.949270795234118
SEEDV_Q1_SAFE_SESSION1_16sub.npz,SEEDV_Q1_SAFE_SESSION2_16sub.npz,Neutral,Disgust,Neutral->Disgust,Temporal,0.0009649091710646936,0.000852753485863408,0.0022133220918476573,0.002483148671065768,0.006514133419841527,arcface_supcon_cnn,4,0.0770346573208722,0.9769949459969212
SEEDV_Q1_SAFE_SESSION1_16sub.npz,SEEDV_Q1_SAFE_SESSION2_16sub.npz,Neutral,Disgust,Neutral->Disgust,Parietal,0.0005055757937952876,0.0008683224441483617,0.0003439266001805663,0.000544156639080029,0.0022619814772042446,arcface_supcon_cnn,0,0.0831970404984423,0.9481185718946978
SEEDV_Q1_SAFE_SESSION1_16sub.npz,SEEDV_Q1_SAFE_SESSION2_16sub.npz,Neutral,Disgust,Neutral->Disgust,Parietal,0.0005055757937952876,0.0008683224441483617,0.0003439266001805663,0.000544156639080029,0.0022619814772042446,arcface_supcon_cnn,1,0.0863901869158878,0.9557827472422992
SEEDV_Q1_SAFE_SESSION1_16sub.npz,SEEDV_Q1_SAFE_SESSION2_16sub.npz,Neutral,Disgust,Neutral->Disgust,Parietal,0.0005055757937952876,0.0008683224441483617,0.0003439266001805663,0.000544156639080029,0.0022619814772042446,arcface_supcon_cnn,2,0.0782028816199377,0.9673969077880712
SEEDV_Q1_SAFE_SESSION1_16sub.npz,SEEDV_Q1_SAFE_SESSION2_16sub.npz,Neutral,Disgust,Neutral->Disgust,Parietal,0.0005055757937952876,0.0008683224441483617,0.0003439266001805663,0.000544156639080029,0.0022619814772042446,arcface_supcon_cnn,3,0.0891744548286604,0.949270795234118
SEEDV_Q1_SAFE_SESSION1_16sub.npz,SEEDV_Q1_SAFE_SESSION2_16sub.npz,Neutral,Disgust,Neutral->Disgust,Parietal,0.0005055757937952876,0.0008683224441483617,0.0003439266001805663,0.000544156639080029,0.0022619814772042446,arcface_supcon_cnn,4,0.0770346573208722,0.9769949459969212
SEEDV_Q1_SAFE_SESSION1_16sub.npz,SEEDV_Q1_SAFE_SESSION2_16sub.npz,Neutral,Disgust,Neutral->Disgust,Occipital,0.000736865835885208,0.0001429154071956873,0.0004127269300321741,0.0005315290666961419,0.0018240372398092113,arcface_supcon_cnn,0,0.0831970404984423,0.9481185718946978
SEEDV_Q1_SAFE_SESSION1_16sub.npz,SEEDV_Q1_SAFE_SESSION2_16sub.npz,Neutral,Disgust,Neutral->Disgust,Occipital,0.000736865835885208,0.0001429154071956873,0.0004127269300321741,0.0005315290666961419,0.0018240372398092113,arcface_supcon_cnn,1,0.0863901869158878,0.9557827472422992
SEEDV_Q1_SAFE_SESSION1_16sub.npz,SEEDV_Q1_SAFE_SESSION2_16sub.npz,Neutral,Disgust,Neutral->Disgust,Occipital,0.000736865835885208,0.0001429154071956873,0.0004127269300321741,0.0005315290666961419,0.0018240372398092113,arcface_supcon_cnn,2,0.0782028816199377,0.9673969077880712
SEEDV_Q1_SAFE_SESSION1_16sub.npz,SEEDV_Q1_SAFE_SESSION2_16sub.npz,Neutral,Disgust,Neutral->Disgust,Occipital,0.000736865835885208,0.0001429154071956873,0.0004127269300321741,0.0005315290666961419,0.0018240372398092113,arcface_supcon_cnn,3,0.0891744548286604,0.949270795234118
SEEDV_Q1_SAFE_SESSION1_16sub.npz,SEEDV_Q1_SAFE_SESSION2_16sub.npz,Neutral,Disgust,Neutral->Disgust,Occipital,0.000736865835885208,0.0001429154071956873,0.0004127269300321741,0.0005315290666961419,0.0018240372398092113,arcface_supcon_cnn,4,0.0770346573208722,0.9769949459969212
SEEDV_Q1_SAFE_SESSION1_16sub.npz,SEEDV_Q1_SAFE_SESSION2_16sub.npz,Neutral,Fear,Neutral->Fear,Frontal,9.033456444740295e-05,8.03411406065744e-05,0.0012016552833041972,0.001101087429560721,0.0024734184179188955,arcface_supcon_cnn,0,0.0704469696969697,0.962248218836088
SEEDV_Q1_SAFE_SESSION1_16sub.npz,SEEDV_Q1_SAFE_SESSION2_16sub.npz,Neutral,Fear,Neutral->Fear,Frontal,9.033456444740295e-05,8.03411406065744e-05,0.0012016552833041972,0.001101087429560721,0.0024734184179188955,arcface_supcon_cnn,1,0.0690227272727272,0.9679343095730027
SEEDV_Q1_SAFE_SESSION1_16sub.npz,SEEDV_Q1_SAFE_SESSION2_16sub.npz,Neutral,Fear,Neutral->Fear,Frontal,9.033456444740295e-05,8.03411406065744e-05,0.0012016552833041972,0.001101087429560721,0.0024734184179188955,arcface_supcon_cnn,2,0.0629772727272727,0.9858817351067491
SEEDV_Q1_SAFE_SESSION1_16sub.npz,SEEDV_Q1_SAFE_SESSION2_16sub.npz,Neutral,Fear,Neutral->Fear,Frontal,9.033456444740295e-05,8.03411406065744e-05,0.0012016552833041972,0.001101087429560721,0.0024734184179188955,arcface_supcon_cnn,3,0.0709090909090909,0.9630684779614324
SEEDV_Q1_SAFE_SESSION1_16sub.npz,SEEDV_Q1_SAFE_SESSION2_16sub.npz,Neutral,Fear,Neutral->Fear,Frontal,9.033456444740295e-05,8.03411406065744e-05,0.0012016552833041972,0.001101087429560721,0.0024734184179188955,arcface_supcon_cnn,4,0.0618863636363636,0.9905811036501376
SEEDV_Q1_SAFE_SESSION1_16sub.npz,SEEDV_Q1_SAFE_SESSION2_16sub.npz,Neutral,Fear,Neutral->Fear,Central/Motor,0.0005732689585004544,0.0017459303406732428,0.00040570034512451766,0.0005084346547456725,0.0032333342990438873,arcface_supcon_cnn,0,0.0704469696969697,0.962248218836088
SEEDV_Q1_SAFE_SESSION1_16sub.npz,SEEDV_Q1_SAFE_SESSION2_16sub.npz,Neutral,Fear,Neutral->Fear,Central/Motor,0.0005732689585004544,0.0017459303406732428,0.00040570034512451766,0.0005084346547456725,0.0032333342990438873,arcface_supcon_cnn,1,0.0690227272727272,0.9679343095730027
SEEDV_Q1_SAFE_SESSION1_16sub.npz,SEEDV_Q1_SAFE_SESSION2_16sub.npz,Neutral,Fear,Neutral->Fear,Central/Motor,0.0005732689585004544,0.0017459303406732428,0.00040570034512451766,0.0005084346547456725,0.0032333342990438873,arcface_supcon_cnn,2,0.0629772727272727,0.9858817351067491
SEEDV_Q1_SAFE_SESSION1_16sub.npz,SEEDV_Q1_SAFE_SESSION2_16sub.npz,Neutral,Fear,Neutral->Fear,Central/Motor,0.0005732689585004544,0.0017459303406732428,0.00040570034512451766,0.0005084346547456725,0.0032333342990438873,arcface_supcon_cnn,3,0.0709090909090909,0.9630684779614324
SEEDV_Q1_SAFE_SESSION1_16sub.npz,SEEDV_Q1_SAFE_SESSION2_16sub.npz,Neutral,Fear,Neutral->Fear,Central/Motor,0.0005732689585004544,0.0017459303406732428,0.00040570034512451766,0.0005084346547456725,0.0032333342990438873,arcface_supcon_cnn,4,0.0618863636363636,0.9905811036501376
SEEDV_Q1_SAFE_SESSION1_16sub.npz,SEEDV_Q1_SAFE_SESSION2_16sub.npz,Neutral,Fear,Neutral->Fear,Temporal,0.0005420755284527932,2.970298131307024e-05,0.0019369265840699272,0.0022351086760560666,0.004743813769891857,arcface_supcon_cnn,0,0.0704469696969697,0.962248218836088
SEEDV_Q1_SAFE_SESSION1_16sub.npz,SEEDV_Q1_SAFE_SESSION2_16sub.npz,Neutral,Fear,Neutral->Fear,Temporal,0.0005420755284527932,2.970298131307024e-05,0.0019369265840699272,0.0022351086760560666,0.004743813769891857,arcface_supcon_cnn,1,0.0690227272727272,0.9679343095730027
SEEDV_Q1_SAFE_SESSION1_16sub.npz,SEEDV_Q1_SAFE_SESSION2_16sub.npz,Neutral,Fear,Neutral->Fear,Temporal,0.0005420755284527932,2.970298131307024e-05,0.0019369265840699272,0.0022351086760560666,0.004743813769891857,arcface_supcon_cnn,2,0.0629772727272727,0.9858817351067491
SEEDV_Q1_SAFE_SESSION1_16sub.npz,SEEDV_Q1_SAFE_SESSION2_16sub.npz,Neutral,Fear,Neutral->Fear,Temporal,0.0005420755284527932,2.970298131307024e-05,0.0019369265840699272,0.0022351086760560666,0.004743813769891857,arcface_supcon_cnn,3,0.0709090909090909,0.9630684779614324
SEEDV_Q1_SAFE_SESSION1_16sub.npz,SEEDV_Q1_SAFE_SESSION2_16sub.npz,Neutral,Fear,Neutral->Fear,Temporal,0.0005420755284527932,2.970298131307024e-05,0.0019369265840699272,0.0022351086760560666,0.004743813769891857,arcface_supcon_cnn,4,0.0618863636363636,0.9905811036501376
SEEDV_Q1_SAFE_SESSION1_16sub.npz,SEEDV_Q1_SAFE_SESSION2_16sub.npz,Neutral,Fear,Neutral->Fear,Parietal,0.0015443420270457864,0.0008983630686998367,0.00033536695991642773,0.0006588299293071032,0.003436901984969154,arcface_supcon_cnn,0,0.0704469696969697,0.962248218836088
SEEDV_Q1_SAFE_SESSION1_16sub.npz,SEEDV_Q1_SAFE_SESSION2_16sub.npz,Neutral,Fear,Neutral->Fear,Parietal,0.0015443420270457864,0.0008983630686998367,0.00033536695991642773,0.0006588299293071032,0.003436901984969154,arcface_supcon_cnn,1,0.0690227272727272,0.9679343095730027
SEEDV_Q1_SAFE_SESSION1_16sub.npz,SEEDV_Q1_SAFE_SESSION2_16sub.npz,Neutral,Fear,Neutral->Fear,Parietal,0.0015443420270457864,0.0008983630686998367,0.00033536695991642773,0.0006588299293071032,0.003436901984969154,arcface_supcon_cnn,2,0.0629772727272727,0.9858817351067491
SEEDV_Q1_SAFE_SESSION1_16sub.npz,SEEDV_Q1_SAFE_SESSION2_16sub.npz,Neutral,Fear,Neutral->Fear,Parietal,0.0015443420270457864,0.0008983630686998367,0.00033536695991642773,0.0006588299293071032,0.003436901984969154,arcface_supcon_cnn,3,0.0709090909090909,0.9630684779614324
SEEDV_Q1_SAFE_SESSION1_16sub.npz,SEEDV_Q1_SAFE_SESSION2_16sub.npz,Neutral,Fear,Neutral->Fear,Parietal,0.0015443420270457864,0.0008983630686998367,0.00033536695991642773,0.0006588299293071032,0.003436901984969154,arcface_supcon_cnn,4,0.0618863636363636,0.9905811036501376
SEEDV_Q1_SAFE_SESSION1_16sub.npz,SEEDV_Q1_SAFE_SESSION2_16sub.npz,Neutral,Fear,Neutral->Fear,Occipital,0.0005803353463610002,0.0006496337397644911,0.0007047470814237995,0.001110204446983213,0.003044920614532504,arcface_supcon_cnn,0,0.0704469696969697,0.962248218836088
SEEDV_Q1_SAFE_SESSION1_16sub.npz,SEEDV_Q1_SAFE_SESSION2_16sub.npz,Neutral,Fear,Neutral->Fear,Occipital,0.0005803353463610002,0.0006496337397644911,0.0007047470814237995,0.001110204446983213,0.003044920614532504,arcface_supcon_cnn,1,0.0690227272727272,0.9679343095730027
SEEDV_Q1_SAFE_SESSION1_16sub.npz,SEEDV_Q1_SAFE_SESSION2_16sub.npz,Neutral,Fear,Neutral->Fear,Occipital,0.0005803353463610002,0.0006496337397644911,0.0007047470814237995,0.001110204446983213,0.003044920614532504,arcface_supcon_cnn,2,0.0629772727272727,0.9858817351067491
SEEDV_Q1_SAFE_SESSION1_16sub.npz,SEEDV_Q1_SAFE_SESSION2_16sub.npz,Neutral,Fear,Neutral->Fear,Occipital,0.0005803353463610002,0.0006496337397644911,0.0007047470814237995,0.001110204446983213,0.003044920614532504,arcface_supcon_cnn,3,0.0709090909090909,0.9630684779614324
SEEDV_Q1_SAFE_SESSION1_16sub.npz,SEEDV_Q1_SAFE_SESSION2_16sub.npz,Neutral,Fear,Neutral->Fear,Occipital,0.0005803353463610002,0.0006496337397644911,0.0007047470814237995,0.001110204446983213,0.003044920614532504,arcface_supcon_cnn,4,0.0618863636363636,0.9905811036501376
SEEDV_Q1_SAFE_SESSION1_16sub.npz,SEEDV_Q1_SAFE_SESSION2_16sub.npz,Neutral,Happy,Neutral->Happy,Frontal,0.0006992584981379037,0.00021416376832695226,0.0009805090348458008,0.000976415035048766,0.0028703463363594227,arcface_supcon_cnn,0,0.0728186775732788,0.9605640973651066
SEEDV_Q1_SAFE_SESSION1_16sub.npz,SEEDV_Q1_SAFE_SESSION2_16sub.npz,Neutral,Happy,Neutral->Happy,Frontal,0.0006992584981379037,0.00021416376832695226,0.0009805090348458008,0.000976415035048766,0.0028703463363594227,arcface_supcon_cnn,1,0.076840490797546,0.9650456728105228
SEEDV_Q1_SAFE_SESSION1_16sub.npz,SEEDV_Q1_SAFE_SESSION2_16sub.npz,Neutral,Happy,Neutral->Happy,Frontal,0.0006992584981379037,0.00021416376832695226,0.0009805090348458008,0.000976415035048766,0.0028703463363594227,arcface_supcon_cnn,2,0.0671608725289706,0.9840070339432408
SEEDV_Q1_SAFE_SESSION1_16sub.npz,SEEDV_Q1_SAFE_SESSION2_16sub.npz,Neutral,Happy,Neutral->Happy,Frontal,0.0006992584981379037,0.00021416376832695226,0.0009805090348458008,0.000976415035048766,0.0028703463363594227,arcface_supcon_cnn,3,0.0707310838445807,0.9612181110713822
SEEDV_Q1_SAFE_SESSION1_16sub.npz,SEEDV_Q1_SAFE_SESSION2_16sub.npz,Neutral,Happy,Neutral->Happy,Frontal,0.0006992584981379037,0.00021416376832695226,0.0009805090348458008,0.000976415035048766,0.0028703463363594227,arcface_supcon_cnn,4,0.0700835037491479,0.9877530317635562
SEEDV_Q1_SAFE_SESSION1_16sub.npz,SEEDV_Q1_SAFE_SESSION2_16sub.npz,Neutral,Happy,Neutral->Happy,Central/Motor,0.0006181085482239723,0.0014699355566075885,0.0005632350886506697,0.0006958896992728118,0.0033471688927550424,arcface_supcon_cnn,0,0.0728186775732788,0.9605640973651066
SEEDV_Q1_SAFE_SESSION1_16sub.npz,SEEDV_Q1_SAFE_SESSION2_16sub.npz,Neutral,Happy,Neutral->Happy,Central/Motor,0.0006181085482239723,0.0014699355566075885,0.0005632350886506697,0.0006958896992728118,0.0033471688927550424,arcface_supcon_cnn,1,0.076840490797546,0.9650456728105228
SEEDV_Q1_SAFE_SESSION1_16sub.npz,SEEDV_Q1_SAFE_SESSION2_16sub.npz,Neutral,Happy,Neutral->Happy,Central/Motor,0.0006181085482239723,0.0014699355566075885,0.0005632350886506697,0.0006958896992728118,0.0033471688927550424,arcface_supcon_cnn,2,0.0671608725289706,0.9840070339432408
SEEDV_Q1_SAFE_SESSION1_16sub.npz,SEEDV_Q1_SAFE_SESSION2_16sub.npz,Neutral,Happy,Neutral->Happy,Central/Motor,0.0006181085482239723,0.0014699355566075885,0.0005632350886506697,0.0006958896992728118,0.0033471688927550424,arcface_supcon_cnn,3,0.0707310838445807,0.9612181110713822
SEEDV_Q1_SAFE_SESSION1_16sub.npz,SEEDV_Q1_SAFE_SESSION2_16sub.npz,Neutral,Happy,Neutral->Happy,Central/Motor,0.0006181085482239723,0.0014699355566075885,0.0005632350886506697,0.0006958896992728118,0.0033471688927550424,arcface_supcon_cnn,4,0.0700835037491479,0.9877530317635562
SEEDV_Q1_SAFE_SESSION1_16sub.npz,SEEDV_Q1_SAFE_SESSION2_16sub.npz,Neutral,Happy,Neutral->Happy,Temporal,0.0016090571880340576,0.0010317947405079995,0.0017160939363141852,0.002820668974891305,0.007177614839747547,arcface_supcon_cnn,0,0.0728186775732788,0.9605640973651066
SEEDV_Q1_SAFE_SESSION1_16sub.npz,SEEDV_Q1_SAFE_SESSION2_16sub.npz,Neutral,Happy,Neutral->Happy,Temporal,0.0016090571880340576,0.0010317947405079995,0.0017160939363141852,0.002820668974891305,0.007177614839747547,arcface_supcon_cnn,1,0.076840490797546,0.9650456728105228
SEEDV_Q1_SAFE_SESSION1_16sub.npz,SEEDV_Q1_SAFE_SESSION2_16sub.npz,Neutral,Happy,Neutral->Happy,Temporal,0.0016090571880340576,0.0010317947405079995,0.0017160939363141852,0.002820668974891305,0.007177614839747547,arcface_supcon_cnn,2,0.0671608725289706,0.9840070339432408
SEEDV_Q1_SAFE_SESSION1_16sub.npz,SEEDV_Q1_SAFE_SESSION2_16sub.npz,Neutral,Happy,Neutral->Happy,Temporal,0.0016090571880340576,0.0010317947405079995,0.0017160939363141852,0.002820668974891305,0.007177614839747547,arcface_supcon_cnn,3,0.0707310838445807,0.9612181110713822
SEEDV_Q1_SAFE_SESSION1_16sub.npz,SEEDV_Q1_SAFE_SESSION2_16sub.npz,Neutral,Happy,Neutral->Happy,Temporal,0.0016090571880340576,0.0010317947405079995,0.0017160939363141852,0.002820668974891305,0.007177614839747547,arcface_supcon_cnn,4,0.0700835037491479,0.9877530317635562
SEEDV_Q1_SAFE_SESSION1_16sub.npz,SEEDV_Q1_SAFE_SESSION2_16sub.npz,Neutral,Happy,Neutral->Happy,Parietal,0.0006428569322451949,0.00019285688176751137,0.0007416859443765134,0.000897838435776066,0.0024752381941652857,arcface_supcon_cnn,0,0.0728186775732788,0.9605640973651066
SEEDV_Q1_SAFE_SESSION1_16sub.npz,SEEDV_Q1_SAFE_SESSION2_16sub.npz,Neutral,Happy,Neutral->Happy,Parietal,0.0006428569322451949,0.00019285688176751137,0.0007416859443765134,0.000897838435776066,0.0024752381941652857,arcface_supcon_cnn,1,0.076840490797546,0.9650456728105228
SEEDV_Q1_SAFE_SESSION1_16sub.npz,SEEDV_Q1_SAFE_SESSION2_16sub.npz,Neutral,Happy,Neutral->Happy,Parietal,0.0006428569322451949,0.00019285688176751137,0.0007416859443765134,0.000897838435776066,0.0024752381941652857,arcface_supcon_cnn,2,0.0671608725289706,0.9840070339432408
SEEDV_Q1_SAFE_SESSION1_16sub.npz,SEEDV_Q1_SAFE_SESSION2_16sub.npz,Neutral,Happy,Neutral->Happy,Parietal,0.0006428569322451949,0.00019285688176751137,0.0007416859443765134,0.000897838435776066,0.0024752381941652857,arcface_supcon_cnn,3,0.0707310838445807,0.9612181110713822
SEEDV_Q1_SAFE_SESSION1_16sub.npz,SEEDV_Q1_SAFE_SESSION2_16sub.npz,Neutral,Happy,Neutral->Happy,Parietal,0.0006428569322451949,0.00019285688176751137,0.0007416859443765134,0.000897838435776066,0.0024752381941652857,arcface_supcon_cnn,4,0.0700835037491479,0.9877530317635562
SEEDV_Q1_SAFE_SESSION1_16sub.npz,SEEDV_Q1_SAFE_SESSION2_16sub.npz,Neutral,Happy,Neutral->Happy,Occipital,0.002684465454270441,0.000826365624864895,0.0007230044575408101,0.0007781673630233854,0.005012002899699532,arcface_supcon_cnn,0,0.0728186775732788,0.9605640973651066
SEEDV_Q1_SAFE_SESSION1_16sub.npz,SEEDV_Q1_SAFE_SESSION2_16sub.npz,Neutral,Happy,Neutral->Happy,Occipital,0.002684465454270441,0.000826365624864895,0.0007230044575408101,0.0007781673630233854,0.005012002899699532,arcface_supcon_cnn,1,0.076840490797546,0.9650456728105228
SEEDV_Q1_SAFE_SESSION1_16sub.npz,SEEDV_Q1_SAFE_SESSION2_16sub.npz,Neutral,Happy,Neutral->Happy,Occipital,0.002684465454270441,0.000826365624864895,0.0007230044575408101,0.0007781673630233854,0.005012002899699532,arcface_supcon_cnn,2,0.0671608725289706,0.9840070339432408
SEEDV_Q1_SAFE_SESSION1_16sub.npz,SEEDV_Q1_SAFE_SESSION2_16sub.npz,Neutral,Happy,Neutral->Happy,Occipital,0.002684465454270441,0.000826365624864895,0.0007230044575408101,0.0007781673630233854,0.005012002899699532,arcface_supcon_cnn,3,0.0707310838445807,0.9612181110713822
SEEDV_Q1_SAFE_SESSION1_16sub.npz,SEEDV_Q1_SAFE_SESSION2_16sub.npz,Neutral,Happy,Neutral->Happy,Occipital,0.002684465454270441,0.000826365624864895,0.0007230044575408101,0.0007781673630233854,0.005012002899699532,arcface_supcon_cnn,4,0.0700835037491479,0.9877530317635562
SEEDV_Q1_SAFE_SESSION1_16sub.npz,SEEDV_Q1_SAFE_SESSION2_16sub.npz,Neutral,Neutral,Neutral->Neutral,Frontal,0.00023597359125103468,5.5453230050347274e-05,0.00023457997788985628,0.0002700903042707416,0.0007960971034619798,arcface_supcon_cnn,0,0.0703650793650793,0.9619415065192743
SEEDV_Q1_SAFE_SESSION1_16sub.npz,SEEDV_Q1_SAFE_SESSION2_16sub.npz,Neutral,Neutral,Neutral->Neutral,Frontal,0.00023597359125103468,5.5453230050347274e-05,0.00023457997788985628,0.0002700903042707416,0.0007960971034619798,arcface_supcon_cnn,1,0.0713809523809523,0.968906672808012
SEEDV_Q1_SAFE_SESSION1_16sub.npz,SEEDV_Q1_SAFE_SESSION2_16sub.npz,Neutral,Neutral,Neutral->Neutral,Frontal,0.00023597359125103468,5.5453230050347274e-05,0.00023457997788985628,0.0002700903042707416,0.0007960971034619798,arcface_supcon_cnn,2,0.065563492063492,0.982949256424792
SEEDV_Q1_SAFE_SESSION1_16sub.npz,SEEDV_Q1_SAFE_SESSION2_16sub.npz,Neutral,Neutral,Neutral->Neutral,Frontal,0.00023597359125103468,5.5453230050347274e-05,0.00023457997788985628,0.0002700903042707416,0.0007960971034619798,arcface_supcon_cnn,3,0.0748174603174603,0.9619559712773998
SEEDV_Q1_SAFE_SESSION1_16sub.npz,SEEDV_Q1_SAFE_SESSION2_16sub.npz,Neutral,Neutral,Neutral->Neutral,Frontal,0.00023597359125103468,5.5453230050347274e-05,0.00023457997788985628,0.0002700903042707416,0.0007960971034619798,arcface_supcon_cnn,4,0.0607142857142857,0.9897336890589568
SEEDV_Q1_SAFE_SESSION1_16sub.npz,SEEDV_Q1_SAFE_SESSION2_16sub.npz,Neutral,Neutral,Neutral->Neutral,Central/Motor,0.00041190614657742736,4.180241376161575e-05,6.167058433805168e-05,0.00023805935467992485,0.0007534384993570196,arcface_supcon_cnn,0,0.0703650793650793,0.9619415065192743
SEEDV_Q1_SAFE_SESSION1_16sub.npz,SEEDV_Q1_SAFE_SESSION2_16sub.npz,Neutral,Neutral,Neutral->Neutral,Central/Motor,0.00041190614657742736,4.180241376161575e-05,6.167058433805168e-05,0.00023805935467992485,0.0007534384993570196,arcface_supcon_cnn,1,0.0713809523809523,0.968906672808012
SEEDV_Q1_SAFE_SESSION1_16sub.npz,SEEDV_Q1_SAFE_SESSION2_16sub.npz,Neutral,Neutral,Neutral->Neutral,Central/Motor,0.00041190614657742736,4.180241376161575e-05,6.167058433805168e-05,0.00023805935467992485,0.0007534384993570196,arcface_supcon_cnn,2,0.065563492063492,0.982949256424792
SEEDV_Q1_SAFE_SESSION1_16sub.npz,SEEDV_Q1_SAFE_SESSION2_16sub.npz,Neutral,Neutral,Neutral->Neutral,Central/Motor,0.00041190614657742736,4.180241376161575e-05,6.167058433805168e-05,0.00023805935467992485,0.0007534384993570196,arcface_supcon_cnn,3,0.0748174603174603,0.9619559712773998
SEEDV_Q1_SAFE_SESSION1_16sub.npz,SEEDV_Q1_SAFE_SESSION2_16sub.npz,Neutral,Neutral,Neutral->Neutral,Central/Motor,0.00041190614657742736,4.180241376161575e-05,6.167058433805168e-05,0.00023805935467992485,0.0007534384993570196,arcface_supcon_cnn,4,0.0607142857142857,0.9897336890589568
SEEDV_Q1_SAFE_SESSION1_16sub.npz,SEEDV_Q1_SAFE_SESSION2_16sub.npz,Neutral,Neutral,Neutral->Neutral,Temporal,0.0002464565138022099,0.0005125914079447593,0.0001580026000738144,4.27943499137955e-05,0.0009598448717345791,arcface_supcon_cnn,0,0.0703650793650793,0.9619415065192743
SEEDV_Q1_SAFE_SESSION1_16sub.npz,SEEDV_Q1_SAFE_SESSION2_16sub.npz,Neutral,Neutral,Neutral->Neutral,Temporal,0.0002464565138022099,0.0005125914079447593,0.0001580026000738144,4.27943499137955e-05,0.0009598448717345791,arcface_supcon_cnn,1,0.0713809523809523,0.968906672808012
SEEDV_Q1_SAFE_SESSION1_16sub.npz,SEEDV_Q1_SAFE_SESSION2_16sub.npz,Neutral,Neutral,Neutral->Neutral,Temporal,0.0002464565138022099,0.0005125914079447593,0.0001580026000738144,4.27943499137955e-05,0.0009598448717345791,arcface_supcon_cnn,2,0.065563492063492,0.982949256424792
SEEDV_Q1_SAFE_SESSION1_16sub.npz,SEEDV_Q1_SAFE_SESSION2_16sub.npz,Neutral,Neutral,Neutral->Neutral,Temporal,0.0002464565138022099,0.0005125914079447593,0.0001580026000738144,4.27943499137955e-05,0.0009598448717345791,arcface_supcon_cnn,3,0.0748174603174603,0.9619559712773998
SEEDV_Q1_SAFE_SESSION1_16sub.npz,SEEDV_Q1_SAFE_SESSION2_16sub.npz,Neutral,Neutral,Neutral->Neutral,Temporal,0.0002464565138022099,0.0005125914079447593,0.0001580026000738144,4.27943499137955e-05,0.0009598448717345791,arcface_supcon_cnn,4,0.0607142857142857,0.9897336890589568
SEEDV_Q1_SAFE_SESSION1_16sub.npz,SEEDV_Q1_SAFE_SESSION2_16sub.npz,Neutral,Neutral,Neutral->Neutral,Parietal,0.0010171663016080856,0.00039765634573996067,0.0001348047226201743,0.00012338678789092228,0.0016730141578591429,arcface_supcon_cnn,0,0.0703650793650793,0.9619415065192743
SEEDV_Q1_SAFE_SESSION1_16sub.npz,SEEDV_Q1_SAFE_SESSION2_16sub.npz,Neutral,Neutral,Neutral->Neutral,Parietal,0.0010171663016080856,0.00039765634573996067,0.0001348047226201743,0.00012338678789092228,0.0016730141578591429,arcface_supcon_cnn,1,0.0713809523809523,0.968906672808012
SEEDV_Q1_SAFE_SESSION1_16sub.npz,SEEDV_Q1_SAFE_SESSION2_16sub.npz,Neutral,Neutral,Neutral->Neutral,Parietal,0.0010171663016080856,0.00039765634573996067,0.0001348047226201743,0.00012338678789092228,0.0016730141578591429,arcface_supcon_cnn,2,0.065563492063492,0.982949256424792
SEEDV_Q1_SAFE_SESSION1_16sub.npz,SEEDV_Q1_SAFE_SESSION2_16sub.npz,Neutral,Neutral,Neutral->Neutral,Parietal,0.0010171663016080856,0.00039765634573996067,0.0001348047226201743,0.00012338678789092228,0.0016730141578591429,arcface_supcon_cnn,3,0.0748174603174603,0.9619559712773998
SEEDV_Q1_SAFE_SESSION1_16sub.npz,SEEDV_Q1_SAFE_SESSION2_16sub.npz,Neutral,Neutral,Neutral->Neutral,Parietal,0.0010171663016080856,0.00039765634573996067,0.0001348047226201743,0.00012338678789092228,0.0016730141578591429,arcface_supcon_cnn,4,0.0607142857142857,0.9897336890589568
SEEDV_Q1_SAFE_SESSION1_16sub.npz,SEEDV_Q1_SAFE_SESSION2_16sub.npz,Neutral,Neutral,Neutral->Neutral,Occipital,0.0008668022540708371,0.0008361513415972386,0.00041014348001529744,0.00041418696249214326,0.0025272840381755164,arcface_supcon_cnn,0,0.0703650793650793,0.9619415065192743
SEEDV_Q1_SAFE_SESSION1_16sub.npz,SEEDV_Q1_SAFE_SESSION2_16sub.npz,Neutral,Neutral,Neutral->Neutral,Occipital,0.0008668022540708371,0.0008361513415972386,0.00041014348001529744,0.00041418696249214326,0.0025272840381755164,arcface_supcon_cnn,1,0.0713809523809523,0.968906672808012
SEEDV_Q1_SAFE_SESSION1_16sub.npz,SEEDV_Q1_SAFE_SESSION2_16sub.npz,Neutral,Neutral,Neutral->Neutral,Occipital,0.0008668022540708371,0.0008361513415972386,0.00041014348001529744,0.00041418696249214326,0.0025272840381755164,arcface_supcon_cnn,2,0.065563492063492,0.982949256424792
SEEDV_Q1_SAFE_SESSION1_16sub.npz,SEEDV_Q1_SAFE_SESSION2_16sub.npz,Neutral,Neutral,Neutral->Neutral,Occipital,0.0008668022540708371,0.0008361513415972386,0.00041014348001529744,0.00041418696249214326,0.0025272840381755164,arcface_supcon_cnn,3,0.0748174603174603,0.9619559712773998
SEEDV_Q1_SAFE_SESSION1_16sub.npz,SEEDV_Q1_SAFE_SESSION2_16sub.npz,Neutral,Neutral,Neutral->Neutral,Occipital,0.0008668022540708371,0.0008361513415972386,0.00041014348001529744,0.00041418696249214326,0.0025272840381755164,arcface_supcon_cnn,4,0.0607142857142857,0.9897336890589568
SEEDV_Q1_SAFE_SESSION1_16sub.npz,SEEDV_Q1_SAFE_SESSION2_16sub.npz,Neutral,Sad,Neutral->Sad,Frontal,0.00038581097587233465,0.0006881047128921465,0.00083796723213579,0.00045300859935759087,0.002364891520257862,arcface_supcon_cnn,0,0.0861316568047337,0.9416896720118598
SEEDV_Q1_SAFE_SESSION1_16sub.npz,SEEDV_Q1_SAFE_SESSION2_16sub.npz,Neutral,Sad,Neutral->Sad,Frontal,0.00038581097587233465,0.0006881047128921465,0.00083796723213579,0.00045300859935759087,0.002364891520257862,arcface_supcon_cnn,1,0.0874013806706114,0.9494715819890795
SEEDV_Q1_SAFE_SESSION1_16sub.npz,SEEDV_Q1_SAFE_SESSION2_16sub.npz,Neutral,Sad,Neutral->Sad,Frontal,0.00038581097587233465,0.0006881047128921465,0.00083796723213579,0.00045300859935759087,0.002364891520257862,arcface_supcon_cnn,2,0.0834442800788954,0.9594660554520368
SEEDV_Q1_SAFE_SESSION1_16sub.npz,SEEDV_Q1_SAFE_SESSION2_16sub.npz,Neutral,Sad,Neutral->Sad,Frontal,0.00038581097587233465,0.0006881047128921465,0.00083796723213579,0.00045300859935759087,0.002364891520257862,arcface_supcon_cnn,3,0.0899223372781065,0.9435978257633696
SEEDV_Q1_SAFE_SESSION1_16sub.npz,SEEDV_Q1_SAFE_SESSION2_16sub.npz,Neutral,Sad,Neutral->Sad,Frontal,0.00038581097587233465,0.0006881047128921465,0.00083796723213579,0.00045300859935759087,0.002364891520257862,arcface_supcon_cnn,4,0.0782297830374753,0.97062877869042
SEEDV_Q1_SAFE_SESSION1_16sub.npz,SEEDV_Q1_SAFE_SESSION2_16sub.npz,Neutral,Sad,Neutral->Sad,Central/Motor,0.00012895744293928146,7.988419383764267e-05,0.00012141971715859054,0.00022398723688508764,0.0005542485908206023,arcface_supcon_cnn,0,0.0861316568047337,0.9416896720118598
SEEDV_Q1_SAFE_SESSION1_16sub.npz,SEEDV_Q1_SAFE_SESSION2_16sub.npz,Neutral,Sad,Neutral->Sad,Central/Motor,0.00012895744293928146,7.988419383764267e-05,0.00012141971715859054,0.00022398723688508764,0.0005542485908206023,arcface_supcon_cnn,1,0.0874013806706114,0.9494715819890795
SEEDV_Q1_SAFE_SESSION1_16sub.npz,SEEDV_Q1_SAFE_SESSION2_16sub.npz,Neutral,Sad,Neutral->Sad,Central/Motor,0.00012895744293928146,7.988419383764267e-05,0.00012141971715859054,0.00022398723688508764,0.0005542485908206023,arcface_supcon_cnn,2,0.0834442800788954,0.9594660554520368
SEEDV_Q1_SAFE_SESSION1_16sub.npz,SEEDV_Q1_SAFE_SESSION2_16sub.npz,Neutral,Sad,Neutral->Sad,Central/Motor,0.00012895744293928146,7.988419383764267e-05,0.00012141971715859054,0.00022398723688508764,0.0005542485908206023,arcface_supcon_cnn,3,0.0899223372781065,0.9435978257633696
SEEDV_Q1_SAFE_SESSION1_16sub.npz,SEEDV_Q1_SAFE_SESSION2_16sub.npz,Neutral,Sad,Neutral->Sad,Central/Motor,0.00012895744293928146,7.988419383764267e-05,0.00012141971715859054,0.00022398723688508764,0.0005542485908206023,arcface_supcon_cnn,4,0.0782297830374753,0.97062877869042
SEEDV_Q1_SAFE_SESSION1_16sub.npz,SEEDV_Q1_SAFE_SESSION2_16sub.npz,Neutral,Sad,Neutral->Sad,Temporal,0.00016852499296267885,0.0004184505281349029,0.0009309924983729916,0.0008127222148080664,0.0023306902342786397,arcface_supcon_cnn,0,0.0861316568047337,0.9416896720118598
SEEDV_Q1_SAFE_SESSION1_16sub.npz,SEEDV_Q1_SAFE_SESSION2_16sub.npz,Neutral,Sad,Neutral->Sad,Temporal,0.00016852499296267885,0.0004184505281349029,0.0009309924983729916,0.0008127222148080664,0.0023306902342786397,arcface_supcon_cnn,1,0.0874013806706114,0.9494715819890795
SEEDV_Q1_SAFE_SESSION1_16sub.npz,SEEDV_Q1_SAFE_SESSION2_16sub.npz,Neutral,Sad,Neutral->Sad,Temporal,0.00016852499296267885,0.0004184505281349029,0.0009309924983729916,0.0008127222148080664,0.0023306902342786397,arcface_supcon_cnn,2,0.0834442800788954,0.9594660554520368
SEEDV_Q1_SAFE_SESSION1_16sub.npz,SEEDV_Q1_SAFE_SESSION2_16sub.npz,Neutral,Sad,Neutral->Sad,Temporal,0.00016852499296267885,0.0004184505281349029,0.0009309924983729916,0.0008127222148080664,0.0023306902342786397,arcface_supcon_cnn,3,0.0899223372781065,0.9435978257633696
SEEDV_Q1_SAFE_SESSION1_16sub.npz,SEEDV_Q1_SAFE_SESSION2_16sub.npz,Neutral,Sad,Neutral->Sad,Temporal,0.00016852499296267885,0.0004184505281349029,0.0009309924983729916,0.0008127222148080664,0.0023306902342786397,arcface_supcon_cnn,4,0.0782297830374753,0.97062877869042
SEEDV_Q1_SAFE_SESSION1_16sub.npz,SEEDV_Q1_SAFE_SESSION2_16sub.npz,Neutral,Sad,Neutral->Sad,Parietal,0.0006352580385282636,0.0005265824147500098,0.00017420336371287704,4.557661304716021e-05,0.0013816204300383106,arcface_supcon_cnn,0,0.0861316568047337,0.9416896720118598
SEEDV_Q1_SAFE_SESSION1_16sub.npz,SEEDV_Q1_SAFE_SESSION2_16sub.npz,Neutral,Sad,Neutral->Sad,Parietal,0.0006352580385282636,0.0005265824147500098,0.00017420336371287704,4.557661304716021e-05,0.0013816204300383106,arcface_supcon_cnn,1,0.0874013806706114,0.9494715819890795
SEEDV_Q1_SAFE_SESSION1_16sub.npz,SEEDV_Q1_SAFE_SESSION2_16sub.npz,Neutral,Sad,Neutral->Sad,Parietal,0.0006352580385282636,0.0005265824147500098,0.00017420336371287704,4.557661304716021e-05,0.0013816204300383106,arcface_supcon_cnn,2,0.0834442800788954,0.9594660554520368
SEEDV_Q1_SAFE_SESSION1_16sub.npz,SEEDV_Q1_SAFE_SESSION2_16sub.npz,Neutral,Sad,Neutral->Sad,Parietal,0.0006352580385282636,0.0005265824147500098,0.00017420336371287704,4.557661304716021e-05,0.0013816204300383106,arcface_supcon_cnn,3,0.0899223372781065,0.9435978257633696
SEEDV_Q1_SAFE_SESSION1_16sub.npz,SEEDV_Q1_SAFE_SESSION2_16sub.npz,Neutral,Sad,Neutral->Sad,Parietal,0.0006352580385282636,0.0005265824147500098,0.00017420336371287704,4.557661304716021e-05,0.0013816204300383106,arcface_supcon_cnn,4,0.0782297830374753,0.97062877869042
SEEDV_Q1_SAFE_SESSION1_16sub.npz,SEEDV_Q1_SAFE_SESSION2_16sub.npz,Neutral,Sad,Neutral->Sad,Occipital,0.0008645579218864441,0.0010666049395998307,0.00027468470701326984,9.118577387804772e-05,0.0022970333423775924,arcface_supcon_cnn,0,0.0861316568047337,0.9416896720118598
SEEDV_Q1_SAFE_SESSION1_16sub.npz,SEEDV_Q1_SAFE_SESSION2_16sub.npz,Neutral,Sad,Neutral->Sad,Occipital,0.0008645579218864441,0.0010666049395998307,0.00027468470701326984,9.118577387804772e-05,0.0022970333423775924,arcface_supcon_cnn,1,0.0874013806706114,0.9494715819890795
SEEDV_Q1_SAFE_SESSION1_16sub.npz,SEEDV_Q1_SAFE_SESSION2_16sub.npz,Neutral,Sad,Neutral->Sad,Occipital,0.0008645579218864441,0.0010666049395998307,0.00027468470701326984,9.118577387804772e-05,0.0022970333423775924,arcface_supcon_cnn,2,0.0834442800788954,0.9594660554520368
SEEDV_Q1_SAFE_SESSION1_16sub.npz,SEEDV_Q1_SAFE_SESSION2_16sub.npz,Neutral,Sad,Neutral->Sad,Occipital,0.0008645579218864441,0.0010666049395998307,0.00027468470701326984,9.118577387804772e-05,0.0022970333423775924,arcface_supcon_cnn,3,0.0899223372781065,0.9435978257633696
SEEDV_Q1_SAFE_SESSION1_16sub.npz,SEEDV_Q1_SAFE_SESSION2_16sub.npz,Neutral,Sad,Neutral->Sad,Occipital,0.0008645579218864441,0.0010666049395998307,0.00027468470701326984,9.118577387804772e-05,0.0022970333423775924,arcface_supcon_cnn,4,0.0782297830374753,0.97062877869042
SEEDV_Q1_SAFE_SESSION1_16sub.npz,SEEDV_Q1_SAFE_SESSION2_16sub.npz,Sad,Disgust,Sad->Disgust,Frontal,0.0008104986378124797,0.0008752558025575813,0.0010973693625557996,0.0012676715629086604,0.004050795365834521,arcface_supcon_cnn,0,0.0851538161993769,0.9481293320798124
SEEDV_Q1_SAFE_SESSION1_16sub.npz,SEEDV_Q1_SAFE_SESSION2_16sub.npz,Sad,Disgust,Sad->Disgust,Frontal,0.0008104986378124797,0.0008752558025575813,0.0010973693625557996,0.0012676715629086604,0.004050795365834521,arcface_supcon_cnn,1,0.0861468068535825,0.956439047453653
SEEDV_Q1_SAFE_SESSION1_16sub.npz,SEEDV_Q1_SAFE_SESSION2_16sub.npz,Sad,Disgust,Sad->Disgust,Frontal,0.0008104986378124797,0.0008752558025575813,0.0010973693625557996,0.0012676715629086604,0.004050795365834521,arcface_supcon_cnn,2,0.0772683021806853,0.9674016275416156
SEEDV_Q1_SAFE_SESSION1_16sub.npz,SEEDV_Q1_SAFE_SESSION2_16sub.npz,Sad,Disgust,Sad->Disgust,Frontal,0.0008104986378124797,0.0008752558025575813,0.0010973693625557996,0.0012676715629086604,0.004050795365834521,arcface_supcon_cnn,3,0.0867795950155763,0.9492637980573267
SEEDV_Q1_SAFE_SESSION1_16sub.npz,SEEDV_Q1_SAFE_SESSION2_16sub.npz,Sad,Disgust,Sad->Disgust,Frontal,0.0008104986378124797,0.0008752558025575813,0.0010973693625557996,0.0012676715629086604,0.004050795365834521,arcface_supcon_cnn,4,0.0753407320872274,0.977273237308526
SEEDV_Q1_SAFE_SESSION1_16sub.npz,SEEDV_Q1_SAFE_SESSION2_16sub.npz,Sad,Disgust,Sad->Disgust,Central/Motor,0.0013990729515041614,0.002693619579076767,0.0003501030483416146,0.0008983556014884792,0.005341151180411022,arcface_supcon_cnn,0,0.0851538161993769,0.9481293320798124
SEEDV_Q1_SAFE_SESSION1_16sub.npz,SEEDV_Q1_SAFE_SESSION2_16sub.npz,Sad,Disgust,Sad->Disgust,Central/Motor,0.0013990729515041614,0.002693619579076767,0.0003501030483416146,0.0008983556014884792,0.005341151180411022,arcface_supcon_cnn,1,0.0861468068535825,0.956439047453653
SEEDV_Q1_SAFE_SESSION1_16sub.npz,SEEDV_Q1_SAFE_SESSION2_16sub.npz,Sad,Disgust,Sad->Disgust,Central/Motor,0.0013990729515041614,0.002693619579076767,0.0003501030483416146,0.0008983556014884792,0.005341151180411022,arcface_supcon_cnn,2,0.0772683021806853,0.9674016275416156
SEEDV_Q1_SAFE_SESSION1_16sub.npz,SEEDV_Q1_SAFE_SESSION2_16sub.npz,Sad,Disgust,Sad->Disgust,Central/Motor,0.0013990729515041614,0.002693619579076767,0.0003501030483416146,0.0008983556014884792,0.005341151180411022,arcface_supcon_cnn,3,0.0867795950155763,0.9492637980573267
SEEDV_Q1_SAFE_SESSION1_16sub.npz,SEEDV_Q1_SAFE_SESSION2_16sub.npz,Sad,Disgust,Sad->Disgust,Central/Motor,0.0013990729515041614,0.002693619579076767,0.0003501030483416146,0.0008983556014884792,0.005341151180411022,arcface_supcon_cnn,4,0.0753407320872274,0.977273237308526
SEEDV_Q1_SAFE_SESSION1_16sub.npz,SEEDV_Q1_SAFE_SESSION2_16sub.npz,Sad,Disgust,Sad->Disgust,Temporal,0.001724455350389082,0.0021104077653338518,0.001256715040653944,0.001782048027962447,0.006873626184339325,arcface_supcon_cnn,0,0.0851538161993769,0.9481293320798124
SEEDV_Q1_SAFE_SESSION1_16sub.npz,SEEDV_Q1_SAFE_SESSION2_16sub.npz,Sad,Disgust,Sad->Disgust,Temporal,0.001724455350389082,0.0021104077653338518,0.001256715040653944,0.001782048027962447,0.006873626184339325,arcface_supcon_cnn,1,0.0861468068535825,0.956439047453653
SEEDV_Q1_SAFE_SESSION1_16sub.npz,SEEDV_Q1_SAFE_SESSION2_16sub.npz,Sad,Disgust,Sad->Disgust,Temporal,0.001724455350389082,0.0021104077653338518,0.001256715040653944,0.001782048027962447,0.006873626184339325,arcface_supcon_cnn,2,0.0772683021806853,0.9674016275416156
SEEDV_Q1_SAFE_SESSION1_16sub.npz,SEEDV_Q1_SAFE_SESSION2_16sub.npz,Sad,Disgust,Sad->Disgust,Temporal,0.001724455350389082,0.0021104077653338518,0.001256715040653944,0.001782048027962447,0.006873626184339325,arcface_supcon_cnn,3,0.0867795950155763,0.9492637980573267
SEEDV_Q1_SAFE_SESSION1_16sub.npz,SEEDV_Q1_SAFE_SESSION2_16sub.npz,Sad,Disgust,Sad->Disgust,Temporal,0.001724455350389082,0.0021104077653338518,0.001256715040653944,0.001782048027962447,0.006873626184339325,arcface_supcon_cnn,4,0.0753407320872274,0.977273237308526
SEEDV_Q1_SAFE_SESSION1_16sub.npz,SEEDV_Q1_SAFE_SESSION2_16sub.npz,Sad,Disgust,Sad->Disgust,Parietal,0.0004957689670845866,0.001743640867061913,0.00025285445735789835,0.0005706390074919909,0.003062903298996389,arcface_supcon_cnn,0,0.0851538161993769,0.9481293320798124
SEEDV_Q1_SAFE_SESSION1_16sub.npz,SEEDV_Q1_SAFE_SESSION2_16sub.npz,Sad,Disgust,Sad->Disgust,Parietal,0.0004957689670845866,0.001743640867061913,0.00025285445735789835,0.0005706390074919909,0.003062903298996389,arcface_supcon_cnn,1,0.0861468068535825,0.956439047453653
SEEDV_Q1_SAFE_SESSION1_16sub.npz,SEEDV_Q1_SAFE_SESSION2_16sub.npz,Sad,Disgust,Sad->Disgust,Parietal,0.0004957689670845866,0.001743640867061913,0.00025285445735789835,0.0005706390074919909,0.003062903298996389,arcface_supcon_cnn,2,0.0772683021806853,0.9674016275416156
SEEDV_Q1_SAFE_SESSION1_16sub.npz,SEEDV_Q1_SAFE_SESSION2_16sub.npz,Sad,Disgust,Sad->Disgust,Parietal,0.0004957689670845866,0.001743640867061913,0.00025285445735789835,0.0005706390074919909,0.003062903298996389,arcface_supcon_cnn,3,0.0867795950155763,0.9492637980573267
SEEDV_Q1_SAFE_SESSION1_16sub.npz,SEEDV_Q1_SAFE_SESSION2_16sub.npz,Sad,Disgust,Sad->Disgust,Parietal,0.0004957689670845866,0.001743640867061913,0.00025285445735789835,0.0005706390074919909,0.003062903298996389,arcface_supcon_cnn,4,0.0753407320872274,0.977273237308526
SEEDV_Q1_SAFE_SESSION1_16sub.npz,SEEDV_Q1_SAFE_SESSION2_16sub.npz,Sad,Disgust,Sad->Disgust,Occipital,0.0012094364501535892,0.0002935185718039666,0.000365260212371747,0.0004826349807747947,0.0023508502151040975,arcface_supcon_cnn,0,0.0851538161993769,0.9481293320798124
SEEDV_Q1_SAFE_SESSION1_16sub.npz,SEEDV_Q1_SAFE_SESSION2_16sub.npz,Sad,Disgust,Sad->Disgust,Occipital,0.0012094364501535892,0.0002935185718039666,0.000365260212371747,0.0004826349807747947,0.0023508502151040975,arcface_supcon_cnn,1,0.0861468068535825,0.956439047453653
SEEDV_Q1_SAFE_SESSION1_16sub.npz,SEEDV_Q1_SAFE_SESSION2_16sub.npz,Sad,Disgust,Sad->Disgust,Occipital,0.0012094364501535892,0.0002935185718039666,0.000365260212371747,0.0004826349807747947,0.0023508502151040975,arcface_supcon_cnn,2,0.0772683021806853,0.9674016275416156
SEEDV_Q1_SAFE_SESSION1_16sub.npz,SEEDV_Q1_SAFE_SESSION2_16sub.npz,Sad,Disgust,Sad->Disgust,Occipital,0.0012094364501535892,0.0002935185718039666,0.000365260212371747,0.0004826349807747947,0.0023508502151040975,arcface_supcon_cnn,3,0.0867795950155763,0.9492637980573267
SEEDV_Q1_SAFE_SESSION1_16sub.npz,SEEDV_Q1_SAFE_SESSION2_16sub.npz,Sad,Disgust,Sad->Disgust,Occipital,0.0012094364501535892,0.0002935185718039666,0.000365260212371747,0.0004826349807747947,0.0023508502151040975,arcface_supcon_cnn,4,0.0753407320872274,0.977273237308526
SEEDV_Q1_SAFE_SESSION1_16sub.npz,SEEDV_Q1_SAFE_SESSION2_16sub.npz,Sad,Fear,Sad->Fear,Frontal,0.0008169654756784439,0.0007838130085950808,0.0008581711777618951,0.0009309493360065276,0.0033898989980419474,arcface_supcon_cnn,0,0.0681666666666666,0.9624974672865014
SEEDV_Q1_SAFE_SESSION1_16sub.npz,SEEDV_Q1_SAFE_SESSION2_16sub.npz,Sad,Fear,Sad->Fear,Frontal,0.0008169654756784439,0.0007838130085950808,0.0008581711777618951,0.0009309493360065276,0.0033898989980419474,arcface_supcon_cnn,1,0.0687727272727272,0.968881204803719
SEEDV_Q1_SAFE_SESSION1_16sub.npz,SEEDV_Q1_SAFE_SESSION2_16sub.npz,Sad,Fear,Sad->Fear,Frontal,0.0008169654756784439,0.0007838130085950808,0.0008581711777618951,0.0009309493360065276,0.0033898989980419474,arcface_supcon_cnn,2,0.0619318181818181,0.9862584267389808
SEEDV_Q1_SAFE_SESSION1_16sub.npz,SEEDV_Q1_SAFE_SESSION2_16sub.npz,Sad,Fear,Sad->Fear,Frontal,0.0008169654756784439,0.0007838130085950808,0.0008581711777618951,0.0009309493360065276,0.0033898989980419474,arcface_supcon_cnn,3,0.0706742424242424,0.9634182067837463
SEEDV_Q1_SAFE_SESSION1_16sub.npz,SEEDV_Q1_SAFE_SESSION2_16sub.npz,Sad,Fear,Sad->Fear,Frontal,0.0008169654756784439,0.0007838130085950808,0.0008581711777618951,0.0009309493360065276,0.0033898989980419474,arcface_supcon_cnn,4,0.0605530303030303,0.9910105389118457
SEEDV_Q1_SAFE_SESSION1_16sub.npz,SEEDV_Q1_SAFE_SESSION2_16sub.npz,Sad,Fear,Sad->Fear,Central/Motor,0.0013896067227636075,0.0029010652963604236,0.0002456005396587512,0.0006268298685816781,0.005163102427364461,arcface_supcon_cnn,0,0.0681666666666666,0.9624974672865014
SEEDV_Q1_SAFE_SESSION1_16sub.npz,SEEDV_Q1_SAFE_SESSION2_16sub.npz,Sad,Fear,Sad->Fear,Central/Motor,0.0013896067227636075,0.0029010652963604236,0.0002456005396587512,0.0006268298685816781,0.005163102427364461,arcface_supcon_cnn,1,0.0687727272727272,0.968881204803719
SEEDV_Q1_SAFE_SESSION1_16sub.npz,SEEDV_Q1_SAFE_SESSION2_16sub.npz,Sad,Fear,Sad->Fear,Central/Motor,0.0013896067227636075,0.0029010652963604236,0.0002456005396587512,0.0006268298685816781,0.005163102427364461,arcface_supcon_cnn,2,0.0619318181818181,0.9862584267389808
SEEDV_Q1_SAFE_SESSION1_16sub.npz,SEEDV_Q1_SAFE_SESSION2_16sub.npz,Sad,Fear,Sad->Fear,Central/Motor,0.0013896067227636075,0.0029010652963604236,0.0002456005396587512,0.0006268298685816781,0.005163102427364461,arcface_supcon_cnn,3,0.0706742424242424,0.9634182067837463
SEEDV_Q1_SAFE_SESSION1_16sub.npz,SEEDV_Q1_SAFE_SESSION2_16sub.npz,Sad,Fear,Sad->Fear,Central/Motor,0.0013896067227636075,0.0029010652963604236,0.0002456005396587512,0.0006268298685816781,0.005163102427364461,arcface_supcon_cnn,4,0.0605530303030303,0.9910105389118457
SEEDV_Q1_SAFE_SESSION1_16sub.npz,SEEDV_Q1_SAFE_SESSION2_16sub.npz,Sad,Fear,Sad->Fear,Temporal,0.0013016217077771817,0.001287357260783514,0.000980319532876214,0.0015340080329527455,0.005103306534389655,arcface_supcon_cnn,0,0.0681666666666666,0.9624974672865014
SEEDV_Q1_SAFE_SESSION1_16sub.npz,SEEDV_Q1_SAFE_SESSION2_16sub.npz,Sad,Fear,Sad->Fear,Temporal,0.0013016217077771817,0.001287357260783514,0.000980319532876214,0.0015340080329527455,0.005103306534389655,arcface_supcon_cnn,1,0.0687727272727272,0.968881204803719
SEEDV_Q1_SAFE_SESSION1_16sub.npz,SEEDV_Q1_SAFE_SESSION2_16sub.npz,Sad,Fear,Sad->Fear,Temporal,0.0013016217077771817,0.001287357260783514,0.000980319532876214,0.0015340080329527455,0.005103306534389655,arcface_supcon_cnn,2,0.0619318181818181,0.9862584267389808
SEEDV_Q1_SAFE_SESSION1_16sub.npz,SEEDV_Q1_SAFE_SESSION2_16sub.npz,Sad,Fear,Sad->Fear,Temporal,0.0013016217077771817,0.001287357260783514,0.000980319532876214,0.0015340080329527455,0.005103306534389655,arcface_supcon_cnn,3,0.0706742424242424,0.9634182067837463
SEEDV_Q1_SAFE_SESSION1_16sub.npz,SEEDV_Q1_SAFE_SESSION2_16sub.npz,Sad,Fear,Sad->Fear,Temporal,0.0013016217077771817,0.001287357260783514,0.000980319532876214,0.0015340080329527455,0.005103306534389655,arcface_supcon_cnn,4,0.0605530303030303,0.9910105389118457
SEEDV_Q1_SAFE_SESSION1_16sub.npz,SEEDV_Q1_SAFE_SESSION2_16sub.npz,Sad,Fear,Sad->Fear,Parietal,0.0015345352003350854,0.001773681491613388,0.0002442948170937598,0.0006853122977190651,0.004237823806761298,arcface_supcon_cnn,0,0.0681666666666666,0.9624974672865014
SEEDV_Q1_SAFE_SESSION1_16sub.npz,SEEDV_Q1_SAFE_SESSION2_16sub.npz,Sad,Fear,Sad->Fear,Parietal,0.0015345352003350854,0.001773681491613388,0.0002442948170937598,0.0006853122977190651,0.004237823806761298,arcface_supcon_cnn,1,0.0687727272727272,0.968881204803719
SEEDV_Q1_SAFE_SESSION1_16sub.npz,SEEDV_Q1_SAFE_SESSION2_16sub.npz,Sad,Fear,Sad->Fear,Parietal,0.0015345352003350854,0.001773681491613388,0.0002442948170937598,0.0006853122977190651,0.004237823806761298,arcface_supcon_cnn,2,0.0619318181818181,0.9862584267389808
SEEDV_Q1_SAFE_SESSION1_16sub.npz,SEEDV_Q1_SAFE_SESSION2_16sub.npz,Sad,Fear,Sad->Fear,Parietal,0.0015345352003350854,0.001773681491613388,0.0002442948170937598,0.0006853122977190651,0.004237823806761298,arcface_supcon_cnn,3,0.0706742424242424,0.9634182067837463
SEEDV_Q1_SAFE_SESSION1_16sub.npz,SEEDV_Q1_SAFE_SESSION2_16sub.npz,Sad,Fear,Sad->Fear,Parietal,0.0015345352003350854,0.001773681491613388,0.0002442948170937598,0.0006853122977190651,0.004237823806761298,arcface_supcon_cnn,4,0.0605530303030303,0.9910105389118457
SEEDV_Q1_SAFE_SESSION1_16sub.npz,SEEDV_Q1_SAFE_SESSION2_16sub.npz,Sad,Fear,Sad->Fear,Occipital,0.00010776473209261894,0.0004990305751562119,0.0006572803637633724,0.001061310361061866,0.002325386032074069,arcface_supcon_cnn,0,0.0681666666666666,0.9624974672865014
SEEDV_Q1_SAFE_SESSION1_16sub.npz,SEEDV_Q1_SAFE_SESSION2_16sub.npz,Sad,Fear,Sad->Fear,Occipital,0.00010776473209261894,0.0004990305751562119,0.0006572803637633724,0.001061310361061866,0.002325386032074069,arcface_supcon_cnn,1,0.0687727272727272,0.968881204803719
SEEDV_Q1_SAFE_SESSION1_16sub.npz,SEEDV_Q1_SAFE_SESSION2_16sub.npz,Sad,Fear,Sad->Fear,Occipital,0.00010776473209261894,0.0004990305751562119,0.0006572803637633724,0.001061310361061866,0.002325386032074069,arcface_supcon_cnn,2,0.0619318181818181,0.9862584267389808
SEEDV_Q1_SAFE_SESSION1_16sub.npz,SEEDV_Q1_SAFE_SESSION2_16sub.npz,Sad,Fear,Sad->Fear,Occipital,0.00010776473209261894,0.0004990305751562119,0.0006572803637633724,0.001061310361061866,0.002325386032074069,arcface_supcon_cnn,3,0.0706742424242424,0.9634182067837463
SEEDV_Q1_SAFE_SESSION1_16sub.npz,SEEDV_Q1_SAFE_SESSION2_16sub.npz,Sad,Fear,Sad->Fear,Occipital,0.00010776473209261894,0.0004990305751562119,0.0006572803637633724,0.001061310361061866,0.002325386032074069,arcface_supcon_cnn,4,0.0605530303030303,0.9910105389118457
SEEDV_Q1_SAFE_SESSION1_16sub.npz,SEEDV_Q1_SAFE_SESSION2_16sub.npz,Sad,Happy,Sad->Happy,Frontal,0.0002080415419879432,0.0009176356363154586,0.0006370249293034987,0.0008062769414945727,0.002568979049101473,arcface_supcon_cnn,0,0.0707481254260395,0.9607401338086506
SEEDV_Q1_SAFE_SESSION1_16sub.npz,SEEDV_Q1_SAFE_SESSION2_16sub.npz,Sad,Happy,Sad->Happy,Frontal,0.0002080415419879432,0.0009176356363154586,0.0006370249293034987,0.0008062769414945727,0.002568979049101473,arcface_supcon_cnn,1,0.0766785957736878,0.96597357319882
SEEDV_Q1_SAFE_SESSION1_16sub.npz,SEEDV_Q1_SAFE_SESSION2_16sub.npz,Sad,Happy,Sad->Happy,Frontal,0.0002080415419879432,0.0009176356363154586,0.0006370249293034987,0.0008062769414945727,0.002568979049101473,arcface_supcon_cnn,2,0.067416496250852,0.9841536903213576
SEEDV_Q1_SAFE_SESSION1_16sub.npz,SEEDV_Q1_SAFE_SESSION2_16sub.npz,Sad,Happy,Sad->Happy,Frontal,0.0002080415419879432,0.0009176356363154586,0.0006370249293034987,0.0008062769414945727,0.002568979049101473,arcface_supcon_cnn,3,0.0720518064076346,0.9614984869062106
SEEDV_Q1_SAFE_SESSION1_16sub.npz,SEEDV_Q1_SAFE_SESSION2_16sub.npz,Sad,Happy,Sad->Happy,Frontal,0.0002080415419879432,0.0009176356363154586,0.0006370249293034987,0.0008062769414945727,0.002568979049101473,arcface_supcon_cnn,4,0.0684389911383776,0.9881907405577792
SEEDV_Q1_SAFE_SESSION1_16sub.npz,SEEDV_Q1_SAFE_SESSION2_16sub.npz,Sad,Happy,Sad->Happy,Central/Motor,0.0014344463124871254,0.0026250705122947693,0.00040313528318490326,0.0008142849131088175,0.005276937021075616,arcface_supcon_cnn,0,0.0707481254260395,0.9607401338086506
SEEDV_Q1_SAFE_SESSION1_16sub.npz,SEEDV_Q1_SAFE_SESSION2_16sub.npz,Sad,Happy,Sad->Happy,Central/Motor,0.0014344463124871254,0.0026250705122947693,0.00040313528318490326,0.0008142849131088175,0.005276937021075616,arcface_supcon_cnn,1,0.0766785957736878,0.96597357319882
SEEDV_Q1_SAFE_SESSION1_16sub.npz,SEEDV_Q1_SAFE_SESSION2_16sub.npz,Sad,Happy,Sad->Happy,Central/Motor,0.0014344463124871254,0.0026250705122947693,0.00040313528318490326,0.0008142849131088175,0.005276937021075616,arcface_supcon_cnn,2,0.067416496250852,0.9841536903213576
SEEDV_Q1_SAFE_SESSION1_16sub.npz,SEEDV_Q1_SAFE_SESSION2_16sub.npz,Sad,Happy,Sad->Happy,Central/Motor,0.0014344463124871254,0.0026250705122947693,0.00040313528318490326,0.0008142849131088175,0.005276937021075616,arcface_supcon_cnn,3,0.0720518064076346,0.9614984869062106
SEEDV_Q1_SAFE_SESSION1_16sub.npz,SEEDV_Q1_SAFE_SESSION2_16sub.npz,Sad,Happy,Sad->Happy,Central/Motor,0.0014344463124871254,0.0026250705122947693,0.00040313528318490326,0.0008142849131088175,0.005276937021075616,arcface_supcon_cnn,4,0.0684389911383776,0.9881907405577792
SEEDV_Q1_SAFE_SESSION1_16sub.npz,SEEDV_Q1_SAFE_SESSION2_16sub.npz,Sad,Happy,Sad->Happy,Temporal,0.002368603367358446,0.002289449019978443,0.0007594868851204719,0.002119568331787984,0.007537107604245345,arcface_supcon_cnn,0,0.0707481254260395,0.9607401338086506
SEEDV_Q1_SAFE_SESSION1_16sub.npz,SEEDV_Q1_SAFE_SESSION2_16sub.npz,Sad,Happy,Sad->Happy,Temporal,0.002368603367358446,0.002289449019978443,0.0007594868851204719,0.002119568331787984,0.007537107604245345,arcface_supcon_cnn,1,0.0766785957736878,0.96597357319882
SEEDV_Q1_SAFE_SESSION1_16sub.npz,SEEDV_Q1_SAFE_SESSION2_16sub.npz,Sad,Happy,Sad->Happy,Temporal,0.002368603367358446,0.002289449019978443,0.0007594868851204719,0.002119568331787984,0.007537107604245345,arcface_supcon_cnn,2,0.067416496250852,0.9841536903213576
SEEDV_Q1_SAFE_SESSION1_16sub.npz,SEEDV_Q1_SAFE_SESSION2_16sub.npz,Sad,Happy,Sad->Happy,Temporal,0.002368603367358446,0.002289449019978443,0.0007594868851204719,0.002119568331787984,0.007537107604245345,arcface_supcon_cnn,3,0.0720518064076346,0.9614984869062106
SEEDV_Q1_SAFE_SESSION1_16sub.npz,SEEDV_Q1_SAFE_SESSION2_16sub.npz,Sad,Happy,Sad->Happy,Temporal,0.002368603367358446,0.002289449019978443,0.0007594868851204719,0.002119568331787984,0.007537107604245345,arcface_supcon_cnn,4,0.0684389911383776,0.9881907405577792
SEEDV_Q1_SAFE_SESSION1_16sub.npz,SEEDV_Q1_SAFE_SESSION2_16sub.npz,Sad,Happy,Sad->Happy,Parietal,0.0006526637589558959,0.0010681753046810627,0.0006506138015538454,0.000924320804188028,0.003295773669378832,arcface_supcon_cnn,0,0.0707481254260395,0.9607401338086506
SEEDV_Q1_SAFE_SESSION1_16sub.npz,SEEDV_Q1_SAFE_SESSION2_16sub.npz,Sad,Happy,Sad->Happy,Parietal,0.0006526637589558959,0.0010681753046810627,0.0006506138015538454,0.000924320804188028,0.003295773669378832,arcface_supcon_cnn,1,0.0766785957736878,0.96597357319882
SEEDV_Q1_SAFE_SESSION1_16sub.npz,SEEDV_Q1_SAFE_SESSION2_16sub.npz,Sad,Happy,Sad->Happy,Parietal,0.0006526637589558959,0.0010681753046810627,0.0006506138015538454,0.000924320804188028,0.003295773669378832,arcface_supcon_cnn,2,0.067416496250852,0.9841536903213576
SEEDV_Q1_SAFE_SESSION1_16sub.npz,SEEDV_Q1_SAFE_SESSION2_16sub.npz,Sad,Happy,Sad->Happy,Parietal,0.0006526637589558959,0.0010681753046810627,0.0006506138015538454,0.000924320804188028,0.003295773669378832,arcface_supcon_cnn,3,0.0720518064076346,0.9614984869062106
SEEDV_Q1_SAFE_SESSION1_16sub.npz,SEEDV_Q1_SAFE_SESSION2_16sub.npz,Sad,Happy,Sad->Happy,Parietal,0.0006526637589558959,0.0010681753046810627,0.0006506138015538454,0.000924320804188028,0.003295773669378832,arcface_supcon_cnn,4,0.0684389911383776,0.9881907405577792
SEEDV_Q1_SAFE_SESSION1_16sub.npz,SEEDV_Q1_SAFE_SESSION2_16sub.npz,Sad,Happy,Sad->Happy,Occipital,0.0031570360685388224,0.0006757624602566157,0.000675537739880383,0.0007292732771020383,0.005237609545777859,arcface_supcon_cnn,0,0.0707481254260395,0.9607401338086506
SEEDV_Q1_SAFE_SESSION1_16sub.npz,SEEDV_Q1_SAFE_SESSION2_16sub.npz,Sad,Happy,Sad->Happy,Occipital,0.0031570360685388224,0.0006757624602566157,0.000675537739880383,0.0007292732771020383,0.005237609545777859,arcface_supcon_cnn,1,0.0766785957736878,0.96597357319882
SEEDV_Q1_SAFE_SESSION1_16sub.npz,SEEDV_Q1_SAFE_SESSION2_16sub.npz,Sad,Happy,Sad->Happy,Occipital,0.0031570360685388224,0.0006757624602566157,0.000675537739880383,0.0007292732771020383,0.005237609545777859,arcface_supcon_cnn,2,0.067416496250852,0.9841536903213576
SEEDV_Q1_SAFE_SESSION1_16sub.npz,SEEDV_Q1_SAFE_SESSION2_16sub.npz,Sad,Happy,Sad->Happy,Occipital,0.0031570360685388224,0.0006757624602566157,0.000675537739880383,0.0007292732771020383,0.005237609545777859,arcface_supcon_cnn,3,0.0720518064076346,0.9614984869062106
SEEDV_Q1_SAFE_SESSION1_16sub.npz,SEEDV_Q1_SAFE_SESSION2_16sub.npz,Sad,Happy,Sad->Happy,Occipital,0.0031570360685388224,0.0006757624602566157,0.000675537739880383,0.0007292732771020383,0.005237609545777859,arcface_supcon_cnn,4,0.0684389911383776,0.9881907405577792
SEEDV_Q1_SAFE_SESSION1_16sub.npz,SEEDV_Q1_SAFE_SESSION2_16sub.npz,Sad,Neutral,Sad->Neutral,Frontal,0.0011432736313768815,0.0006480186379381591,0.00010890412765244585,9.995221071654832e-05,0.002000148607684035,arcface_supcon_cnn,0,0.0695952380952381,0.962122011526833
SEEDV_Q1_SAFE_SESSION1_16sub.npz,SEEDV_Q1_SAFE_SESSION2_16sub.npz,Sad,Neutral,Sad->Neutral,Frontal,0.0011432736313768815,0.0006480186379381591,0.00010890412765244585,9.995221071654832e-05,0.002000148607684035,arcface_supcon_cnn,1,0.0707857142857142,0.9698785402494332
SEEDV_Q1_SAFE_SESSION1_16sub.npz,SEEDV_Q1_SAFE_SESSION2_16sub.npz,Sad,Neutral,Sad->Neutral,Frontal,0.0011432736313768815,0.0006480186379381591,0.00010890412765244585,9.995221071654832e-05,0.002000148607684035,arcface_supcon_cnn,2,0.064531746031746,0.9832193235071808
SEEDV_Q1_SAFE_SESSION1_16sub.npz,SEEDV_Q1_SAFE_SESSION2_16sub.npz,Sad,Neutral,Sad->Neutral,Frontal,0.0011432736313768815,0.0006480186379381591,0.00010890412765244585,9.995221071654832e-05,0.002000148607684035,arcface_supcon_cnn,3,0.0744603174603174,0.962107335128496
SEEDV_Q1_SAFE_SESSION1_16sub.npz,SEEDV_Q1_SAFE_SESSION2_16sub.npz,Sad,Neutral,Sad->Neutral,Frontal,0.0011432736313768815,0.0006480186379381591,0.00010890412765244585,9.995221071654832e-05,0.002000148607684035,arcface_supcon_cnn,4,0.0594206349206349,0.9900495753023432
SEEDV_Q1_SAFE_SESSION1_16sub.npz,SEEDV_Q1_SAFE_SESSION2_16sub.npz,Sad,Neutral,Sad->Neutral,Central/Motor,0.0012282439108405804,0.0011969373694487966,0.00022177038980381817,0.00011966414084391922,0.0027666158109371144,arcface_supcon_cnn,0,0.0695952380952381,0.962122011526833
SEEDV_Q1_SAFE_SESSION1_16sub.npz,SEEDV_Q1_SAFE_SESSION2_16sub.npz,Sad,Neutral,Sad->Neutral,Central/Motor,0.0012282439108405804,0.0011969373694487966,0.00022177038980381817,0.00011966414084391922,0.0027666158109371144,arcface_supcon_cnn,1,0.0707857142857142,0.9698785402494332
SEEDV_Q1_SAFE_SESSION1_16sub.npz,SEEDV_Q1_SAFE_SESSION2_16sub.npz,Sad,Neutral,Sad->Neutral,Central/Motor,0.0012282439108405804,0.0011969373694487966,0.00022177038980381817,0.00011966414084391922,0.0027666158109371144,arcface_supcon_cnn,2,0.064531746031746,0.9832193235071808
SEEDV_Q1_SAFE_SESSION1_16sub.npz,SEEDV_Q1_SAFE_SESSION2_16sub.npz,Sad,Neutral,Sad->Neutral,Central/Motor,0.0012282439108405804,0.0011969373694487966,0.00022177038980381817,0.00011966414084391922,0.0027666158109371144,arcface_supcon_cnn,3,0.0744603174603174,0.962107335128496
SEEDV_Q1_SAFE_SESSION1_16sub.npz,SEEDV_Q1_SAFE_SESSION2_16sub.npz,Sad,Neutral,Sad->Neutral,Central/Motor,0.0012282439108405804,0.0011969373694487966,0.00022177038980381817,0.00011966414084391922,0.0027666158109371144,arcface_supcon_cnn,4,0.0594206349206349,0.9900495753023432
SEEDV_Q1_SAFE_SESSION1_16sub.npz,SEEDV_Q1_SAFE_SESSION2_16sub.npz,Sad,Neutral,Sad->Neutral,Temporal,0.0010060026931265984,0.0007450628715256844,0.0011146096512675277,0.0007438949930171166,0.003609570208936927,arcface_supcon_cnn,0,0.0695952380952381,0.962122011526833
SEEDV_Q1_SAFE_SESSION1_16sub.npz,SEEDV_Q1_SAFE_SESSION2_16sub.npz,Sad,Neutral,Sad->Neutral,Temporal,0.0010060026931265984,0.0007450628715256844,0.0011146096512675277,0.0007438949930171166,0.003609570208936927,arcface_supcon_cnn,1,0.0707857142857142,0.9698785402494332
SEEDV_Q1_SAFE_SESSION1_16sub.npz,SEEDV_Q1_SAFE_SESSION2_16sub.npz,Sad,Neutral,Sad->Neutral,Temporal,0.0010060026931265984,0.0007450628715256844,0.0011146096512675277,0.0007438949930171166,0.003609570208936927,arcface_supcon_cnn,2,0.064531746031746,0.9832193235071808
SEEDV_Q1_SAFE_SESSION1_16sub.npz,SEEDV_Q1_SAFE_SESSION2_16sub.npz,Sad,Neutral,Sad->Neutral,Temporal,0.0010060026931265984,0.0007450628715256844,0.0011146096512675277,0.0007438949930171166,0.003609570208936927,arcface_supcon_cnn,3,0.0744603174603174,0.962107335128496
SEEDV_Q1_SAFE_SESSION1_16sub.npz,SEEDV_Q1_SAFE_SESSION2_16sub.npz,Sad,Neutral,Sad->Neutral,Temporal,0.0010060026931265984,0.0007450628715256844,0.0011146096512675277,0.0007438949930171166,0.003609570208936927,arcface_supcon_cnn,4,0.0594206349206349,0.9900495753023432
SEEDV_Q1_SAFE_SESSION1_16sub.npz,SEEDV_Q1_SAFE_SESSION2_16sub.npz,Sad,Neutral,Sad->Neutral,Parietal,0.0010073594748973846,0.00047766207717359066,0.00022587686544284225,9.690441947896034e-05,0.0018078028369927779,arcface_supcon_cnn,0,0.0695952380952381,0.962122011526833
SEEDV_Q1_SAFE_SESSION1_16sub.npz,SEEDV_Q1_SAFE_SESSION2_16sub.npz,Sad,Neutral,Sad->Neutral,Parietal,0.0010073594748973846,0.00047766207717359066,0.00022587686544284225,9.690441947896034e-05,0.0018078028369927779,arcface_supcon_cnn,1,0.0707857142857142,0.9698785402494332
SEEDV_Q1_SAFE_SESSION1_16sub.npz,SEEDV_Q1_SAFE_SESSION2_16sub.npz,Sad,Neutral,Sad->Neutral,Parietal,0.0010073594748973846,0.00047766207717359066,0.00022587686544284225,9.690441947896034e-05,0.0018078028369927779,arcface_supcon_cnn,2,0.064531746031746,0.9832193235071808
SEEDV_Q1_SAFE_SESSION1_16sub.npz,SEEDV_Q1_SAFE_SESSION2_16sub.npz,Sad,Neutral,Sad->Neutral,Parietal,0.0010073594748973846,0.00047766207717359066,0.00022587686544284225,9.690441947896034e-05,0.0018078028369927779,arcface_supcon_cnn,3,0.0744603174603174,0.962107335128496
SEEDV_Q1_SAFE_SESSION1_16sub.npz,SEEDV_Q1_SAFE_SESSION2_16sub.npz,Sad,Neutral,Sad->Neutral,Parietal,0.0010073594748973846,0.00047766207717359066,0.00022587686544284225,9.690441947896034e-05,0.0018078028369927779,arcface_supcon_cnn,4,0.0594206349206349,0.9900495753023432
SEEDV_Q1_SAFE_SESSION1_16sub.npz,SEEDV_Q1_SAFE_SESSION2_16sub.npz,Sad,Neutral,Sad->Neutral,Occipital,0.0013393728683392184,0.0006855481769889593,0.00045761019767572454,0.0004630810484134904,0.0029456122914173926,arcface_supcon_cnn,0,0.0695952380952381,0.962122011526833
SEEDV_Q1_SAFE_SESSION1_16sub.npz,SEEDV_Q1_SAFE_SESSION2_16sub.npz,Sad,Neutral,Sad->Neutral,Occipital,0.0013393728683392184,0.0006855481769889593,0.00045761019767572454,0.0004630810484134904,0.0029456122914173926,arcface_supcon_cnn,1,0.0707857142857142,0.9698785402494332
SEEDV_Q1_SAFE_SESSION1_16sub.npz,SEEDV_Q1_SAFE_SESSION2_16sub.npz,Sad,Neutral,Sad->Neutral,Occipital,0.0013393728683392184,0.0006855481769889593,0.00045761019767572454,0.0004630810484134904,0.0029456122914173926,arcface_supcon_cnn,2,0.064531746031746,0.9832193235071808
SEEDV_Q1_SAFE_SESSION1_16sub.npz,SEEDV_Q1_SAFE_SESSION2_16sub.npz,Sad,Neutral,Sad->Neutral,Occipital,0.0013393728683392184,0.0006855481769889593,0.00045761019767572454,0.0004630810484134904,0.0029456122914173926,arcface_supcon_cnn,3,0.0744603174603174,0.962107335128496
SEEDV_Q1_SAFE_SESSION1_16sub.npz,SEEDV_Q1_SAFE_SESSION2_16sub.npz,Sad,Neutral,Sad->Neutral,Occipital,0.0013393728683392184,0.0006855481769889593,0.00045761019767572454,0.0004630810484134904,0.0029456122914173926,arcface_supcon_cnn,4,0.0594206349206349,0.9900495753023432
SEEDV_Q1_SAFE_SESSION1_16sub.npz,SEEDV_Q1_SAFE_SESSION2_16sub.npz,Sad,Sad,Sad->Sad,Frontal,0.0005214890642535122,1.5367155096359872e-05,0.0004944831265934879,0.0002828705058033976,0.0013142098517467575,arcface_supcon_cnn,0,0.0862179487179487,0.9417896103041152
SEEDV_Q1_SAFE_SESSION1_16sub.npz,SEEDV_Q1_SAFE_SESSION2_16sub.npz,Sad,Sad,Sad->Sad,Frontal,0.0005214890642535122,1.5367155096359872e-05,0.0004944831265934879,0.0002828705058033976,0.0013142098517467575,arcface_supcon_cnn,1,0.0873643984220907,0.950300215210062
SEEDV_Q1_SAFE_SESSION1_16sub.npz,SEEDV_Q1_SAFE_SESSION2_16sub.npz,Sad,Sad,Sad->Sad,Frontal,0.0005214890642535122,1.5367155096359872e-05,0.0004944831265934879,0.0002828705058033976,0.0013142098517467575,arcface_supcon_cnn,2,0.0821252465483234,0.9597066144474764
SEEDV_Q1_SAFE_SESSION1_16sub.npz,SEEDV_Q1_SAFE_SESSION2_16sub.npz,Sad,Sad,Sad->Sad,Frontal,0.0005214890642535122,1.5367155096359872e-05,0.0004944831265934879,0.0002828705058033976,0.0013142098517467575,arcface_supcon_cnn,3,0.0897189349112426,0.9437725654059697
SEEDV_Q1_SAFE_SESSION1_16sub.npz,SEEDV_Q1_SAFE_SESSION2_16sub.npz,Sad,Sad,Sad->Sad,Frontal,0.0005214890642535122,1.5367155096359872e-05,0.0004944831265934879,0.0002828705058033976,0.0013142098517467575,arcface_supcon_cnn,4,0.0772867357001972,0.9709201227425877
SEEDV_Q1_SAFE_SESSION1_16sub.npz,SEEDV_Q1_SAFE_SESSION2_16sub.npz,Sad,Sad,Sad->Sad,Central/Motor,0.0006873803213238716,0.0012350191495248235,3.8680088307175946e-05,0.00010559202304908201,0.002066671582204953,arcface_supcon_cnn,0,0.0862179487179487,0.9417896103041152
SEEDV_Q1_SAFE_SESSION1_16sub.npz,SEEDV_Q1_SAFE_SESSION2_16sub.npz,Sad,Sad,Sad->Sad,Central/Motor,0.0006873803213238716,0.0012350191495248235,3.8680088307175946e-05,0.00010559202304908201,0.002066671582204953,arcface_supcon_cnn,1,0.0873643984220907,0.950300215210062
SEEDV_Q1_SAFE_SESSION1_16sub.npz,SEEDV_Q1_SAFE_SESSION2_16sub.npz,Sad,Sad,Sad->Sad,Central/Motor,0.0006873803213238716,0.0012350191495248235,3.8680088307175946e-05,0.00010559202304908201,0.002066671582204953,arcface_supcon_cnn,2,0.0821252465483234,0.9597066144474764
SEEDV_Q1_SAFE_SESSION1_16sub.npz,SEEDV_Q1_SAFE_SESSION2_16sub.npz,Sad,Sad,Sad->Sad,Central/Motor,0.0006873803213238716,0.0012350191495248235,3.8680088307175946e-05,0.00010559202304908201,0.002066671582204953,arcface_supcon_cnn,3,0.0897189349112426,0.9437725654059697
SEEDV_Q1_SAFE_SESSION1_16sub.npz,SEEDV_Q1_SAFE_SESSION2_16sub.npz,Sad,Sad,Sad->Sad,Central/Motor,0.0006873803213238716,0.0012350191495248235,3.8680088307175946e-05,0.00010559202304908201,0.002066671582204953,arcface_supcon_cnn,4,0.0772867357001972,0.9709201227425877
SEEDV_Q1_SAFE_SESSION1_16sub.npz,SEEDV_Q1_SAFE_SESSION2_16sub.npz,Sad,Sad,Sad->Sad,Temporal,0.0005910211863617097,0.0008392037513355408,2.5614552820721684e-05,0.00011162157170474529,0.0015674610622227175,arcface_supcon_cnn,0,0.0862179487179487,0.9417896103041152
SEEDV_Q1_SAFE_SESSION1_16sub.npz,SEEDV_Q1_SAFE_SESSION2_16sub.npz,Sad,Sad,Sad->Sad,Temporal,0.0005910211863617097,0.0008392037513355408,2.5614552820721684e-05,0.00011162157170474529,0.0015674610622227175,arcface_supcon_cnn,1,0.0873643984220907,0.950300215210062
SEEDV_Q1_SAFE_SESSION1_16sub.npz,SEEDV_Q1_SAFE_SESSION2_16sub.npz,Sad,Sad,Sad->Sad,Temporal,0.0005910211863617097,0.0008392037513355408,2.5614552820721684e-05,0.00011162157170474529,0.0015674610622227175,arcface_supcon_cnn,2,0.0821252465483234,0.9597066144474764
SEEDV_Q1_SAFE_SESSION1_16sub.npz,SEEDV_Q1_SAFE_SESSION2_16sub.npz,Sad,Sad,Sad->Sad,Temporal,0.0005910211863617097,0.0008392037513355408,2.5614552820721684e-05,0.00011162157170474529,0.0015674610622227175,arcface_supcon_cnn,3,0.0897189349112426,0.9437725654059697
SEEDV_Q1_SAFE_SESSION1_16sub.npz,SEEDV_Q1_SAFE_SESSION2_16sub.npz,Sad,Sad,Sad->Sad,Temporal,0.0005910211863617097,0.0008392037513355408,2.5614552820721684e-05,0.00011162157170474529,0.0015674610622227175,arcface_supcon_cnn,4,0.0772867357001972,0.9709201227425877
SEEDV_Q1_SAFE_SESSION1_16sub.npz,SEEDV_Q1_SAFE_SESSION2_16sub.npz,Sad,Sad,Sad->Sad,Parietal,0.0006254512118175626,0.00034873600816354156,8.313122089020908e-05,7.205898145912215e-05,0.0011293774223304354,arcface_supcon_cnn,0,0.0862179487179487,0.9417896103041152
SEEDV_Q1_SAFE_SESSION1_16sub.npz,SEEDV_Q1_SAFE_SESSION2_16sub.npz,Sad,Sad,Sad->Sad,Parietal,0.0006254512118175626,0.00034873600816354156,8.313122089020908e-05,7.205898145912215e-05,0.0011293774223304354,arcface_supcon_cnn,1,0.0873643984220907,0.950300215210062
SEEDV_Q1_SAFE_SESSION1_16sub.npz,SEEDV_Q1_SAFE_SESSION2_16sub.npz,Sad,Sad,Sad->Sad,Parietal,0.0006254512118175626,0.00034873600816354156,8.313122089020908e-05,7.205898145912215e-05,0.0011293774223304354,arcface_supcon_cnn,2,0.0821252465483234,0.9597066144474764
SEEDV_Q1_SAFE_SESSION1_16sub.npz,SEEDV_Q1_SAFE_SESSION2_16sub.npz,Sad,Sad,Sad->Sad,Parietal,0.0006254512118175626,0.00034873600816354156,8.313122089020908e-05,7.205898145912215e-05,0.0011293774223304354,arcface_supcon_cnn,3,0.0897189349112426,0.9437725654059697
SEEDV_Q1_SAFE_SESSION1_16sub.npz,SEEDV_Q1_SAFE_SESSION2_16sub.npz,Sad,Sad,Sad->Sad,Parietal,0.0006254512118175626,0.00034873600816354156,8.313122089020908e-05,7.205898145912215e-05,0.0011293774223304354,arcface_supcon_cnn,4,0.0772867357001972,0.9709201227425877
SEEDV_Q1_SAFE_SESSION1_16sub.npz,SEEDV_Q1_SAFE_SESSION2_16sub.npz,Sad,Sad,Sad->Sad,Occipital,0.0013371285361548253,0.0009160017749915515,0.00022721798935284275,4.229168795670058e-05,0.00252263998845592,arcface_supcon_cnn,0,0.0862179487179487,0.9417896103041152
SEEDV_Q1_SAFE_SESSION1_16sub.npz,SEEDV_Q1_SAFE_SESSION2_16sub.npz,Sad,Sad,Sad->Sad,Occipital,0.0013371285361548253,0.0009160017749915515,0.00022721798935284275,4.229168795670058e-05,0.00252263998845592,arcface_supcon_cnn,1,0.0873643984220907,0.950300215210062
SEEDV_Q1_SAFE_SESSION1_16sub.npz,SEEDV_Q1_SAFE_SESSION2_16sub.npz,Sad,Sad,Sad->Sad,Occipital,0.0013371285361548253,0.0009160017749915515,0.00022721798935284275,4.229168795670058e-05,0.00252263998845592,arcface_supcon_cnn,2,0.0821252465483234,0.9597066144474764
SEEDV_Q1_SAFE_SESSION1_16sub.npz,SEEDV_Q1_SAFE_SESSION2_16sub.npz,Sad,Sad,Sad->Sad,Occipital,0.0013371285361548253,0.0009160017749915515,0.00022721798935284275,4.229168795670058e-05,0.00252263998845592,arcface_supcon_cnn,3,0.0897189349112426,0.9437725654059697
SEEDV_Q1_SAFE_SESSION1_16sub.npz,SEEDV_Q1_SAFE_SESSION2_16sub.npz,Sad,Sad,Sad->Sad,Occipital,0.0013371285361548253,0.0009160017749915515,0.00022721798935284275,4.229168795670058e-05,0.00252263998845592,arcface_supcon_cnn,4,0.0772867357001972,0.9709201227425877
SEEDV_Q1_SAFE_SESSION1_16sub.npz,SEEDV_Q1_SAFE_SESSION3_16sub.npz,Disgust,Disgust,Disgust->Disgust,Frontal,0.0002484766855126337,0.00016132952822815912,0.000204604629072405,5.780532956123352e-05,0.0006722161723744314,arcface_supcon_cnn,0,0.084608644859813,0.9462837584637124
SEEDV_Q1_SAFE_SESSION1_16sub.npz,SEEDV_Q1_SAFE_SESSION3_16sub.npz,Disgust,Disgust,Disgust->Disgust,Frontal,0.0002484766855126337,0.00016132952822815912,0.000204604629072405,5.780532956123352e-05,0.0006722161723744314,arcface_supcon_cnn,1,0.0851440809968847,0.955444374321038
SEEDV_Q1_SAFE_SESSION1_16sub.npz,SEEDV_Q1_SAFE_SESSION3_16sub.npz,Disgust,Disgust,Disgust->Disgust,Frontal,0.0002484766855126337,0.00016132952822815912,0.000204604629072405,5.780532956123352e-05,0.0006722161723744314,arcface_supcon_cnn,2,0.0792737538940809,0.96697382524197
SEEDV_Q1_SAFE_SESSION1_16sub.npz,SEEDV_Q1_SAFE_SESSION3_16sub.npz,Disgust,Disgust,Disgust->Disgust,Frontal,0.0002484766855126337,0.00016132952822815912,0.000204604629072405,5.780532956123352e-05,0.0006722161723744314,arcface_supcon_cnn,3,0.0867503894080996,0.948615301077059
SEEDV_Q1_SAFE_SESSION1_16sub.npz,SEEDV_Q1_SAFE_SESSION3_16sub.npz,Disgust,Disgust,Disgust->Disgust,Frontal,0.0002484766855126337,0.00016132952822815912,0.000204604629072405,5.780532956123352e-05,0.0006722161723744314,arcface_supcon_cnn,4,0.0752725856697819,0.977609303663484
SEEDV_Q1_SAFE_SESSION1_16sub.npz,SEEDV_Q1_SAFE_SESSION3_16sub.npz,Disgust,Disgust,Disgust->Disgust,Central/Motor,0.00037468703729766004,0.0010747978729861128,0.0009020048725817886,0.0005619185145146082,0.0029134082973801697,arcface_supcon_cnn,0,0.084608644859813,0.9462837584637124
SEEDV_Q1_SAFE_SESSION1_16sub.npz,SEEDV_Q1_SAFE_SESSION3_16sub.npz,Disgust,Disgust,Disgust->Disgust,Central/Motor,0.00037468703729766004,0.0010747978729861128,0.0009020048725817886,0.0005619185145146082,0.0029134082973801697,arcface_supcon_cnn,1,0.0851440809968847,0.955444374321038
SEEDV_Q1_SAFE_SESSION1_16sub.npz,SEEDV_Q1_SAFE_SESSION3_16sub.npz,Disgust,Disgust,Disgust->Disgust,Central/Motor,0.00037468703729766004,0.0010747978729861128,0.0009020048725817886,0.0005619185145146082,0.0029134082973801697,arcface_supcon_cnn,2,0.0792737538940809,0.96697382524197
SEEDV_Q1_SAFE_SESSION1_16sub.npz,SEEDV_Q1_SAFE_SESSION3_16sub.npz,Disgust,Disgust,Disgust->Disgust,Central/Motor,0.00037468703729766004,0.0010747978729861128,0.0009020048725817886,0.0005619185145146082,0.0029134082973801697,arcface_supcon_cnn,3,0.0867503894080996,0.948615301077059
SEEDV_Q1_SAFE_SESSION1_16sub.npz,SEEDV_Q1_SAFE_SESSION3_16sub.npz,Disgust,Disgust,Disgust->Disgust,Central/Motor,0.00037468703729766004,0.0010747978729861128,0.0009020048725817886,0.0005619185145146082,0.0029134082973801697,arcface_supcon_cnn,4,0.0752725856697819,0.977609303663484
SEEDV_Q1_SAFE_SESSION1_16sub.npz,SEEDV_Q1_SAFE_SESSION3_16sub.npz,Disgust,Disgust,Disgust->Disgust,Temporal,0.0017450338539977874,0.0009017570409923792,0.002271429868414998,0.0023786841581265135,0.007296904921531678,arcface_supcon_cnn,0,0.084608644859813,0.9462837584637124
SEEDV_Q1_SAFE_SESSION1_16sub.npz,SEEDV_Q1_SAFE_SESSION3_16sub.npz,Disgust,Disgust,Disgust->Disgust,Temporal,0.0017450338539977874,0.0009017570409923792,0.002271429868414998,0.0023786841581265135,0.007296904921531678,arcface_supcon_cnn,1,0.0851440809968847,0.955444374321038
SEEDV_Q1_SAFE_SESSION1_16sub.npz,SEEDV_Q1_SAFE_SESSION3_16sub.npz,Disgust,Disgust,Disgust->Disgust,Temporal,0.0017450338539977874,0.0009017570409923792,0.002271429868414998,0.0023786841581265135,0.007296904921531678,arcface_supcon_cnn,2,0.0792737538940809,0.96697382524197
SEEDV_Q1_SAFE_SESSION1_16sub.npz,SEEDV_Q1_SAFE_SESSION3_16sub.npz,Disgust,Disgust,Disgust->Disgust,Temporal,0.0017450338539977874,0.0009017570409923792,0.002271429868414998,0.0023786841581265135,0.007296904921531678,arcface_supcon_cnn,3,0.0867503894080996,0.948615301077059
SEEDV_Q1_SAFE_SESSION1_16sub.npz,SEEDV_Q1_SAFE_SESSION3_16sub.npz,Disgust,Disgust,Disgust->Disgust,Temporal,0.0017450338539977874,0.0009017570409923792,0.002271429868414998,0.0023786841581265135,0.007296904921531678,arcface_supcon_cnn,4,0.0752725856697819,0.977609303663484
SEEDV_Q1_SAFE_SESSION1_16sub.npz,SEEDV_Q1_SAFE_SESSION3_16sub.npz,Disgust,Disgust,Disgust->Disgust,Parietal,0.0018680216744542122,0.00010093639139086008,0.0006179683987284079,0.0005620857627945952,0.0031490122273680754,arcface_supcon_cnn,0,0.084608644859813,0.9462837584637124
SEEDV_Q1_SAFE_SESSION1_16sub.npz,SEEDV_Q1_SAFE_SESSION3_16sub.npz,Disgust,Disgust,Disgust->Disgust,Parietal,0.0018680216744542122,0.00010093639139086008,0.0006179683987284079,0.0005620857627945952,0.0031490122273680754,arcface_supcon_cnn,1,0.0851440809968847,0.955444374321038
SEEDV_Q1_SAFE_SESSION1_16sub.npz,SEEDV_Q1_SAFE_SESSION3_16sub.npz,Disgust,Disgust,Disgust->Disgust,Parietal,0.0018680216744542122,0.00010093639139086008,0.0006179683987284079,0.0005620857627945952,0.0031490122273680754,arcface_supcon_cnn,2,0.0792737538940809,0.96697382524197
SEEDV_Q1_SAFE_SESSION1_16sub.npz,SEEDV_Q1_SAFE_SESSION3_16sub.npz,Disgust,Disgust,Disgust->Disgust,Parietal,0.0018680216744542122,0.00010093639139086008,0.0006179683987284079,0.0005620857627945952,0.0031490122273680754,arcface_supcon_cnn,3,0.0867503894080996,0.948615301077059
SEEDV_Q1_SAFE_SESSION1_16sub.npz,SEEDV_Q1_SAFE_SESSION3_16sub.npz,Disgust,Disgust,Disgust->Disgust,Parietal,0.0018680216744542122,0.00010093639139086008,0.0006179683987284079,0.0005620857627945952,0.0031490122273680754,arcface_supcon_cnn,4,0.0752725856697819,0.977609303663484
SEEDV_Q1_SAFE_SESSION1_16sub.npz,SEEDV_Q1_SAFE_SESSION3_16sub.npz,Disgust,Disgust,Disgust->Disgust,Occipital,0.003654247149825096,0.0010248629065851365,0.0005264320837644245,0.0007846549754807106,0.005990197115655368,arcface_supcon_cnn,0,0.084608644859813,0.9462837584637124
SEEDV_Q1_SAFE_SESSION1_16sub.npz,SEEDV_Q1_SAFE_SESSION3_16sub.npz,Disgust,Disgust,Disgust->Disgust,Occipital,0.003654247149825096,0.0010248629065851365,0.0005264320837644245,0.0007846549754807106,0.005990197115655368,arcface_supcon_cnn,1,0.0851440809968847,0.955444374321038
SEEDV_Q1_SAFE_SESSION1_16sub.npz,SEEDV_Q1_SAFE_SESSION3_16sub.npz,Disgust,Disgust,Disgust->Disgust,Occipital,0.003654247149825096,0.0010248629065851365,0.0005264320837644245,0.0007846549754807106,0.005990197115655368,arcface_supcon_cnn,2,0.0792737538940809,0.96697382524197
SEEDV_Q1_SAFE_SESSION1_16sub.npz,SEEDV_Q1_SAFE_SESSION3_16sub.npz,Disgust,Disgust,Disgust->Disgust,Occipital,0.003654247149825096,0.0010248629065851365,0.0005264320837644245,0.0007846549754807106,0.005990197115655368,arcface_supcon_cnn,3,0.0867503894080996,0.948615301077059
SEEDV_Q1_SAFE_SESSION1_16sub.npz,SEEDV_Q1_SAFE_SESSION3_16sub.npz,Disgust,Disgust,Disgust->Disgust,Occipital,0.003654247149825096,0.0010248629065851365,0.0005264320837644245,0.0007846549754807106,0.005990197115655368,arcface_supcon_cnn,4,0.0752725856697819,0.977609303663484
SEEDV_Q1_SAFE_SESSION1_16sub.npz,SEEDV_Q1_SAFE_SESSION3_16sub.npz,Disgust,Fear,Disgust->Fear,Frontal,0.0009095070528842147,0.001017611806413958,0.0006464515657474594,0.0005046358620304438,0.003078206287076076,arcface_supcon_cnn,0,0.0686363636363636,0.96038935821281
SEEDV_Q1_SAFE_SESSION1_16sub.npz,SEEDV_Q1_SAFE_SESSION3_16sub.npz,Disgust,Fear,Disgust->Fear,Frontal,0.0009095070528842147,0.001017611806413958,0.0006464515657474594,0.0005046358620304438,0.003078206287076076,arcface_supcon_cnn,1,0.0708863636363636,0.9670181856921488
SEEDV_Q1_SAFE_SESSION1_16sub.npz,SEEDV_Q1_SAFE_SESSION3_16sub.npz,Disgust,Fear,Disgust->Fear,Frontal,0.0009095070528842147,0.001017611806413958,0.0006464515657474594,0.0005046358620304438,0.003078206287076076,arcface_supcon_cnn,2,0.0648939393939393,0.985021385158402
SEEDV_Q1_SAFE_SESSION1_16sub.npz,SEEDV_Q1_SAFE_SESSION3_16sub.npz,Disgust,Fear,Disgust->Fear,Frontal,0.0009095070528842147,0.001017611806413958,0.0006464515657474594,0.0005046358620304438,0.003078206287076076,arcface_supcon_cnn,3,0.0701893939393939,0.9623880914256198
SEEDV_Q1_SAFE_SESSION1_16sub.npz,SEEDV_Q1_SAFE_SESSION3_16sub.npz,Disgust,Fear,Disgust->Fear,Frontal,0.0009095070528842147,0.001017611806413958,0.0006464515657474594,0.0005046358620304438,0.003078206287076076,arcface_supcon_cnn,4,0.0607954545454545,0.9909151424758952
SEEDV_Q1_SAFE_SESSION1_16sub.npz,SEEDV_Q1_SAFE_SESSION3_16sub.npz,Disgust,Fear,Disgust->Fear,Central/Motor,0.0002743552571960843,0.001327092892357282,0.0008375532259898531,0.0008297968223424895,0.003268798197885709,arcface_supcon_cnn,0,0.0686363636363636,0.96038935821281
SEEDV_Q1_SAFE_SESSION1_16sub.npz,SEEDV_Q1_SAFE_SESSION3_16sub.npz,Disgust,Fear,Disgust->Fear,Central/Motor,0.0002743552571960843,0.001327092892357282,0.0008375532259898531,0.0008297968223424895,0.003268798197885709,arcface_supcon_cnn,1,0.0708863636363636,0.9670181856921488
SEEDV_Q1_SAFE_SESSION1_16sub.npz,SEEDV_Q1_SAFE_SESSION3_16sub.npz,Disgust,Fear,Disgust->Fear,Central/Motor,0.0002743552571960843,0.001327092892357282,0.0008375532259898531,0.0008297968223424895,0.003268798197885709,arcface_supcon_cnn,2,0.0648939393939393,0.985021385158402
SEEDV_Q1_SAFE_SESSION1_16sub.npz,SEEDV_Q1_SAFE_SESSION3_16sub.npz,Disgust,Fear,Disgust->Fear,Central/Motor,0.0002743552571960843,0.001327092892357282,0.0008375532259898531,0.0008297968223424895,0.003268798197885709,arcface_supcon_cnn,3,0.0701893939393939,0.9623880914256198
SEEDV_Q1_SAFE_SESSION1_16sub.npz,SEEDV_Q1_SAFE_SESSION3_16sub.npz,Disgust,Fear,Disgust->Fear,Central/Motor,0.0002743552571960843,0.001327092892357282,0.0008375532259898531,0.0008297968223424895,0.003268798197885709,arcface_supcon_cnn,4,0.0607954545454545,0.9909151424758952
SEEDV_Q1_SAFE_SESSION1_16sub.npz,SEEDV_Q1_SAFE_SESSION3_16sub.npz,Disgust,Fear,Disgust->Fear,Temporal,0.00019267403210202969,0.0013505101669579736,0.0013005789369344711,0.0015908431572218733,0.004434606293216348,arcface_supcon_cnn,0,0.0686363636363636,0.96038935821281
SEEDV_Q1_SAFE_SESSION1_16sub.npz,SEEDV_Q1_SAFE_SESSION3_16sub.npz,Disgust,Fear,Disgust->Fear,Temporal,0.00019267403210202969,0.0013505101669579736,0.0013005789369344711,0.0015908431572218733,0.004434606293216348,arcface_supcon_cnn,1,0.0708863636363636,0.9670181856921488
SEEDV_Q1_SAFE_SESSION1_16sub.npz,SEEDV_Q1_SAFE_SESSION3_16sub.npz,Disgust,Fear,Disgust->Fear,Temporal,0.00019267403210202969,0.0013505101669579736,0.0013005789369344711,0.0015908431572218733,0.004434606293216348,arcface_supcon_cnn,2,0.0648939393939393,0.985021385158402
SEEDV_Q1_SAFE_SESSION1_16sub.npz,SEEDV_Q1_SAFE_SESSION3_16sub.npz,Disgust,Fear,Disgust->Fear,Temporal,0.00019267403210202969,0.0013505101669579736,0.0013005789369344711,0.0015908431572218733,0.004434606293216348,arcface_supcon_cnn,3,0.0701893939393939,0.9623880914256198
SEEDV_Q1_SAFE_SESSION1_16sub.npz,SEEDV_Q1_SAFE_SESSION3_16sub.npz,Disgust,Fear,Disgust->Fear,Temporal,0.00019267403210202969,0.0013505101669579736,0.0013005789369344711,0.0015908431572218733,0.004434606293216348,arcface_supcon_cnn,4,0.0607954545454545,0.9909151424758952
SEEDV_Q1_SAFE_SESSION1_16sub.npz,SEEDV_Q1_SAFE_SESSION3_16sub.npz,Disgust,Fear,Disgust->Fear,Parietal,0.00028639077208936214,0.0009422972798347473,0.0007961106020957232,0.000620657934632618,0.0026454565886524506,arcface_supcon_cnn,0,0.0686363636363636,0.96038935821281
SEEDV_Q1_SAFE_SESSION1_16sub.npz,SEEDV_Q1_SAFE_SESSION3_16sub.npz,Disgust,Fear,Disgust->Fear,Parietal,0.00028639077208936214,0.0009422972798347473,0.0007961106020957232,0.000620657934632618,0.0026454565886524506,arcface_supcon_cnn,1,0.0708863636363636,0.9670181856921488
SEEDV_Q1_SAFE_SESSION1_16sub.npz,SEEDV_Q1_SAFE_SESSION3_16sub.npz,Disgust,Fear,Disgust->Fear,Parietal,0.00028639077208936214,0.0009422972798347473,0.0007961106020957232,0.000620657934632618,0.0026454565886524506,arcface_supcon_cnn,2,0.0648939393939393,0.985021385158402
SEEDV_Q1_SAFE_SESSION1_16sub.npz,SEEDV_Q1_SAFE_SESSION3_16sub.npz,Disgust,Fear,Disgust->Fear,Parietal,0.00028639077208936214,0.0009422972798347473,0.0007961106020957232,0.000620657934632618,0.0026454565886524506,arcface_supcon_cnn,3,0.0701893939393939,0.9623880914256198
SEEDV_Q1_SAFE_SESSION1_16sub.npz,SEEDV_Q1_SAFE_SESSION3_16sub.npz,Disgust,Fear,Disgust->Fear,Parietal,0.00028639077208936214,0.0009422972798347473,0.0007961106020957232,0.000620657934632618,0.0026454565886524506,arcface_supcon_cnn,4,0.0607954545454545,0.9909151424758952
SEEDV_Q1_SAFE_SESSION1_16sub.npz,SEEDV_Q1_SAFE_SESSION3_16sub.npz,Disgust,Fear,Disgust->Fear,Occipital,0.00046462519094347954,0.0003269727652271577,0.0005873667541891336,0.0004929454201677195,0.0018719101305274904,arcface_supcon_cnn,0,0.0686363636363636,0.96038935821281
SEEDV_Q1_SAFE_SESSION1_16sub.npz,SEEDV_Q1_SAFE_SESSION3_16sub.npz,Disgust,Fear,Disgust->Fear,Occipital,0.00046462519094347954,0.0003269727652271577,0.0005873667541891336,0.0004929454201677195,0.0018719101305274904,arcface_supcon_cnn,1,0.0708863636363636,0.9670181856921488
SEEDV_Q1_SAFE_SESSION1_16sub.npz,SEEDV_Q1_SAFE_SESSION3_16sub.npz,Disgust,Fear,Disgust->Fear,Occipital,0.00046462519094347954,0.0003269727652271577,0.0005873667541891336,0.0004929454201677195,0.0018719101305274904,arcface_supcon_cnn,2,0.0648939393939393,0.985021385158402
SEEDV_Q1_SAFE_SESSION1_16sub.npz,SEEDV_Q1_SAFE_SESSION3_16sub.npz,Disgust,Fear,Disgust->Fear,Occipital,0.00046462519094347954,0.0003269727652271577,0.0005873667541891336,0.0004929454201677195,0.0018719101305274904,arcface_supcon_cnn,3,0.0701893939393939,0.9623880914256198
SEEDV_Q1_SAFE_SESSION1_16sub.npz,SEEDV_Q1_SAFE_SESSION3_16sub.npz,Disgust,Fear,Disgust->Fear,Occipital,0.00046462519094347954,0.0003269727652271577,0.0005873667541891336,0.0004929454201677195,0.0018719101305274904,arcface_supcon_cnn,4,0.0607954545454545,0.9909151424758952
SEEDV_Q1_SAFE_SESSION1_16sub.npz,SEEDV_Q1_SAFE_SESSION3_16sub.npz,Disgust,Happy,Disgust->Happy,Frontal,0.0004650412038678213,0.00011534660699821613,0.00032194688295324615,0.0001800117759211432,0.0010823464697404268,arcface_supcon_cnn,0,0.0711571233810497,0.9588752780583192
SEEDV_Q1_SAFE_SESSION1_16sub.npz,SEEDV_Q1_SAFE_SESSION3_16sub.npz,Disgust,Happy,Disgust->Happy,Frontal,0.0004650412038678213,0.00011534660699821613,0.00032194688295324615,0.0001800117759211432,0.0010823464697404268,arcface_supcon_cnn,1,0.0746932515337423,0.9644922336216112
SEEDV_Q1_SAFE_SESSION1_16sub.npz,SEEDV_Q1_SAFE_SESSION3_16sub.npz,Disgust,Happy,Disgust->Happy,Frontal,0.0004650412038678213,0.00011534660699821613,0.00032194688295324615,0.0001800117759211432,0.0010823464697404268,arcface_supcon_cnn,2,0.0670415814587593,0.9833725862551456
SEEDV_Q1_SAFE_SESSION1_16sub.npz,SEEDV_Q1_SAFE_SESSION3_16sub.npz,Disgust,Happy,Disgust->Happy,Frontal,0.0004650412038678213,0.00011534660699821613,0.00032194688295324615,0.0001800117759211432,0.0010823464697404268,arcface_supcon_cnn,3,0.0684560327198364,0.9608368258338176
SEEDV_Q1_SAFE_SESSION1_16sub.npz,SEEDV_Q1_SAFE_SESSION3_16sub.npz,Disgust,Happy,Disgust->Happy,Frontal,0.0004650412038678213,0.00011534660699821613,0.00032194688295324615,0.0001800117759211432,0.0010823464697404268,arcface_supcon_cnn,4,0.0680725971370143,0.9884340045590588
SEEDV_Q1_SAFE_SESSION1_16sub.npz,SEEDV_Q1_SAFE_SESSION3_16sub.npz,Disgust,Happy,Disgust->Happy,Central/Motor,0.0002109633226479793,0.00023412212197269737,0.0004844136003937039,0.0004339446147371617,0.0013634436597515422,arcface_supcon_cnn,0,0.0711571233810497,0.9588752780583192
SEEDV_Q1_SAFE_SESSION1_16sub.npz,SEEDV_Q1_SAFE_SESSION3_16sub.npz,Disgust,Happy,Disgust->Happy,Central/Motor,0.0002109633226479793,0.00023412212197269737,0.0004844136003937039,0.0004339446147371617,0.0013634436597515422,arcface_supcon_cnn,1,0.0746932515337423,0.9644922336216112
SEEDV_Q1_SAFE_SESSION1_16sub.npz,SEEDV_Q1_SAFE_SESSION3_16sub.npz,Disgust,Happy,Disgust->Happy,Central/Motor,0.0002109633226479793,0.00023412212197269737,0.0004844136003937039,0.0004339446147371617,0.0013634436597515422,arcface_supcon_cnn,2,0.0670415814587593,0.9833725862551456
SEEDV_Q1_SAFE_SESSION1_16sub.npz,SEEDV_Q1_SAFE_SESSION3_16sub.npz,Disgust,Happy,Disgust->Happy,Central/Motor,0.0002109633226479793,0.00023412212197269737,0.0004844136003937039,0.0004339446147371617,0.0013634436597515422,arcface_supcon_cnn,3,0.0684560327198364,0.9608368258338176
SEEDV_Q1_SAFE_SESSION1_16sub.npz,SEEDV_Q1_SAFE_SESSION3_16sub.npz,Disgust,Happy,Disgust->Happy,Central/Motor,0.0002109633226479793,0.00023412212197269737,0.0004844136003937039,0.0004339446147371617,0.0013634436597515422,arcface_supcon_cnn,4,0.0680725971370143,0.9884340045590588
SEEDV_Q1_SAFE_SESSION1_16sub.npz,SEEDV_Q1_SAFE_SESSION3_16sub.npz,Disgust,Happy,Disgust->Happy,Temporal,0.000764984016617138,0.0016560704292108612,0.0008923474233597517,0.00043921653802196127,0.0037526184072097122,arcface_supcon_cnn,0,0.0711571233810497,0.9588752780583192
SEEDV_Q1_SAFE_SESSION1_16sub.npz,SEEDV_Q1_SAFE_SESSION3_16sub.npz,Disgust,Happy,Disgust->Happy,Temporal,0.000764984016617138,0.0016560704292108612,0.0008923474233597517,0.00043921653802196127,0.0037526184072097122,arcface_supcon_cnn,1,0.0746932515337423,0.9644922336216112
SEEDV_Q1_SAFE_SESSION1_16sub.npz,SEEDV_Q1_SAFE_SESSION3_16sub.npz,Disgust,Happy,Disgust->Happy,Temporal,0.000764984016617138,0.0016560704292108612,0.0008923474233597517,0.00043921653802196127,0.0037526184072097122,arcface_supcon_cnn,2,0.0670415814587593,0.9833725862551456
SEEDV_Q1_SAFE_SESSION1_16sub.npz,SEEDV_Q1_SAFE_SESSION3_16sub.npz,Disgust,Happy,Disgust->Happy,Temporal,0.000764984016617138,0.0016560704292108612,0.0008923474233597517,0.00043921653802196127,0.0037526184072097122,arcface_supcon_cnn,3,0.0684560327198364,0.9608368258338176
SEEDV_Q1_SAFE_SESSION1_16sub.npz,SEEDV_Q1_SAFE_SESSION3_16sub.npz,Disgust,Happy,Disgust->Happy,Temporal,0.000764984016617138,0.0016560704292108612,0.0008923474233597517,0.00043921653802196127,0.0037526184072097122,arcface_supcon_cnn,4,0.0680725971370143,0.9884340045590588
SEEDV_Q1_SAFE_SESSION1_16sub.npz,SEEDV_Q1_SAFE_SESSION3_16sub.npz,Disgust,Happy,Disgust->Happy,Parietal,0.0016744844615459442,0.000963811413384974,0.0002736046735662967,0.00037208430148893967,0.0032839848499861546,arcface_supcon_cnn,0,0.0711571233810497,0.9588752780583192
SEEDV_Q1_SAFE_SESSION1_16sub.npz,SEEDV_Q1_SAFE_SESSION3_16sub.npz,Disgust,Happy,Disgust->Happy,Parietal,0.0016744844615459442,0.000963811413384974,0.0002736046735662967,0.00037208430148893967,0.0032839848499861546,arcface_supcon_cnn,1,0.0746932515337423,0.9644922336216112
SEEDV_Q1_SAFE_SESSION1_16sub.npz,SEEDV_Q1_SAFE_SESSION3_16sub.npz,Disgust,Happy,Disgust->Happy,Parietal,0.0016744844615459442,0.000963811413384974,0.0002736046735662967,0.00037208430148893967,0.0032839848499861546,arcface_supcon_cnn,2,0.0670415814587593,0.9833725862551456
SEEDV_Q1_SAFE_SESSION1_16sub.npz,SEEDV_Q1_SAFE_SESSION3_16sub.npz,Disgust,Happy,Disgust->Happy,Parietal,0.0016744844615459442,0.000963811413384974,0.0002736046735662967,0.00037208430148893967,0.0032839848499861546,arcface_supcon_cnn,3,0.0684560327198364,0.9608368258338176
SEEDV_Q1_SAFE_SESSION1_16sub.npz,SEEDV_Q1_SAFE_SESSION3_16sub.npz,Disgust,Happy,Disgust->Happy,Parietal,0.0016744844615459442,0.000963811413384974,0.0002736046735662967,0.00037208430148893967,0.0032839848499861546,arcface_supcon_cnn,4,0.0680725971370143,0.9884340045590588
SEEDV_Q1_SAFE_SESSION1_16sub.npz,SEEDV_Q1_SAFE_SESSION3_16sub.npz,Disgust,Happy,Disgust->Happy,Occipital,0.003515657503157854,0.001532590637604395,3.484372670451829e-05,0.0003443394283143184,0.005427431295781085,arcface_supcon_cnn,0,0.0711571233810497,0.9588752780583192
SEEDV_Q1_SAFE_SESSION1_16sub.npz,SEEDV_Q1_SAFE_SESSION3_16sub.npz,Disgust,Happy,Disgust->Happy,Occipital,0.003515657503157854,0.001532590637604395,3.484372670451829e-05,0.0003443394283143184,0.005427431295781085,arcface_supcon_cnn,1,0.0746932515337423,0.9644922336216112
SEEDV_Q1_SAFE_SESSION1_16sub.npz,SEEDV_Q1_SAFE_SESSION3_16sub.npz,Disgust,Happy,Disgust->Happy,Occipital,0.003515657503157854,0.001532590637604395,3.484372670451829e-05,0.0003443394283143184,0.005427431295781085,arcface_supcon_cnn,2,0.0670415814587593,0.9833725862551456
SEEDV_Q1_SAFE_SESSION1_16sub.npz,SEEDV_Q1_SAFE_SESSION3_16sub.npz,Disgust,Happy,Disgust->Happy,Occipital,0.003515657503157854,0.001532590637604395,3.484372670451829e-05,0.0003443394283143184,0.005427431295781085,arcface_supcon_cnn,3,0.0684560327198364,0.9608368258338176
SEEDV_Q1_SAFE_SESSION1_16sub.npz,SEEDV_Q1_SAFE_SESSION3_16sub.npz,Disgust,Happy,Disgust->Happy,Occipital,0.003515657503157854,0.001532590637604395,3.484372670451829e-05,0.0003443394283143184,0.005427431295781085,arcface_supcon_cnn,4,0.0680725971370143,0.9884340045590588
SEEDV_Q1_SAFE_SESSION1_16sub.npz,SEEDV_Q1_SAFE_SESSION3_16sub.npz,Disgust,Neutral,Disgust->Neutral,Frontal,0.001616858389405975,0.0004923454308438865,0.001081505768178474,0.0008243969586190013,0.004015106547047337,arcface_supcon_cnn,0,0.0703015873015873,0.9601372288359789
SEEDV_Q1_SAFE_SESSION1_16sub.npz,SEEDV_Q1_SAFE_SESSION3_16sub.npz,Disgust,Neutral,Disgust->Neutral,Frontal,0.001616858389405975,0.0004923454308438865,0.001081505768178474,0.0008243969586190013,0.004015106547047337,arcface_supcon_cnn,1,0.0700952380952381,0.9682797193877553
SEEDV_Q1_SAFE_SESSION1_16sub.npz,SEEDV_Q1_SAFE_SESSION3_16sub.npz,Disgust,Neutral,Disgust->Neutral,Frontal,0.001616858389405975,0.0004923454308438865,0.001081505768178474,0.0008243969586190013,0.004015106547047337,arcface_supcon_cnn,2,0.0652857142857142,0.9822689054232804
SEEDV_Q1_SAFE_SESSION1_16sub.npz,SEEDV_Q1_SAFE_SESSION3_16sub.npz,Disgust,Neutral,Disgust->Neutral,Frontal,0.001616858389405975,0.0004923454308438865,0.001081505768178474,0.0008243969586190013,0.004015106547047337,arcface_supcon_cnn,3,0.0742301587301587,0.961393122165533
SEEDV_Q1_SAFE_SESSION1_16sub.npz,SEEDV_Q1_SAFE_SESSION3_16sub.npz,Disgust,Neutral,Disgust->Neutral,Frontal,0.001616858389405975,0.0004923454308438865,0.001081505768178474,0.0008243969586190013,0.004015106547047337,arcface_supcon_cnn,4,0.0595873015873015,0.9900805763416476
SEEDV_Q1_SAFE_SESSION1_16sub.npz,SEEDV_Q1_SAFE_SESSION3_16sub.npz,Disgust,Neutral,Disgust->Neutral,Central/Motor,0.0009334937536290694,0.00026432690875870767,0.0012202856929174498,0.0011417020245322162,0.003559808379837443,arcface_supcon_cnn,0,0.0703015873015873,0.9601372288359789
SEEDV_Q1_SAFE_SESSION1_16sub.npz,SEEDV_Q1_SAFE_SESSION3_16sub.npz,Disgust,Neutral,Disgust->Neutral,Central/Motor,0.0009334937536290694,0.00026432690875870767,0.0012202856929174498,0.0011417020245322162,0.003559808379837443,arcface_supcon_cnn,1,0.0700952380952381,0.9682797193877553
SEEDV_Q1_SAFE_SESSION1_16sub.npz,SEEDV_Q1_SAFE_SESSION3_16sub.npz,Disgust,Neutral,Disgust->Neutral,Central/Motor,0.0009334937536290694,0.00026432690875870767,0.0012202856929174498,0.0011417020245322162,0.003559808379837443,arcface_supcon_cnn,2,0.0652857142857142,0.9822689054232804
SEEDV_Q1_SAFE_SESSION1_16sub.npz,SEEDV_Q1_SAFE_SESSION3_16sub.npz,Disgust,Neutral,Disgust->Neutral,Central/Motor,0.0009334937536290694,0.00026432690875870767,0.0012202856929174498,0.0011417020245322162,0.003559808379837443,arcface_supcon_cnn,3,0.0742301587301587,0.961393122165533
SEEDV_Q1_SAFE_SESSION1_16sub.npz,SEEDV_Q1_SAFE_SESSION3_16sub.npz,Disgust,Neutral,Disgust->Neutral,Central/Motor,0.0009334937536290694,0.00026432690875870767,0.0012202856929174498,0.0011417020245322162,0.003559808379837443,arcface_supcon_cnn,4,0.0595873015873015,0.9900805763416476
SEEDV_Q1_SAFE_SESSION1_16sub.npz,SEEDV_Q1_SAFE_SESSION3_16sub.npz,Disgust,Neutral,Disgust->Neutral,Temporal,0.0005772632236282042,0.0007073290956517049,0.002990101619313161,0.0033038964805503683,0.007578590419143438,arcface_supcon_cnn,0,0.0703015873015873,0.9601372288359789
SEEDV_Q1_SAFE_SESSION1_16sub.npz,SEEDV_Q1_SAFE_SESSION3_16sub.npz,Disgust,Neutral,Disgust->Neutral,Temporal,0.0005772632236282042,0.0007073290956517049,0.002990101619313161,0.0033038964805503683,0.007578590419143438,arcface_supcon_cnn,1,0.0700952380952381,0.9682797193877553
SEEDV_Q1_SAFE_SESSION1_16sub.npz,SEEDV_Q1_SAFE_SESSION3_16sub.npz,Disgust,Neutral,Disgust->Neutral,Temporal,0.0005772632236282042,0.0007073290956517049,0.002990101619313161,0.0033038964805503683,0.007578590419143438,arcface_supcon_cnn,2,0.0652857142857142,0.9822689054232804
SEEDV_Q1_SAFE_SESSION1_16sub.npz,SEEDV_Q1_SAFE_SESSION3_16sub.npz,Disgust,Neutral,Disgust->Neutral,Temporal,0.0005772632236282042,0.0007073290956517049,0.002990101619313161,0.0033038964805503683,0.007578590419143438,arcface_supcon_cnn,3,0.0742301587301587,0.961393122165533
SEEDV_Q1_SAFE_SESSION1_16sub.npz,SEEDV_Q1_SAFE_SESSION3_16sub.npz,Disgust,Neutral,Disgust->Neutral,Temporal,0.0005772632236282042,0.0007073290956517049,0.002990101619313161,0.0033038964805503683,0.007578590419143438,arcface_supcon_cnn,4,0.0595873015873015,0.9900805763416476
SEEDV_Q1_SAFE_SESSION1_16sub.npz,SEEDV_Q1_SAFE_SESSION3_16sub.npz,Disgust,Neutral,Disgust->Neutral,Parietal,0.00031235639471560717,0.0007934810710139573,0.0011269329115748405,0.0010891459169215523,0.0033219162942259572,arcface_supcon_cnn,0,0.0703015873015873,0.9601372288359789
SEEDV_Q1_SAFE_SESSION1_16sub.npz,SEEDV_Q1_SAFE_SESSION3_16sub.npz,Disgust,Neutral,Disgust->Neutral,Parietal,0.00031235639471560717,0.0007934810710139573,0.0011269329115748405,0.0010891459169215523,0.0033219162942259572,arcface_supcon_cnn,1,0.0700952380952381,0.9682797193877553
SEEDV_Q1_SAFE_SESSION1_16sub.npz,SEEDV_Q1_SAFE_SESSION3_16sub.npz,Disgust,Neutral,Disgust->Neutral,Parietal,0.00031235639471560717,0.0007934810710139573,0.0011269329115748405,0.0010891459169215523,0.0033219162942259572,arcface_supcon_cnn,2,0.0652857142857142,0.9822689054232804
SEEDV_Q1_SAFE_SESSION1_16sub.npz,SEEDV_Q1_SAFE_SESSION3_16sub.npz,Disgust,Neutral,Disgust->Neutral,Parietal,0.00031235639471560717,0.0007934810710139573,0.0011269329115748405,0.0010891459169215523,0.0033219162942259572,arcface_supcon_cnn,3,0.0742301587301587,0.961393122165533
SEEDV_Q1_SAFE_SESSION1_16sub.npz,SEEDV_Q1_SAFE_SESSION3_16sub.npz,Disgust,Neutral,Disgust->Neutral,Parietal,0.00031235639471560717,0.0007934810710139573,0.0011269329115748405,0.0010891459169215523,0.0033219162942259572,arcface_supcon_cnn,4,0.0595873015873015,0.9900805763416476
SEEDV_Q1_SAFE_SESSION1_16sub.npz,SEEDV_Q1_SAFE_SESSION3_16sub.npz,Disgust,Neutral,Disgust->Neutral,Occipital,0.0013049845583736897,0.0008042571910967418,0.001287997603261223,0.0013987563434056938,0.004795995696137348,arcface_supcon_cnn,0,0.0703015873015873,0.9601372288359789
SEEDV_Q1_SAFE_SESSION1_16sub.npz,SEEDV_Q1_SAFE_SESSION3_16sub.npz,Disgust,Neutral,Disgust->Neutral,Occipital,0.0013049845583736897,0.0008042571910967418,0.001287997603261223,0.0013987563434056938,0.004795995696137348,arcface_supcon_cnn,1,0.0700952380952381,0.9682797193877553
SEEDV_Q1_SAFE_SESSION1_16sub.npz,SEEDV_Q1_SAFE_SESSION3_16sub.npz,Disgust,Neutral,Disgust->Neutral,Occipital,0.0013049845583736897,0.0008042571910967418,0.001287997603261223,0.0013987563434056938,0.004795995696137348,arcface_supcon_cnn,2,0.0652857142857142,0.9822689054232804
SEEDV_Q1_SAFE_SESSION1_16sub.npz,SEEDV_Q1_SAFE_SESSION3_16sub.npz,Disgust,Neutral,Disgust->Neutral,Occipital,0.0013049845583736897,0.0008042571910967418,0.001287997603261223,0.0013987563434056938,0.004795995696137348,arcface_supcon_cnn,3,0.0742301587301587,0.961393122165533
SEEDV_Q1_SAFE_SESSION1_16sub.npz,SEEDV_Q1_SAFE_SESSION3_16sub.npz,Disgust,Neutral,Disgust->Neutral,Occipital,0.0013049845583736897,0.0008042571910967418,0.001287997603261223,0.0013987563434056938,0.004795995696137348,arcface_supcon_cnn,4,0.0595873015873015,0.9900805763416476
SEEDV_Q1_SAFE_SESSION1_16sub.npz,SEEDV_Q1_SAFE_SESSION3_16sub.npz,Disgust,Sad,Disgust->Sad,Frontal,0.0007253600994036324,0.0001360089074642877,0.0007709965575486422,0.0007422467183676503,0.0023746122827842126,arcface_supcon_cnn,0,0.0859714003944773,0.9399715831174212
SEEDV_Q1_SAFE_SESSION1_16sub.npz,SEEDV_Q1_SAFE_SESSION3_16sub.npz,Disgust,Sad,Disgust->Sad,Frontal,0.0007253600994036324,0.0001360089074642877,0.0007709965575486422,0.0007422467183676503,0.0023746122827842126,arcface_supcon_cnn,1,0.0870747041420118,0.9491268252121008
SEEDV_Q1_SAFE_SESSION1_16sub.npz,SEEDV_Q1_SAFE_SESSION3_16sub.npz,Disgust,Sad,Disgust->Sad,Frontal,0.0007253600994036324,0.0001360089074642877,0.0007709965575486422,0.0007422467183676503,0.0023746122827842126,arcface_supcon_cnn,2,0.0845599112426035,0.9590310530075248
SEEDV_Q1_SAFE_SESSION1_16sub.npz,SEEDV_Q1_SAFE_SESSION3_16sub.npz,Disgust,Sad,Disgust->Sad,Frontal,0.0007253600994036324,0.0001360089074642877,0.0007709965575486422,0.0007422467183676503,0.0023746122827842126,arcface_supcon_cnn,3,0.0901503944773175,0.9432822881881836
SEEDV_Q1_SAFE_SESSION1_16sub.npz,SEEDV_Q1_SAFE_SESSION3_16sub.npz,Disgust,Sad,Disgust->Sad,Frontal,0.0007253600994036324,0.0001360089074642877,0.0007709965575486422,0.0007422467183676503,0.0023746122827842126,arcface_supcon_cnn,4,0.0769662228796844,0.9711368703124816
SEEDV_Q1_SAFE_SESSION1_16sub.npz,SEEDV_Q1_SAFE_SESSION3_16sub.npz,Disgust,Sad,Disgust->Sad,Central/Motor,0.0016925763338804245,0.0004610412621072358,0.0013879159731524336,0.0015059471396463259,0.00504748070878642,arcface_supcon_cnn,0,0.0859714003944773,0.9399715831174212
SEEDV_Q1_SAFE_SESSION1_16sub.npz,SEEDV_Q1_SAFE_SESSION3_16sub.npz,Disgust,Sad,Disgust->Sad,Central/Motor,0.0016925763338804245,0.0004610412621072358,0.0013879159731524336,0.0015059471396463259,0.00504748070878642,arcface_supcon_cnn,1,0.0870747041420118,0.9491268252121008
SEEDV_Q1_SAFE_SESSION1_16sub.npz,SEEDV_Q1_SAFE_SESSION3_16sub.npz,Disgust,Sad,Disgust->Sad,Central/Motor,0.0016925763338804245,0.0004610412621072358,0.0013879159731524336,0.0015059471396463259,0.00504748070878642,arcface_supcon_cnn,2,0.0845599112426035,0.9590310530075248
SEEDV_Q1_SAFE_SESSION1_16sub.npz,SEEDV_Q1_SAFE_SESSION3_16sub.npz,Disgust,Sad,Disgust->Sad,Central/Motor,0.0016925763338804245,0.0004610412621072358,0.0013879159731524336,0.0015059471396463259,0.00504748070878642,arcface_supcon_cnn,3,0.0901503944773175,0.9432822881881836
SEEDV_Q1_SAFE_SESSION1_16sub.npz,SEEDV_Q1_SAFE_SESSION3_16sub.npz,Disgust,Sad,Disgust->Sad,Central/Motor,0.0016925763338804245,0.0004610412621072358,0.0013879159731524336,0.0015059471396463259,0.00504748070878642,arcface_supcon_cnn,4,0.0769662228796844,0.9711368703124816
SEEDV_Q1_SAFE_SESSION1_16sub.npz,SEEDV_Q1_SAFE_SESSION3_16sub.npz,Disgust,Sad,Disgust->Sad,Temporal,0.0028502005152404326,0.0004502790203938876,0.003375771455466748,0.003688601582931976,0.010364852574033044,arcface_supcon_cnn,0,0.0859714003944773,0.9399715831174212
SEEDV_Q1_SAFE_SESSION1_16sub.npz,SEEDV_Q1_SAFE_SESSION3_16sub.npz,Disgust,Sad,Disgust->Sad,Temporal,0.0028502005152404326,0.0004502790203938876,0.003375771455466748,0.003688601582931976,0.010364852574033044,arcface_supcon_cnn,1,0.0870747041420118,0.9491268252121008
SEEDV_Q1_SAFE_SESSION1_16sub.npz,SEEDV_Q1_SAFE_SESSION3_16sub.npz,Disgust,Sad,Disgust->Sad,Temporal,0.0028502005152404326,0.0004502790203938876,0.003375771455466748,0.003688601582931976,0.010364852574033044,arcface_supcon_cnn,2,0.0845599112426035,0.9590310530075248
SEEDV_Q1_SAFE_SESSION1_16sub.npz,SEEDV_Q1_SAFE_SESSION3_16sub.npz,Disgust,Sad,Disgust->Sad,Temporal,0.0028502005152404326,0.0004502790203938876,0.003375771455466748,0.003688601582931976,0.010364852574033044,arcface_supcon_cnn,3,0.0901503944773175,0.9432822881881836
SEEDV_Q1_SAFE_SESSION1_16sub.npz,SEEDV_Q1_SAFE_SESSION3_16sub.npz,Disgust,Sad,Disgust->Sad,Temporal,0.0028502005152404326,0.0004502790203938876,0.003375771455466748,0.003688601582931976,0.010364852574033044,arcface_supcon_cnn,4,0.0769662228796844,0.9711368703124816
SEEDV_Q1_SAFE_SESSION1_16sub.npz,SEEDV_Q1_SAFE_SESSION3_16sub.npz,Disgust,Sad,Disgust->Sad,Parietal,0.0022102762013673782,0.0011604259489104152,0.0009512656106380746,0.0011078504467150196,0.005429818207630888,arcface_supcon_cnn,0,0.0859714003944773,0.9399715831174212
SEEDV_Q1_SAFE_SESSION1_16sub.npz,SEEDV_Q1_SAFE_SESSION3_16sub.npz,Disgust,Sad,Disgust->Sad,Parietal,0.0022102762013673782,0.0011604259489104152,0.0009512656106380746,0.0011078504467150196,0.005429818207630888,arcface_supcon_cnn,1,0.0870747041420118,0.9491268252121008
SEEDV_Q1_SAFE_SESSION1_16sub.npz,SEEDV_Q1_SAFE_SESSION3_16sub.npz,Disgust,Sad,Disgust->Sad,Parietal,0.0022102762013673782,0.0011604259489104152,0.0009512656106380746,0.0011078504467150196,0.005429818207630888,arcface_supcon_cnn,2,0.0845599112426035,0.9590310530075248
SEEDV_Q1_SAFE_SESSION1_16sub.npz,SEEDV_Q1_SAFE_SESSION3_16sub.npz,Disgust,Sad,Disgust->Sad,Parietal,0.0022102762013673782,0.0011604259489104152,0.0009512656106380746,0.0011078504467150196,0.005429818207630888,arcface_supcon_cnn,3,0.0901503944773175,0.9432822881881836
SEEDV_Q1_SAFE_SESSION1_16sub.npz,SEEDV_Q1_SAFE_SESSION3_16sub.npz,Disgust,Sad,Disgust->Sad,Parietal,0.0022102762013673782,0.0011604259489104152,0.0009512656106380746,0.0011078504467150196,0.005429818207630888,arcface_supcon_cnn,4,0.0769662228796844,0.9711368703124816
SEEDV_Q1_SAFE_SESSION1_16sub.npz,SEEDV_Q1_SAFE_SESSION3_16sub.npz,Disgust,Sad,Disgust->Sad,Occipital,0.0034666374946633986,0.0012308115450044461,0.0010284389136359096,0.0013000852292558798,0.007025973182559634,arcface_supcon_cnn,0,0.0859714003944773,0.9399715831174212
SEEDV_Q1_SAFE_SESSION1_16sub.npz,SEEDV_Q1_SAFE_SESSION3_16sub.npz,Disgust,Sad,Disgust->Sad,Occipital,0.0034666374946633986,0.0012308115450044461,0.0010284389136359096,0.0013000852292558798,0.007025973182559634,arcface_supcon_cnn,1,0.0870747041420118,0.9491268252121008
SEEDV_Q1_SAFE_SESSION1_16sub.npz,SEEDV_Q1_SAFE_SESSION3_16sub.npz,Disgust,Sad,Disgust->Sad,Occipital,0.0034666374946633986,0.0012308115450044461,0.0010284389136359096,0.0013000852292558798,0.007025973182559634,arcface_supcon_cnn,2,0.0845599112426035,0.9590310530075248
SEEDV_Q1_SAFE_SESSION1_16sub.npz,SEEDV_Q1_SAFE_SESSION3_16sub.npz,Disgust,Sad,Disgust->Sad,Occipital,0.0034666374946633986,0.0012308115450044461,0.0010284389136359096,0.0013000852292558798,0.007025973182559634,arcface_supcon_cnn,3,0.0901503944773175,0.9432822881881836
SEEDV_Q1_SAFE_SESSION1_16sub.npz,SEEDV_Q1_SAFE_SESSION3_16sub.npz,Disgust,Sad,Disgust->Sad,Occipital,0.0034666374946633986,0.0012308115450044461,0.0010284389136359096,0.0013000852292558798,0.007025973182559634,arcface_supcon_cnn,4,0.0769662228796844,0.9711368703124816
SEEDV_Q1_SAFE_SESSION1_16sub.npz,SEEDV_Q1_SAFE_SESSION3_16sub.npz,Fear,Disgust,Fear->Disgust,Frontal,0.0014922065394265306,0.0019631851907996913,0.00015878147401270342,0.00019406414191637696,0.0038082373461553022,arcface_supcon_cnn,0,0.0854264018691588,0.9471349368724434
SEEDV_Q1_SAFE_SESSION1_16sub.npz,SEEDV_Q1_SAFE_SESSION3_16sub.npz,Fear,Disgust,Fear->Disgust,Frontal,0.0014922065394265306,0.0019631851907996913,0.00015878147401270342,0.00019406414191637696,0.0038082373461553022,arcface_supcon_cnn,1,0.08538746105919,0.9564854787399556
SEEDV_Q1_SAFE_SESSION1_16sub.npz,SEEDV_Q1_SAFE_SESSION3_16sub.npz,Fear,Disgust,Fear->Disgust,Frontal,0.0014922065394265306,0.0019631851907996913,0.00015878147401270342,0.00019406414191637696,0.0038082373461553022,arcface_supcon_cnn,2,0.0782320872274143,0.967331642268384
SEEDV_Q1_SAFE_SESSION1_16sub.npz,SEEDV_Q1_SAFE_SESSION3_16sub.npz,Fear,Disgust,Fear->Disgust,Frontal,0.0014922065394265306,0.0019631851907996913,0.00015878147401270342,0.00019406414191637696,0.0038082373461553022,arcface_supcon_cnn,3,0.0859034267912772,0.9476257038119232
SEEDV_Q1_SAFE_SESSION1_16sub.npz,SEEDV_Q1_SAFE_SESSION3_16sub.npz,Fear,Disgust,Fear->Disgust,Frontal,0.0014922065394265306,0.0019631851907996913,0.00015878147401270342,0.00019406414191637696,0.0038082373461553022,arcface_supcon_cnn,4,0.0759248442367601,0.9769342566479148
SEEDV_Q1_SAFE_SESSION1_16sub.npz,SEEDV_Q1_SAFE_SESSION3_16sub.npz,Fear,Disgust,Fear->Disgust,Central/Motor,0.001133664112005918,0.0024310651102236337,0.0005475697107613087,0.0001654805216406074,0.004277779454631468,arcface_supcon_cnn,0,0.0854264018691588,0.9471349368724434
SEEDV_Q1_SAFE_SESSION1_16sub.npz,SEEDV_Q1_SAFE_SESSION3_16sub.npz,Fear,Disgust,Fear->Disgust,Central/Motor,0.001133664112005918,0.0024310651102236337,0.0005475697107613087,0.0001654805216406074,0.004277779454631468,arcface_supcon_cnn,1,0.08538746105919,0.9564854787399556
SEEDV_Q1_SAFE_SESSION1_16sub.npz,SEEDV_Q1_SAFE_SESSION3_16sub.npz,Fear,Disgust,Fear->Disgust,Central/Motor,0.001133664112005918,0.0024310651102236337,0.0005475697107613087,0.0001654805216406074,0.004277779454631468,arcface_supcon_cnn,2,0.0782320872274143,0.967331642268384
SEEDV_Q1_SAFE_SESSION1_16sub.npz,SEEDV_Q1_SAFE_SESSION3_16sub.npz,Fear,Disgust,Fear->Disgust,Central/Motor,0.001133664112005918,0.0024310651102236337,0.0005475697107613087,0.0001654805216406074,0.004277779454631468,arcface_supcon_cnn,3,0.0859034267912772,0.9476257038119232
SEEDV_Q1_SAFE_SESSION1_16sub.npz,SEEDV_Q1_SAFE_SESSION3_16sub.npz,Fear,Disgust,Fear->Disgust,Central/Motor,0.001133664112005918,0.0024310651102236337,0.0005475697107613087,0.0001654805216406074,0.004277779454631468,arcface_supcon_cnn,4,0.0759248442367601,0.9769342566479148
SEEDV_Q1_SAFE_SESSION1_16sub.npz,SEEDV_Q1_SAFE_SESSION3_16sub.npz,Fear,Disgust,Fear->Disgust,Temporal,0.002126235359658798,0.002444138517603278,0.0013150388840585947,0.00133900297805667,0.007224415739377341,arcface_supcon_cnn,0,0.0854264018691588,0.9471349368724434
SEEDV_Q1_SAFE_SESSION1_16sub.npz,SEEDV_Q1_SAFE_SESSION3_16sub.npz,Fear,Disgust,Fear->Disgust,Temporal,0.002126235359658798,0.002444138517603278,0.0013150388840585947,0.00133900297805667,0.007224415739377341,arcface_supcon_cnn,1,0.08538746105919,0.9564854787399556
SEEDV_Q1_SAFE_SESSION1_16sub.npz,SEEDV_Q1_SAFE_SESSION3_16sub.npz,Fear,Disgust,Fear->Disgust,Temporal,0.002126235359658798,0.002444138517603278,0.0013150388840585947,0.00133900297805667,0.007224415739377341,arcface_supcon_cnn,2,0.0782320872274143,0.967331642268384
SEEDV_Q1_SAFE_SESSION1_16sub.npz,SEEDV_Q1_SAFE_SESSION3_16sub.npz,Fear,Disgust,Fear->Disgust,Temporal,0.002126235359658798,0.002444138517603278,0.0013150388840585947,0.00133900297805667,0.007224415739377341,arcface_supcon_cnn,3,0.0859034267912772,0.9476257038119232
SEEDV_Q1_SAFE_SESSION1_16sub.npz,SEEDV_Q1_SAFE_SESSION3_16sub.npz,Fear,Disgust,Fear->Disgust,Temporal,0.002126235359658798,0.002444138517603278,0.0013150388840585947,0.00133900297805667,0.007224415739377341,arcface_supcon_cnn,4,0.0759248442367601,0.9769342566479148
SEEDV_Q1_SAFE_SESSION1_16sub.npz,SEEDV_Q1_SAFE_SESSION3_16sub.npz,Fear,Disgust,Fear->Disgust,Parietal,0.003924525924958289,0.002341810439247638,0.0004747115890495479,0.00042406788998050615,0.007165115843235981,arcface_supcon_cnn,0,0.0854264018691588,0.9471349368724434
SEEDV_Q1_SAFE_SESSION1_16sub.npz,SEEDV_Q1_SAFE_SESSION3_16sub.npz,Fear,Disgust,Fear->Disgust,Parietal,0.003924525924958289,0.002341810439247638,0.0004747115890495479,0.00042406788998050615,0.007165115843235981,arcface_supcon_cnn,1,0.08538746105919,0.9564854787399556
SEEDV_Q1_SAFE_SESSION1_16sub.npz,SEEDV_Q1_SAFE_SESSION3_16sub.npz,Fear,Disgust,Fear->Disgust,Parietal,0.003924525924958289,0.002341810439247638,0.0004747115890495479,0.00042406788998050615,0.007165115843235981,arcface_supcon_cnn,2,0.0782320872274143,0.967331642268384
SEEDV_Q1_SAFE_SESSION1_16sub.npz,SEEDV_Q1_SAFE_SESSION3_16sub.npz,Fear,Disgust,Fear->Disgust,Parietal,0.003924525924958289,0.002341810439247638,0.0004747115890495479,0.00042406788998050615,0.007165115843235981,arcface_supcon_cnn,3,0.0859034267912772,0.9476257038119232
SEEDV_Q1_SAFE_SESSION1_16sub.npz,SEEDV_Q1_SAFE_SESSION3_16sub.npz,Fear,Disgust,Fear->Disgust,Parietal,0.003924525924958289,0.002341810439247638,0.0004747115890495479,0.00042406788998050615,0.007165115843235981,arcface_supcon_cnn,4,0.0759248442367601,0.9769342566479148
SEEDV_Q1_SAFE_SESSION1_16sub.npz,SEEDV_Q1_SAFE_SESSION3_16sub.npz,Fear,Disgust,Fear->Disgust,Occipital,0.005085539383192856,0.002818961162120104,0.0006055230235991384,0.0010111175652127713,0.00952114113412487,arcface_supcon_cnn,0,0.0854264018691588,0.9471349368724434
SEEDV_Q1_SAFE_SESSION1_16sub.npz,SEEDV_Q1_SAFE_SESSION3_16sub.npz,Fear,Disgust,Fear->Disgust,Occipital,0.005085539383192856,0.002818961162120104,0.0006055230235991384,0.0010111175652127713,0.00952114113412487,arcface_supcon_cnn,1,0.08538746105919,0.9564854787399556
SEEDV_Q1_SAFE_SESSION1_16sub.npz,SEEDV_Q1_SAFE_SESSION3_16sub.npz,Fear,Disgust,Fear->Disgust,Occipital,0.005085539383192856,0.002818961162120104,0.0006055230235991384,0.0010111175652127713,0.00952114113412487,arcface_supcon_cnn,2,0.0782320872274143,0.967331642268384
SEEDV_Q1_SAFE_SESSION1_16sub.npz,SEEDV_Q1_SAFE_SESSION3_16sub.npz,Fear,Disgust,Fear->Disgust,Occipital,0.005085539383192856,0.002818961162120104,0.0006055230235991384,0.0010111175652127713,0.00952114113412487,arcface_supcon_cnn,3,0.0859034267912772,0.9476257038119232
SEEDV_Q1_SAFE_SESSION1_16sub.npz,SEEDV_Q1_SAFE_SESSION3_16sub.npz,Fear,Disgust,Fear->Disgust,Occipital,0.005085539383192856,0.002818961162120104,0.0006055230235991384,0.0010111175652127713,0.00952114113412487,arcface_supcon_cnn,4,0.0759248442367601,0.9769342566479148
SEEDV_Q1_SAFE_SESSION1_16sub.npz,SEEDV_Q1_SAFE_SESSION3_16sub.npz,Fear,Fear,Fear->Fear,Frontal,0.00033422280102968216,0.00281946746898549,0.000283065462662351,0.0002527663905528333,0.0036895221232303567,arcface_supcon_cnn,0,0.068530303030303,0.9610973760330578
SEEDV_Q1_SAFE_SESSION1_16sub.npz,SEEDV_Q1_SAFE_SESSION3_16sub.npz,Fear,Fear,Fear->Fear,Frontal,0.00033422280102968216,0.00281946746898549,0.000283065462662351,0.0002527663905528333,0.0036895221232303567,arcface_supcon_cnn,1,0.0685984848484848,0.9681140965048208
SEEDV_Q1_SAFE_SESSION1_16sub.npz,SEEDV_Q1_SAFE_SESSION3_16sub.npz,Fear,Fear,Fear->Fear,Frontal,0.00033422280102968216,0.00281946746898549,0.000283065462662351,0.0002527663905528333,0.0036895221232303567,arcface_supcon_cnn,2,0.0635454545454545,0.9856432541322314
SEEDV_Q1_SAFE_SESSION1_16sub.npz,SEEDV_Q1_SAFE_SESSION3_16sub.npz,Fear,Fear,Fear->Fear,Frontal,0.00033422280102968216,0.00281946746898549,0.000283065462662351,0.0002527663905528333,0.0036895221232303567,arcface_supcon_cnn,3,0.0692651515151515,0.9609634938877412
SEEDV_Q1_SAFE_SESSION1_16sub.npz,SEEDV_Q1_SAFE_SESSION3_16sub.npz,Fear,Fear,Fear->Fear,Frontal,0.00033422280102968216,0.00281946746898549,0.000283065462662351,0.0002527663905528333,0.0036895221232303567,arcface_supcon_cnn,4,0.0616666666666666,0.9902724238119835
SEEDV_Q1_SAFE_SESSION1_16sub.npz,SEEDV_Q1_SAFE_SESSION3_16sub.npz,Fear,Fear,Fear->Fear,Central/Motor,0.0004846218175121736,0.002683360129594803,0.0004831180641693732,0.0004333588294684887,0.004084458840744838,arcface_supcon_cnn,0,0.068530303030303,0.9610973760330578
SEEDV_Q1_SAFE_SESSION1_16sub.npz,SEEDV_Q1_SAFE_SESSION3_16sub.npz,Fear,Fear,Fear->Fear,Central/Motor,0.0004846218175121736,0.002683360129594803,0.0004831180641693732,0.0004333588294684887,0.004084458840744838,arcface_supcon_cnn,1,0.0685984848484848,0.9681140965048208
SEEDV_Q1_SAFE_SESSION1_16sub.npz,SEEDV_Q1_SAFE_SESSION3_16sub.npz,Fear,Fear,Fear->Fear,Central/Motor,0.0004846218175121736,0.002683360129594803,0.0004831180641693732,0.0004333588294684887,0.004084458840744838,arcface_supcon_cnn,2,0.0635454545454545,0.9856432541322314
SEEDV_Q1_SAFE_SESSION1_16sub.npz,SEEDV_Q1_SAFE_SESSION3_16sub.npz,Fear,Fear,Fear->Fear,Central/Motor,0.0004846218175121736,0.002683360129594803,0.0004831180641693732,0.0004333588294684887,0.004084458840744838,arcface_supcon_cnn,3,0.0692651515151515,0.9609634938877412
SEEDV_Q1_SAFE_SESSION1_16sub.npz,SEEDV_Q1_SAFE_SESSION3_16sub.npz,Fear,Fear,Fear->Fear,Central/Motor,0.0004846218175121736,0.002683360129594803,0.0004831180641693732,0.0004333588294684887,0.004084458840744838,arcface_supcon_cnn,4,0.0616666666666666,0.9902724238119835
SEEDV_Q1_SAFE_SESSION1_16sub.npz,SEEDV_Q1_SAFE_SESSION3_16sub.npz,Fear,Fear,Fear->Fear,Temporal,0.0005738755377630404,0.0028928916435688725,0.0003441879525780678,0.00055116197715203,0.004362117111062011,arcface_supcon_cnn,0,0.068530303030303,0.9610973760330578
SEEDV_Q1_SAFE_SESSION1_16sub.npz,SEEDV_Q1_SAFE_SESSION3_16sub.npz,Fear,Fear,Fear->Fear,Temporal,0.0005738755377630404,0.0028928916435688725,0.0003441879525780678,0.00055116197715203,0.004362117111062011,arcface_supcon_cnn,1,0.0685984848484848,0.9681140965048208
SEEDV_Q1_SAFE_SESSION1_16sub.npz,SEEDV_Q1_SAFE_SESSION3_16sub.npz,Fear,Fear,Fear->Fear,Temporal,0.0005738755377630404,0.0028928916435688725,0.0003441879525780678,0.00055116197715203,0.004362117111062011,arcface_supcon_cnn,2,0.0635454545454545,0.9856432541322314
SEEDV_Q1_SAFE_SESSION1_16sub.npz,SEEDV_Q1_SAFE_SESSION3_16sub.npz,Fear,Fear,Fear->Fear,Temporal,0.0005738755377630404,0.0028928916435688725,0.0003441879525780678,0.00055116197715203,0.004362117111062011,arcface_supcon_cnn,3,0.0692651515151515,0.9609634938877412
SEEDV_Q1_SAFE_SESSION1_16sub.npz,SEEDV_Q1_SAFE_SESSION3_16sub.npz,Fear,Fear,Fear->Fear,Temporal,0.0005738755377630404,0.0028928916435688725,0.0003441879525780678,0.00055116197715203,0.004362117111062011,arcface_supcon_cnn,4,0.0616666666666666,0.9902724238119835
SEEDV_Q1_SAFE_SESSION1_16sub.npz,SEEDV_Q1_SAFE_SESSION3_16sub.npz,Fear,Fear,Fear->Fear,Parietal,0.0017701134784147143,0.0033850441104732454,0.0006528537924168631,0.0004826400618185289,0.006290651443123352,arcface_supcon_cnn,0,0.068530303030303,0.9610973760330578
SEEDV_Q1_SAFE_SESSION1_16sub.npz,SEEDV_Q1_SAFE_SESSION3_16sub.npz,Fear,Fear,Fear->Fear,Parietal,0.0017701134784147143,0.0033850441104732454,0.0006528537924168631,0.0004826400618185289,0.006290651443123352,arcface_supcon_cnn,1,0.0685984848484848,0.9681140965048208
SEEDV_Q1_SAFE_SESSION1_16sub.npz,SEEDV_Q1_SAFE_SESSION3_16sub.npz,Fear,Fear,Fear->Fear,Parietal,0.0017701134784147143,0.0033850441104732454,0.0006528537924168631,0.0004826400618185289,0.006290651443123352,arcface_supcon_cnn,2,0.0635454545454545,0.9856432541322314
SEEDV_Q1_SAFE_SESSION1_16sub.npz,SEEDV_Q1_SAFE_SESSION3_16sub.npz,Fear,Fear,Fear->Fear,Parietal,0.0017701134784147143,0.0033850441104732454,0.0006528537924168631,0.0004826400618185289,0.006290651443123352,arcface_supcon_cnn,3,0.0692651515151515,0.9609634938877412
SEEDV_Q1_SAFE_SESSION1_16sub.npz,SEEDV_Q1_SAFE_SESSION3_16sub.npz,Fear,Fear,Fear->Fear,Parietal,0.0017701134784147143,0.0033850441104732454,0.0006528537924168631,0.0004826400618185289,0.006290651443123352,arcface_supcon_cnn,4,0.0616666666666666,0.9902724238119835
SEEDV_Q1_SAFE_SESSION1_16sub.npz,SEEDV_Q1_SAFE_SESSION3_16sub.npz,Fear,Fear,Fear->Fear,Occipital,0.0018959174243112394,0.0035168513034780826,0.0006664576940238476,0.0007194080098997802,0.00679863443171295,arcface_supcon_cnn,0,0.068530303030303,0.9610973760330578
SEEDV_Q1_SAFE_SESSION1_16sub.npz,SEEDV_Q1_SAFE_SESSION3_16sub.npz,Fear,Fear,Fear->Fear,Occipital,0.0018959174243112394,0.0035168513034780826,0.0006664576940238476,0.0007194080098997802,0.00679863443171295,arcface_supcon_cnn,1,0.0685984848484848,0.9681140965048208
SEEDV_Q1_SAFE_SESSION1_16sub.npz,SEEDV_Q1_SAFE_SESSION3_16sub.npz,Fear,Fear,Fear->Fear,Occipital,0.0018959174243112394,0.0035168513034780826,0.0006664576940238476,0.0007194080098997802,0.00679863443171295,arcface_supcon_cnn,2,0.0635454545454545,0.9856432541322314
SEEDV_Q1_SAFE_SESSION1_16sub.npz,SEEDV_Q1_SAFE_SESSION3_16sub.npz,Fear,Fear,Fear->Fear,Occipital,0.0018959174243112394,0.0035168513034780826,0.0006664576940238476,0.0007194080098997802,0.00679863443171295,arcface_supcon_cnn,3,0.0692651515151515,0.9609634938877412
SEEDV_Q1_SAFE_SESSION1_16sub.npz,SEEDV_Q1_SAFE_SESSION3_16sub.npz,Fear,Fear,Fear->Fear,Occipital,0.0018959174243112394,0.0035168513034780826,0.0006664576940238476,0.0007194080098997802,0.00679863443171295,arcface_supcon_cnn,4,0.0616666666666666,0.9902724238119835
SEEDV_Q1_SAFE_SESSION1_16sub.npz,SEEDV_Q1_SAFE_SESSION3_16sub.npz,Fear,Happy,Fear->Happy,Frontal,0.0007786886500460756,0.0019172022695697483,4.143922013186228e-05,7.185769555646728e-05,0.0028091878353041534,arcface_supcon_cnn,0,0.0715064758009543,0.9594884918357234
SEEDV_Q1_SAFE_SESSION1_16sub.npz,SEEDV_Q1_SAFE_SESSION3_16sub.npz,Fear,Happy,Fear->Happy,Frontal,0.0007786886500460756,0.0019172022695697483,4.143922013186228e-05,7.185769555646728e-05,0.0028091878353041534,arcface_supcon_cnn,1,0.0763377641445126,0.9653693212806836
SEEDV_Q1_SAFE_SESSION1_16sub.npz,SEEDV_Q1_SAFE_SESSION3_16sub.npz,Fear,Happy,Fear->Happy,Frontal,0.0007786886500460756,0.0019172022695697483,4.143922013186228e-05,7.185769555646728e-05,0.0028091878353041534,arcface_supcon_cnn,2,0.0668456032719836,0.9836382527264786
SEEDV_Q1_SAFE_SESSION1_16sub.npz,SEEDV_Q1_SAFE_SESSION3_16sub.npz,Fear,Happy,Fear->Happy,Frontal,0.0007786886500460756,0.0019172022695697483,4.143922013186228e-05,7.185769555646728e-05,0.0028091878353041534,arcface_supcon_cnn,3,0.070961145194274,0.9594418436647484
SEEDV_Q1_SAFE_SESSION1_16sub.npz,SEEDV_Q1_SAFE_SESSION3_16sub.npz,Fear,Happy,Fear->Happy,Frontal,0.0007786886500460756,0.0019172022695697483,4.143922013186228e-05,7.185769555646728e-05,0.0028091878353041534,arcface_supcon_cnn,4,0.0689843217450579,0.9876279806649492
SEEDV_Q1_SAFE_SESSION1_16sub.npz,SEEDV_Q1_SAFE_SESSION3_16sub.npz,Fear,Happy,Fear->Happy,Central/Motor,0.0005480137520602786,0.0015903893592102182,0.00012997843857322396,3.7506621863160877e-05,0.0023058881717068816,arcface_supcon_cnn,0,0.0715064758009543,0.9594884918357234
SEEDV_Q1_SAFE_SESSION1_16sub.npz,SEEDV_Q1_SAFE_SESSION3_16sub.npz,Fear,Happy,Fear->Happy,Central/Motor,0.0005480137520602786,0.0015903893592102182,0.00012997843857322396,3.7506621863160877e-05,0.0023058881717068816,arcface_supcon_cnn,1,0.0763377641445126,0.9653693212806836
SEEDV_Q1_SAFE_SESSION1_16sub.npz,SEEDV_Q1_SAFE_SESSION3_16sub.npz,Fear,Happy,Fear->Happy,Central/Motor,0.0005480137520602786,0.0015903893592102182,0.00012997843857322396,3.7506621863160877e-05,0.0023058881717068816,arcface_supcon_cnn,2,0.0668456032719836,0.9836382527264786
SEEDV_Q1_SAFE_SESSION1_16sub.npz,SEEDV_Q1_SAFE_SESSION3_16sub.npz,Fear,Happy,Fear->Happy,Central/Motor,0.0005480137520602786,0.0015903893592102182,0.00012997843857322396,3.7506621863160877e-05,0.0023058881717068816,arcface_supcon_cnn,3,0.070961145194274,0.9594418436647484
SEEDV_Q1_SAFE_SESSION1_16sub.npz,SEEDV_Q1_SAFE_SESSION3_16sub.npz,Fear,Happy,Fear->Happy,Central/Motor,0.0005480137520602786,0.0015903893592102182,0.00012997843857322396,3.7506621863160877e-05,0.0023058881717068816,arcface_supcon_cnn,4,0.0689843217450579,0.9876279806649492
SEEDV_Q1_SAFE_SESSION1_16sub.npz,SEEDV_Q1_SAFE_SESSION3_16sub.npz,Fear,Happy,Fear->Happy,Temporal,0.0003837825109561273,0.00319845190582176,6.404356099665165e-05,0.0006004646420478821,0.004246742619822421,arcface_supcon_cnn,0,0.0715064758009543,0.9594884918357234
SEEDV_Q1_SAFE_SESSION1_16sub.npz,SEEDV_Q1_SAFE_SESSION3_16sub.npz,Fear,Happy,Fear->Happy,Temporal,0.0003837825109561273,0.00319845190582176,6.404356099665165e-05,0.0006004646420478821,0.004246742619822421,arcface_supcon_cnn,1,0.0763377641445126,0.9653693212806836
SEEDV_Q1_SAFE_SESSION1_16sub.npz,SEEDV_Q1_SAFE_SESSION3_16sub.npz,Fear,Happy,Fear->Happy,Temporal,0.0003837825109561273,0.00319845190582176,6.404356099665165e-05,0.0006004646420478821,0.004246742619822421,arcface_supcon_cnn,2,0.0668456032719836,0.9836382527264786
SEEDV_Q1_SAFE_SESSION1_16sub.npz,SEEDV_Q1_SAFE_SESSION3_16sub.npz,Fear,Happy,Fear->Happy,Temporal,0.0003837825109561273,0.00319845190582176,6.404356099665165e-05,0.0006004646420478821,0.004246742619822421,arcface_supcon_cnn,3,0.070961145194274,0.9594418436647484
SEEDV_Q1_SAFE_SESSION1_16sub.npz,SEEDV_Q1_SAFE_SESSION3_16sub.npz,Fear,Happy,Fear->Happy,Temporal,0.0003837825109561273,0.00319845190582176,6.404356099665165e-05,0.0006004646420478821,0.004246742619822421,arcface_supcon_cnn,4,0.0689843217450579,0.9876279806649492
SEEDV_Q1_SAFE_SESSION1_16sub.npz,SEEDV_Q1_SAFE_SESSION3_16sub.npz,Fear,Happy,Fear->Happy,Parietal,0.0037309887120500207,0.001478935417253524,0.0001303478638874367,0.0002340664286748506,0.005574338421865832,arcface_supcon_cnn,0,0.0715064758009543,0.9594884918357234
SEEDV_Q1_SAFE_SESSION1_16sub.npz,SEEDV_Q1_SAFE_SESSION3_16sub.npz,Fear,Happy,Fear->Happy,Parietal,0.0037309887120500207,0.001478935417253524,0.0001303478638874367,0.0002340664286748506,0.005574338421865832,arcface_supcon_cnn,1,0.0763377641445126,0.9653693212806836
SEEDV_Q1_SAFE_SESSION1_16sub.npz,SEEDV_Q1_SAFE_SESSION3_16sub.npz,Fear,Happy,Fear->Happy,Parietal,0.0037309887120500207,0.001478935417253524,0.0001303478638874367,0.0002340664286748506,0.005574338421865832,arcface_supcon_cnn,2,0.0668456032719836,0.9836382527264786
SEEDV_Q1_SAFE_SESSION1_16sub.npz,SEEDV_Q1_SAFE_SESSION3_16sub.npz,Fear,Happy,Fear->Happy,Parietal,0.0037309887120500207,0.001478935417253524,0.0001303478638874367,0.0002340664286748506,0.005574338421865832,arcface_supcon_cnn,3,0.070961145194274,0.9594418436647484
SEEDV_Q1_SAFE_SESSION1_16sub.npz,SEEDV_Q1_SAFE_SESSION3_16sub.npz,Fear,Happy,Fear->Happy,Parietal,0.0037309887120500207,0.001478935417253524,0.0001303478638874367,0.0002340664286748506,0.005574338421865832,arcface_supcon_cnn,4,0.0689843217450579,0.9876279806649492
SEEDV_Q1_SAFE_SESSION1_16sub.npz,SEEDV_Q1_SAFE_SESSION3_16sub.npz,Fear,Happy,Fear->Happy,Occipital,0.004946949736525614,0.0023112334311008453,0.00011393466653923223,0.0005708020180463791,0.007942919852212071,arcface_supcon_cnn,0,0.0715064758009543,0.9594884918357234
SEEDV_Q1_SAFE_SESSION1_16sub.npz,SEEDV_Q1_SAFE_SESSION3_16sub.npz,Fear,Happy,Fear->Happy,Occipital,0.004946949736525614,0.0023112334311008453,0.00011393466653923223,0.0005708020180463791,0.007942919852212071,arcface_supcon_cnn,1,0.0763377641445126,0.9653693212806836
SEEDV_Q1_SAFE_SESSION1_16sub.npz,SEEDV_Q1_SAFE_SESSION3_16sub.npz,Fear,Happy,Fear->Happy,Occipital,0.004946949736525614,0.0023112334311008453,0.00011393466653923223,0.0005708020180463791,0.007942919852212071,arcface_supcon_cnn,2,0.0668456032719836,0.9836382527264786
SEEDV_Q1_SAFE_SESSION1_16sub.npz,SEEDV_Q1_SAFE_SESSION3_16sub.npz,Fear,Happy,Fear->Happy,Occipital,0.004946949736525614,0.0023112334311008453,0.00011393466653923223,0.0005708020180463791,0.007942919852212071,arcface_supcon_cnn,3,0.070961145194274,0.9594418436647484
SEEDV_Q1_SAFE_SESSION1_16sub.npz,SEEDV_Q1_SAFE_SESSION3_16sub.npz,Fear,Happy,Fear->Happy,Occipital,0.004946949736525614,0.0023112334311008453,0.00011393466653923223,0.0005708020180463791,0.007942919852212071,arcface_supcon_cnn,4,0.0689843217450579,0.9876279806649492
SEEDV_Q1_SAFE_SESSION1_16sub.npz,SEEDV_Q1_SAFE_SESSION3_16sub.npz,Fear,Neutral,Fear->Neutral,Frontal,0.0003731285354920781,0.0022942010934154187,0.0007181196650933655,0.0005725274871413908,0.0039579767811422535,arcface_supcon_cnn,0,0.0690873015873015,0.9607872075774756
SEEDV_Q1_SAFE_SESSION1_16sub.npz,SEEDV_Q1_SAFE_SESSION3_16sub.npz,Fear,Neutral,Fear->Neutral,Frontal,0.0003731285354920781,0.0022942010934154187,0.0007181196650933655,0.0005725274871413908,0.0039579767811422535,arcface_supcon_cnn,1,0.0703492063492063,0.9693962400793652
SEEDV_Q1_SAFE_SESSION1_16sub.npz,SEEDV_Q1_SAFE_SESSION3_16sub.npz,Fear,Neutral,Fear->Neutral,Frontal,0.0003731285354920781,0.0022942010934154187,0.0007181196650933655,0.0005725274871413908,0.0039579767811422535,arcface_supcon_cnn,2,0.0653730158730158,0.9828349400037792
SEEDV_Q1_SAFE_SESSION1_16sub.npz,SEEDV_Q1_SAFE_SESSION3_16sub.npz,Fear,Neutral,Fear->Neutral,Frontal,0.0003731285354920781,0.0022942010934154187,0.0007181196650933655,0.0005725274871413908,0.0039579767811422535,arcface_supcon_cnn,3,0.0739126984126984,0.95980782643613
SEEDV_Q1_SAFE_SESSION1_16sub.npz,SEEDV_Q1_SAFE_SESSION3_16sub.npz,Fear,Neutral,Fear->Neutral,Frontal,0.0003731285354920781,0.0022942010934154187,0.0007181196650933655,0.0005725274871413908,0.0039579767811422535,arcface_supcon_cnn,4,0.0605873015873015,0.989612150888133
SEEDV_Q1_SAFE_SESSION1_16sub.npz,SEEDV_Q1_SAFE_SESSION3_16sub.npz,Fear,Neutral,Fear->Neutral,Central/Motor,0.0001745166789208115,0.0010919403284788132,0.0008658505310969698,0.0007452640316582154,0.00287757157015481,arcface_supcon_cnn,0,0.0690873015873015,0.9607872075774756
SEEDV_Q1_SAFE_SESSION1_16sub.npz,SEEDV_Q1_SAFE_SESSION3_16sub.npz,Fear,Neutral,Fear->Neutral,Central/Motor,0.0001745166789208115,0.0010919403284788132,0.0008658505310969698,0.0007452640316582154,0.00287757157015481,arcface_supcon_cnn,1,0.0703492063492063,0.9693962400793652
SEEDV_Q1_SAFE_SESSION1_16sub.npz,SEEDV_Q1_SAFE_SESSION3_16sub.npz,Fear,Neutral,Fear->Neutral,Central/Motor,0.0001745166789208115,0.0010919403284788132,0.0008658505310969698,0.0007452640316582154,0.00287757157015481,arcface_supcon_cnn,2,0.0653730158730158,0.9828349400037792
SEEDV_Q1_SAFE_SESSION1_16sub.npz,SEEDV_Q1_SAFE_SESSION3_16sub.npz,Fear,Neutral,Fear->Neutral,Central/Motor,0.0001745166789208115,0.0010919403284788132,0.0008658505310969698,0.0007452640316582154,0.00287757157015481,arcface_supcon_cnn,3,0.0739126984126984,0.95980782643613
SEEDV_Q1_SAFE_SESSION1_16sub.npz,SEEDV_Q1_SAFE_SESSION3_16sub.npz,Fear,Neutral,Fear->Neutral,Central/Motor,0.0001745166789208115,0.0010919403284788132,0.0008658505310969698,0.0007452640316582154,0.00287757157015481,arcface_supcon_cnn,4,0.0605873015873015,0.989612150888133
SEEDV_Q1_SAFE_SESSION1_16sub.npz,SEEDV_Q1_SAFE_SESSION3_16sub.npz,Fear,Neutral,Fear->Neutral,Temporal,0.000958464729289215,0.002249710572262604,0.0020337106349567575,0.002264215300480525,0.007506101236989101,arcface_supcon_cnn,0,0.0690873015873015,0.9607872075774756
SEEDV_Q1_SAFE_SESSION1_16sub.npz,SEEDV_Q1_SAFE_SESSION3_16sub.npz,Fear,Neutral,Fear->Neutral,Temporal,0.000958464729289215,0.002249710572262604,0.0020337106349567575,0.002264215300480525,0.007506101236989101,arcface_supcon_cnn,1,0.0703492063492063,0.9693962400793652
SEEDV_Q1_SAFE_SESSION1_16sub.npz,SEEDV_Q1_SAFE_SESSION3_16sub.npz,Fear,Neutral,Fear->Neutral,Temporal,0.000958464729289215,0.002249710572262604,0.0020337106349567575,0.002264215300480525,0.007506101236989101,arcface_supcon_cnn,2,0.0653730158730158,0.9828349400037792
SEEDV_Q1_SAFE_SESSION1_16sub.npz,SEEDV_Q1_SAFE_SESSION3_16sub.npz,Fear,Neutral,Fear->Neutral,Temporal,0.000958464729289215,0.002249710572262604,0.0020337106349567575,0.002264215300480525,0.007506101236989101,arcface_supcon_cnn,3,0.0739126984126984,0.95980782643613
SEEDV_Q1_SAFE_SESSION1_16sub.npz,SEEDV_Q1_SAFE_SESSION3_16sub.npz,Fear,Neutral,Fear->Neutral,Temporal,0.000958464729289215,0.002249710572262604,0.0020337106349567575,0.002264215300480525,0.007506101236989101,arcface_supcon_cnn,4,0.0605873015873015,0.989612150888133
SEEDV_Q1_SAFE_SESSION1_16sub.npz,SEEDV_Q1_SAFE_SESSION3_16sub.npz,Fear,Neutral,Fear->Neutral,Parietal,0.0017441478557884693,0.0016492657596245408,0.0009836761018959805,0.0009511280441074632,0.005328217761416454,arcface_supcon_cnn,0,0.0690873015873015,0.9607872075774756
SEEDV_Q1_SAFE_SESSION1_16sub.npz,SEEDV_Q1_SAFE_SESSION3_16sub.npz,Fear,Neutral,Fear->Neutral,Parietal,0.0017441478557884693,0.0016492657596245408,0.0009836761018959805,0.0009511280441074632,0.005328217761416454,arcface_supcon_cnn,1,0.0703492063492063,0.9693962400793652
SEEDV_Q1_SAFE_SESSION1_16sub.npz,SEEDV_Q1_SAFE_SESSION3_16sub.npz,Fear,Neutral,Fear->Neutral,Parietal,0.0017441478557884693,0.0016492657596245408,0.0009836761018959805,0.0009511280441074632,0.005328217761416454,arcface_supcon_cnn,2,0.0653730158730158,0.9828349400037792
SEEDV_Q1_SAFE_SESSION1_16sub.npz,SEEDV_Q1_SAFE_SESSION3_16sub.npz,Fear,Neutral,Fear->Neutral,Parietal,0.0017441478557884693,0.0016492657596245408,0.0009836761018959805,0.0009511280441074632,0.005328217761416454,arcface_supcon_cnn,3,0.0739126984126984,0.95980782643613
SEEDV_Q1_SAFE_SESSION1_16sub.npz,SEEDV_Q1_SAFE_SESSION3_16sub.npz,Fear,Neutral,Fear->Neutral,Parietal,0.0017441478557884693,0.0016492657596245408,0.0009836761018959805,0.0009511280441074632,0.005328217761416454,arcface_supcon_cnn,4,0.0605873015873015,0.989612150888133
SEEDV_Q1_SAFE_SESSION1_16sub.npz,SEEDV_Q1_SAFE_SESSION3_16sub.npz,Fear,Neutral,Fear->Neutral,Occipital,0.0027362767917414495,0.0030395668776084985,0.001367088543095937,0.0016252189331377545,0.008768151145583639,arcface_supcon_cnn,0,0.0690873015873015,0.9607872075774756
SEEDV_Q1_SAFE_SESSION1_16sub.npz,SEEDV_Q1_SAFE_SESSION3_16sub.npz,Fear,Neutral,Fear->Neutral,Occipital,0.0027362767917414495,0.0030395668776084985,0.001367088543095937,0.0016252189331377545,0.008768151145583639,arcface_supcon_cnn,1,0.0703492063492063,0.9693962400793652
SEEDV_Q1_SAFE_SESSION1_16sub.npz,SEEDV_Q1_SAFE_SESSION3_16sub.npz,Fear,Neutral,Fear->Neutral,Occipital,0.0027362767917414495,0.0030395668776084985,0.001367088543095937,0.0016252189331377545,0.008768151145583639,arcface_supcon_cnn,2,0.0653730158730158,0.9828349400037792
SEEDV_Q1_SAFE_SESSION1_16sub.npz,SEEDV_Q1_SAFE_SESSION3_16sub.npz,Fear,Neutral,Fear->Neutral,Occipital,0.0027362767917414495,0.0030395668776084985,0.001367088543095937,0.0016252189331377545,0.008768151145583639,arcface_supcon_cnn,3,0.0739126984126984,0.95980782643613
SEEDV_Q1_SAFE_SESSION1_16sub.npz,SEEDV_Q1_SAFE_SESSION3_16sub.npz,Fear,Neutral,Fear->Neutral,Occipital,0.0027362767917414495,0.0030395668776084985,0.001367088543095937,0.0016252189331377545,0.008768151145583639,arcface_supcon_cnn,4,0.0605873015873015,0.989612150888133
SEEDV_Q1_SAFE_SESSION1_16sub.npz,SEEDV_Q1_SAFE_SESSION3_16sub.npz,Fear,Sad,Fear->Sad,Frontal,0.0019690899533175293,0.0016658467551072444,0.00040761045446353374,0.0004903772468900398,0.004532924409778347,arcface_supcon_cnn,0,0.086094674556213,0.9406265677108864
SEEDV_Q1_SAFE_SESSION1_16sub.npz,SEEDV_Q1_SAFE_SESSION3_16sub.npz,Fear,Sad,Fear->Sad,Frontal,0.0019690899533175293,0.0016658467551072444,0.00040761045446353374,0.0004903772468900398,0.004532924409778347,arcface_supcon_cnn,1,0.0869637573964497,0.9500350797393262
SEEDV_Q1_SAFE_SESSION1_16sub.npz,SEEDV_Q1_SAFE_SESSION3_16sub.npz,Fear,Sad,Fear->Sad,Frontal,0.0019690899533175293,0.0016658467551072444,0.00040761045446353374,0.0004903772468900398,0.004532924409778347,arcface_supcon_cnn,2,0.0841037968441814,0.9594378979170496
SEEDV_Q1_SAFE_SESSION1_16sub.npz,SEEDV_Q1_SAFE_SESSION3_16sub.npz,Fear,Sad,Fear->Sad,Frontal,0.0019690899533175293,0.0016658467551072444,0.00040761045446353374,0.0004903772468900398,0.004532924409778347,arcface_supcon_cnn,3,0.0896942800788954,0.9416914423113396
SEEDV_Q1_SAFE_SESSION1_16sub.npz,SEEDV_Q1_SAFE_SESSION3_16sub.npz,Fear,Sad,Fear->Sad,Frontal,0.0019690899533175293,0.0016658467551072444,0.00040761045446353374,0.0004903772468900398,0.004532924409778347,arcface_supcon_cnn,4,0.0781866370808678,0.9703124242073616
SEEDV_Q1_SAFE_SESSION1_16sub.npz,SEEDV_Q1_SAFE_SESSION3_16sub.npz,Fear,Sad,Fear->Sad,Central/Motor,0.0024515534085886824,0.000895225975130285,0.0010334808113319537,0.001109509146772325,0.005489769341823246,arcface_supcon_cnn,0,0.086094674556213,0.9406265677108864
SEEDV_Q1_SAFE_SESSION1_16sub.npz,SEEDV_Q1_SAFE_SESSION3_16sub.npz,Fear,Sad,Fear->Sad,Central/Motor,0.0024515534085886824,0.000895225975130285,0.0010334808113319537,0.001109509146772325,0.005489769341823246,arcface_supcon_cnn,1,0.0869637573964497,0.9500350797393262
SEEDV_Q1_SAFE_SESSION1_16sub.npz,SEEDV_Q1_SAFE_SESSION3_16sub.npz,Fear,Sad,Fear->Sad,Central/Motor,0.0024515534085886824,0.000895225975130285,0.0010334808113319537,0.001109509146772325,0.005489769341823246,arcface_supcon_cnn,2,0.0841037968441814,0.9594378979170496
SEEDV_Q1_SAFE_SESSION1_16sub.npz,SEEDV_Q1_SAFE_SESSION3_16sub.npz,Fear,Sad,Fear->Sad,Central/Motor,0.0024515534085886824,0.000895225975130285,0.0010334808113319537,0.001109509146772325,0.005489769341823246,arcface_supcon_cnn,3,0.0896942800788954,0.9416914423113396
SEEDV_Q1_SAFE_SESSION1_16sub.npz,SEEDV_Q1_SAFE_SESSION3_16sub.npz,Fear,Sad,Fear->Sad,Central/Motor,0.0024515534085886824,0.000895225975130285,0.0010334808113319537,0.001109509146772325,0.005489769341823246,arcface_supcon_cnn,4,0.0781866370808678,0.9703124242073616
SEEDV_Q1_SAFE_SESSION1_16sub.npz,SEEDV_Q1_SAFE_SESSION3_16sub.npz,Fear,Sad,Fear->Sad,Temporal,0.0032314020209014433,0.0019926604970047865,0.002419380471110345,0.0026489204028621325,0.010292363391878707,arcface_supcon_cnn,0,0.086094674556213,0.9406265677108864
SEEDV_Q1_SAFE_SESSION1_16sub.npz,SEEDV_Q1_SAFE_SESSION3_16sub.npz,Fear,Sad,Fear->Sad,Temporal,0.0032314020209014433,0.0019926604970047865,0.002419380471110345,0.0026489204028621325,0.010292363391878707,arcface_supcon_cnn,1,0.0869637573964497,0.9500350797393262
SEEDV_Q1_SAFE_SESSION1_16sub.npz,SEEDV_Q1_SAFE_SESSION3_16sub.npz,Fear,Sad,Fear->Sad,Temporal,0.0032314020209014433,0.0019926604970047865,0.002419380471110345,0.0026489204028621325,0.010292363391878707,arcface_supcon_cnn,2,0.0841037968441814,0.9594378979170496
SEEDV_Q1_SAFE_SESSION1_16sub.npz,SEEDV_Q1_SAFE_SESSION3_16sub.npz,Fear,Sad,Fear->Sad,Temporal,0.0032314020209014433,0.0019926604970047865,0.002419380471110345,0.0026489204028621325,0.010292363391878707,arcface_supcon_cnn,3,0.0896942800788954,0.9416914423113396
SEEDV_Q1_SAFE_SESSION1_16sub.npz,SEEDV_Q1_SAFE_SESSION3_16sub.npz,Fear,Sad,Fear->Sad,Temporal,0.0032314020209014433,0.0019926604970047865,0.002419380471110345,0.0026489204028621325,0.010292363391878707,arcface_supcon_cnn,4,0.0781866370808678,0.9703124242073616
SEEDV_Q1_SAFE_SESSION1_16sub.npz,SEEDV_Q1_SAFE_SESSION3_16sub.npz,Fear,Sad,Fear->Sad,Parietal,0.004266780451871455,0.001282320881728083,0.0008080088009592146,0.0009698325739009306,0.007326942708459683,arcface_supcon_cnn,0,0.086094674556213,0.9406265677108864
SEEDV_Q1_SAFE_SESSION1_16sub.npz,SEEDV_Q1_SAFE_SESSION3_16sub.npz,Fear,Sad,Fear->Sad,Parietal,0.004266780451871455,0.001282320881728083,0.0008080088009592146,0.0009698325739009306,0.007326942708459683,arcface_supcon_cnn,1,0.0869637573964497,0.9500350797393262
SEEDV_Q1_SAFE_SESSION1_16sub.npz,SEEDV_Q1_SAFE_SESSION3_16sub.npz,Fear,Sad,Fear->Sad,Parietal,0.004266780451871455,0.001282320881728083,0.0008080088009592146,0.0009698325739009306,0.007326942708459683,arcface_supcon_cnn,2,0.0841037968441814,0.9594378979170496
SEEDV_Q1_SAFE_SESSION1_16sub.npz,SEEDV_Q1_SAFE_SESSION3_16sub.npz,Fear,Sad,Fear->Sad,Parietal,0.004266780451871455,0.001282320881728083,0.0008080088009592146,0.0009698325739009306,0.007326942708459683,arcface_supcon_cnn,3,0.0896942800788954,0.9416914423113396
SEEDV_Q1_SAFE_SESSION1_16sub.npz,SEEDV_Q1_SAFE_SESSION3_16sub.npz,Fear,Sad,Fear->Sad,Parietal,0.004266780451871455,0.001282320881728083,0.0008080088009592146,0.0009698325739009306,0.007326942708459683,arcface_supcon_cnn,4,0.0781866370808678,0.9703124242073616
SEEDV_Q1_SAFE_SESSION1_16sub.npz,SEEDV_Q1_SAFE_SESSION3_16sub.npz,Fear,Sad,Fear->Sad,Occipital,0.0048979297280311584,0.002613012523700794,0.0011075298534706235,0.0015265478189879405,0.010145019924190517,arcface_supcon_cnn,0,0.086094674556213,0.9406265677108864
SEEDV_Q1_SAFE_SESSION1_16sub.npz,SEEDV_Q1_SAFE_SESSION3_16sub.npz,Fear,Sad,Fear->Sad,Occipital,0.0048979297280311584,0.002613012523700794,0.0011075298534706235,0.0015265478189879405,0.010145019924190517,arcface_supcon_cnn,1,0.0869637573964497,0.9500350797393262
SEEDV_Q1_SAFE_SESSION1_16sub.npz,SEEDV_Q1_SAFE_SESSION3_16sub.npz,Fear,Sad,Fear->Sad,Occipital,0.0048979297280311584,0.002613012523700794,0.0011075298534706235,0.0015265478189879405,0.010145019924190517,arcface_supcon_cnn,2,0.0841037968441814,0.9594378979170496
SEEDV_Q1_SAFE_SESSION1_16sub.npz,SEEDV_Q1_SAFE_SESSION3_16sub.npz,Fear,Sad,Fear->Sad,Occipital,0.0048979297280311584,0.002613012523700794,0.0011075298534706235,0.0015265478189879405,0.010145019924190517,arcface_supcon_cnn,3,0.0896942800788954,0.9416914423113396
SEEDV_Q1_SAFE_SESSION1_16sub.npz,SEEDV_Q1_SAFE_SESSION3_16sub.npz,Fear,Sad,Fear->Sad,Occipital,0.0048979297280311584,0.002613012523700794,0.0011075298534706235,0.0015265478189879405,0.010145019924190517,arcface_supcon_cnn,4,0.0781866370808678,0.9703124242073616
SEEDV_Q1_SAFE_SESSION1_16sub.npz,SEEDV_Q1_SAFE_SESSION3_16sub.npz,Happy,Disgust,Happy->Disgust,Frontal,2.105068415403366e-05,0.0005248263700022588,7.269919539491278e-05,0.00020811079801725477,0.00082668704756846,arcface_supcon_cnn,0,0.0841316199376947,0.9466615853970598
SEEDV_Q1_SAFE_SESSION1_16sub.npz,SEEDV_Q1_SAFE_SESSION3_16sub.npz,Happy,Disgust,Happy->Disgust,Frontal,2.105068415403366e-05,0.0005248263700022588,7.269919539491278e-05,0.00020811079801725477,0.00082668704756846,arcface_supcon_cnn,1,0.0860202492211838,0.9548435397435092
SEEDV_Q1_SAFE_SESSION1_16sub.npz,SEEDV_Q1_SAFE_SESSION3_16sub.npz,Happy,Disgust,Happy->Disgust,Frontal,2.105068415403366e-05,0.0005248263700022588,7.269919539491278e-05,0.00020811079801725477,0.00082668704756846,arcface_supcon_cnn,2,0.0779692367601246,0.9665014454387392
SEEDV_Q1_SAFE_SESSION1_16sub.npz,SEEDV_Q1_SAFE_SESSION3_16sub.npz,Happy,Disgust,Happy->Disgust,Frontal,2.105068415403366e-05,0.0005248263700022588,7.269919539491278e-05,0.00020811079801725477,0.00082668704756846,arcface_supcon_cnn,3,0.0871690031152647,0.9482079138439128
SEEDV_Q1_SAFE_SESSION1_16sub.npz,SEEDV_Q1_SAFE_SESSION3_16sub.npz,Happy,Disgust,Happy->Disgust,Frontal,2.105068415403366e-05,0.0005248263700022588,7.269919539491278e-05,0.00020811079801725477,0.00082668704756846,arcface_supcon_cnn,4,0.0755257009345794,0.976874021504107
SEEDV_Q1_SAFE_SESSION1_16sub.npz,SEEDV_Q1_SAFE_SESSION3_16sub.npz,Happy,Disgust,Happy->Disgust,Central/Motor,0.0007383418934685873,0.0018973345203059065,0.0009255608809845784,0.0005315848725980948,0.0040928221673571675,arcface_supcon_cnn,0,0.0841316199376947,0.9466615853970598
SEEDV_Q1_SAFE_SESSION1_16sub.npz,SEEDV_Q1_SAFE_SESSION3_16sub.npz,Happy,Disgust,Happy->Disgust,Central/Motor,0.0007383418934685873,0.0018973345203059065,0.0009255608809845784,0.0005315848725980948,0.0040928221673571675,arcface_supcon_cnn,1,0.0860202492211838,0.9548435397435092
SEEDV_Q1_SAFE_SESSION1_16sub.npz,SEEDV_Q1_SAFE_SESSION3_16sub.npz,Happy,Disgust,Happy->Disgust,Central/Motor,0.0007383418934685873,0.0018973345203059065,0.0009255608809845784,0.0005315848725980948,0.0040928221673571675,arcface_supcon_cnn,2,0.0779692367601246,0.9665014454387392
SEEDV_Q1_SAFE_SESSION1_16sub.npz,SEEDV_Q1_SAFE_SESSION3_16sub.npz,Happy,Disgust,Happy->Disgust,Central/Motor,0.0007383418934685873,0.0018973345203059065,0.0009255608809845784,0.0005315848725980948,0.0040928221673571675,arcface_supcon_cnn,3,0.0871690031152647,0.9482079138439128
SEEDV_Q1_SAFE_SESSION1_16sub.npz,SEEDV_Q1_SAFE_SESSION3_16sub.npz,Happy,Disgust,Happy->Disgust,Central/Motor,0.0007383418934685873,0.0018973345203059065,0.0009255608809845784,0.0005315848725980948,0.0040928221673571675,arcface_supcon_cnn,4,0.0755257009345794,0.976874021504107
SEEDV_Q1_SAFE_SESSION1_16sub.npz,SEEDV_Q1_SAFE_SESSION3_16sub.npz,Happy,Disgust,Happy->Disgust,Temporal,0.0032738614827394485,0.0002530505104611329,0.002123920402179161,0.003234894014894963,0.008885726410274707,arcface_supcon_cnn,0,0.0841316199376947,0.9466615853970598
SEEDV_Q1_SAFE_SESSION1_16sub.npz,SEEDV_Q1_SAFE_SESSION3_16sub.npz,Happy,Disgust,Happy->Disgust,Temporal,0.0032738614827394485,0.0002530505104611329,0.002123920402179161,0.003234894014894963,0.008885726410274707,arcface_supcon_cnn,1,0.0860202492211838,0.9548435397435092
SEEDV_Q1_SAFE_SESSION1_16sub.npz,SEEDV_Q1_SAFE_SESSION3_16sub.npz,Happy,Disgust,Happy->Disgust,Temporal,0.0032738614827394485,0.0002530505104611329,0.002123920402179161,0.003234894014894963,0.008885726410274707,arcface_supcon_cnn,2,0.0779692367601246,0.9665014454387392
SEEDV_Q1_SAFE_SESSION1_16sub.npz,SEEDV_Q1_SAFE_SESSION3_16sub.npz,Happy,Disgust,Happy->Disgust,Temporal,0.0032738614827394485,0.0002530505104611329,0.002123920402179161,0.003234894014894963,0.008885726410274707,arcface_supcon_cnn,3,0.0871690031152647,0.9482079138439128
SEEDV_Q1_SAFE_SESSION1_16sub.npz,SEEDV_Q1_SAFE_SESSION3_16sub.npz,Happy,Disgust,Happy->Disgust,Temporal,0.0032738614827394485,0.0002530505104611329,0.002123920402179161,0.003234894014894963,0.008885726410274707,arcface_supcon_cnn,4,0.0755257009345794,0.976874021504107
SEEDV_Q1_SAFE_SESSION1_16sub.npz,SEEDV_Q1_SAFE_SESSION3_16sub.npz,Happy,Disgust,Happy->Disgust,Parietal,0.0008125627646222711,0.0009988659876398742,0.0009148430108325556,0.0007718752094660886,0.0034981469725607894,arcface_supcon_cnn,0,0.0841316199376947,0.9466615853970598
SEEDV_Q1_SAFE_SESSION1_16sub.npz,SEEDV_Q1_SAFE_SESSION3_16sub.npz,Happy,Disgust,Happy->Disgust,Parietal,0.0008125627646222711,0.0009988659876398742,0.0009148430108325556,0.0007718752094660886,0.0034981469725607894,arcface_supcon_cnn,1,0.0860202492211838,0.9548435397435092
SEEDV_Q1_SAFE_SESSION1_16sub.npz,SEEDV_Q1_SAFE_SESSION3_16sub.npz,Happy,Disgust,Happy->Disgust,Parietal,0.0008125627646222711,0.0009988659876398742,0.0009148430108325556,0.0007718752094660886,0.0034981469725607894,arcface_supcon_cnn,2,0.0779692367601246,0.9665014454387392
SEEDV_Q1_SAFE_SESSION1_16sub.npz,SEEDV_Q1_SAFE_SESSION3_16sub.npz,Happy,Disgust,Happy->Disgust,Parietal,0.0008125627646222711,0.0009988659876398742,0.0009148430108325556,0.0007718752094660886,0.0034981469725607894,arcface_supcon_cnn,3,0.0871690031152647,0.9482079138439128
SEEDV_Q1_SAFE_SESSION1_16sub.npz,SEEDV_Q1_SAFE_SESSION3_16sub.npz,Happy,Disgust,Happy->Disgust,Parietal,0.0008125627646222711,0.0009988659876398742,0.0009148430108325556,0.0007718752094660886,0.0034981469725607894,arcface_supcon_cnn,4,0.0755257009345794,0.976874021504107
SEEDV_Q1_SAFE_SESSION1_16sub.npz,SEEDV_Q1_SAFE_SESSION3_16sub.npz,Happy,Disgust,Happy->Disgust,Occipital,0.0018833714226881675,8.472691600521463e-05,0.0009692786455464866,0.0012772584353418401,0.004214635419581709,arcface_supcon_cnn,0,0.0841316199376947,0.9466615853970598
SEEDV_Q1_SAFE_SESSION1_16sub.npz,SEEDV_Q1_SAFE_SESSION3_16sub.npz,Happy,Disgust,Happy->Disgust,Occipital,0.0018833714226881675,8.472691600521463e-05,0.0009692786455464866,0.0012772584353418401,0.004214635419581709,arcface_supcon_cnn,1,0.0860202492211838,0.9548435397435092
SEEDV_Q1_SAFE_SESSION1_16sub.npz,SEEDV_Q1_SAFE_SESSION3_16sub.npz,Happy,Disgust,Happy->Disgust,Occipital,0.0018833714226881675,8.472691600521463e-05,0.0009692786455464866,0.0012772584353418401,0.004214635419581709,arcface_supcon_cnn,2,0.0779692367601246,0.9665014454387392
SEEDV_Q1_SAFE_SESSION1_16sub.npz,SEEDV_Q1_SAFE_SESSION3_16sub.npz,Happy,Disgust,Happy->Disgust,Occipital,0.0018833714226881675,8.472691600521463e-05,0.0009692786455464866,0.0012772584353418401,0.004214635419581709,arcface_supcon_cnn,3,0.0871690031152647,0.9482079138439128
SEEDV_Q1_SAFE_SESSION1_16sub.npz,SEEDV_Q1_SAFE_SESSION3_16sub.npz,Happy,Disgust,Happy->Disgust,Occipital,0.0018833714226881675,8.472691600521463e-05,0.0009692786455464866,0.0012772584353418401,0.004214635419581709,arcface_supcon_cnn,4,0.0755257009345794,0.976874021504107
SEEDV_Q1_SAFE_SESSION1_16sub.npz,SEEDV_Q1_SAFE_SESSION3_16sub.npz,Happy,Fear,Happy->Fear,Frontal,0.0011369330542428148,0.0013811086481880577,0.00036914774128014166,0.0002387197344519555,0.0031259091781629697,arcface_supcon_cnn,0,0.0694318181818181,0.9610926493629476
SEEDV_Q1_SAFE_SESSION1_16sub.npz,SEEDV_Q1_SAFE_SESSION3_16sub.npz,Happy,Fear,Happy->Fear,Frontal,0.0011369330542428148,0.0013811086481880577,0.00036914774128014166,0.0002387197344519555,0.0031259091781629697,arcface_supcon_cnn,1,0.0705151515151515,0.9672597770316804
SEEDV_Q1_SAFE_SESSION1_16sub.npz,SEEDV_Q1_SAFE_SESSION3_16sub.npz,Happy,Fear,Happy->Fear,Frontal,0.0011369330542428148,0.0013811086481880577,0.00036914774128014166,0.0002387197344519555,0.0031259091781629697,arcface_supcon_cnn,2,0.0641893939393939,0.9851907364841598
SEEDV_Q1_SAFE_SESSION1_16sub.npz,SEEDV_Q1_SAFE_SESSION3_16sub.npz,Happy,Fear,Happy->Fear,Frontal,0.0011369330542428148,0.0013811086481880577,0.00036914774128014166,0.0002387197344519555,0.0031259091781629697,arcface_supcon_cnn,3,0.0710681818181818,0.9625968810261708
SEEDV_Q1_SAFE_SESSION1_16sub.npz,SEEDV_Q1_SAFE_SESSION3_16sub.npz,Happy,Fear,Happy->Fear,Frontal,0.0011369330542428148,0.0013811086481880577,0.00036914774128014166,0.0002387197344519555,0.0031259091781629697,arcface_supcon_cnn,4,0.060840909090909,0.9907678288567492
SEEDV_Q1_SAFE_SESSION1_16sub.npz,SEEDV_Q1_SAFE_SESSION3_16sub.npz,Happy,Fear,Happy->Fear,Central/Motor,8.929959897484296e-05,0.0021496295396770757,0.000861109234392643,0.0007994631804259761,0.0038995015534705377,arcface_supcon_cnn,0,0.0694318181818181,0.9610926493629476
SEEDV_Q1_SAFE_SESSION1_16sub.npz,SEEDV_Q1_SAFE_SESSION3_16sub.npz,Happy,Fear,Happy->Fear,Central/Motor,8.929959897484296e-05,0.0021496295396770757,0.000861109234392643,0.0007994631804259761,0.0038995015534705377,arcface_supcon_cnn,1,0.0705151515151515,0.9672597770316804
SEEDV_Q1_SAFE_SESSION1_16sub.npz,SEEDV_Q1_SAFE_SESSION3_16sub.npz,Happy,Fear,Happy->Fear,Central/Motor,8.929959897484296e-05,0.0021496295396770757,0.000861109234392643,0.0007994631804259761,0.0038995015534705377,arcface_supcon_cnn,2,0.0641893939393939,0.9851907364841598
SEEDV_Q1_SAFE_SESSION1_16sub.npz,SEEDV_Q1_SAFE_SESSION3_16sub.npz,Happy,Fear,Happy->Fear,Central/Motor,8.929959897484296e-05,0.0021496295396770757,0.000861109234392643,0.0007994631804259761,0.0038995015534705377,arcface_supcon_cnn,3,0.0710681818181818,0.9625968810261708
SEEDV_Q1_SAFE_SESSION1_16sub.npz,SEEDV_Q1_SAFE_SESSION3_16sub.npz,Happy,Fear,Happy->Fear,Central/Motor,8.929959897484296e-05,0.0021496295396770757,0.000861109234392643,0.0007994631804259761,0.0038995015534705377,arcface_supcon_cnn,4,0.060840909090909,0.9907678288567492
SEEDV_Q1_SAFE_SESSION1_16sub.npz,SEEDV_Q1_SAFE_SESSION3_16sub.npz,Happy,Fear,Happy->Fear,Temporal,0.0017215016608436908,0.0007018036364267273,0.0011530694706986342,0.002447053013990323,0.006023427781959375,arcface_supcon_cnn,0,0.0694318181818181,0.9610926493629476
SEEDV_Q1_SAFE_SESSION1_16sub.npz,SEEDV_Q1_SAFE_SESSION3_16sub.npz,Happy,Fear,Happy->Fear,Temporal,0.0017215016608436908,0.0007018036364267273,0.0011530694706986342,0.002447053013990323,0.006023427781959375,arcface_supcon_cnn,1,0.0705151515151515,0.9672597770316804
SEEDV_Q1_SAFE_SESSION1_16sub.npz,SEEDV_Q1_SAFE_SESSION3_16sub.npz,Happy,Fear,Happy->Fear,Temporal,0.0017215016608436908,0.0007018036364267273,0.0011530694706986342,0.002447053013990323,0.006023427781959375,arcface_supcon_cnn,2,0.0641893939393939,0.9851907364841598
SEEDV_Q1_SAFE_SESSION1_16sub.npz,SEEDV_Q1_SAFE_SESSION3_16sub.npz,Happy,Fear,Happy->Fear,Temporal,0.0017215016608436908,0.0007018036364267273,0.0011530694706986342,0.002447053013990323,0.006023427781959375,arcface_supcon_cnn,3,0.0710681818181818,0.9625968810261708
SEEDV_Q1_SAFE_SESSION1_16sub.npz,SEEDV_Q1_SAFE_SESSION3_16sub.npz,Happy,Fear,Happy->Fear,Temporal,0.0017215016608436908,0.0007018036364267273,0.0011530694706986342,0.002447053013990323,0.006023427781959375,arcface_supcon_cnn,4,0.060840909090909,0.9907678288567492
SEEDV_Q1_SAFE_SESSION1_16sub.npz,SEEDV_Q1_SAFE_SESSION3_16sub.npz,Happy,Fear,Happy->Fear,Parietal,0.0013418496819213033,0.0020420996588654816,0.0010929852141998708,0.0008304473813041113,0.005307381936290767,arcface_supcon_cnn,0,0.0694318181818181,0.9610926493629476
SEEDV_Q1_SAFE_SESSION1_16sub.npz,SEEDV_Q1_SAFE_SESSION3_16sub.npz,Happy,Fear,Happy->Fear,Parietal,0.0013418496819213033,0.0020420996588654816,0.0010929852141998708,0.0008304473813041113,0.005307381936290767,arcface_supcon_cnn,1,0.0705151515151515,0.9672597770316804
SEEDV_Q1_SAFE_SESSION1_16sub.npz,SEEDV_Q1_SAFE_SESSION3_16sub.npz,Happy,Fear,Happy->Fear,Parietal,0.0013418496819213033,0.0020420996588654816,0.0010929852141998708,0.0008304473813041113,0.005307381936290767,arcface_supcon_cnn,2,0.0641893939393939,0.9851907364841598
SEEDV_Q1_SAFE_SESSION1_16sub.npz,SEEDV_Q1_SAFE_SESSION3_16sub.npz,Happy,Fear,Happy->Fear,Parietal,0.0013418496819213033,0.0020420996588654816,0.0010929852141998708,0.0008304473813041113,0.005307381936290767,arcface_supcon_cnn,3,0.0710681818181818,0.9625968810261708
SEEDV_Q1_SAFE_SESSION1_16sub.npz,SEEDV_Q1_SAFE_SESSION3_16sub.npz,Happy,Fear,Happy->Fear,Parietal,0.0013418496819213033,0.0020420996588654816,0.0010929852141998708,0.0008304473813041113,0.005307381936290767,arcface_supcon_cnn,4,0.060840909090909,0.9907678288567492
SEEDV_Q1_SAFE_SESSION1_16sub.npz,SEEDV_Q1_SAFE_SESSION3_16sub.npz,Happy,Fear,Happy->Fear,Occipital,0.0013062505361934491,0.0006131632253527641,0.0010302133159711957,0.000985548880028849,0.003935175957546258,arcface_supcon_cnn,0,0.0694318181818181,0.9610926493629476
SEEDV_Q1_SAFE_SESSION1_16sub.npz,SEEDV_Q1_SAFE_SESSION3_16sub.npz,Happy,Fear,Happy->Fear,Occipital,0.0013062505361934491,0.0006131632253527641,0.0010302133159711957,0.000985548880028849,0.003935175957546258,arcface_supcon_cnn,1,0.0705151515151515,0.9672597770316804
SEEDV_Q1_SAFE_SESSION1_16sub.npz,SEEDV_Q1_SAFE_SESSION3_16sub.npz,Happy,Fear,Happy->Fear,Occipital,0.0013062505361934491,0.0006131632253527641,0.0010302133159711957,0.000985548880028849,0.003935175957546258,arcface_supcon_cnn,2,0.0641893939393939,0.9851907364841598
SEEDV_Q1_SAFE_SESSION1_16sub.npz,SEEDV_Q1_SAFE_SESSION3_16sub.npz,Happy,Fear,Happy->Fear,Occipital,0.0013062505361934491,0.0006131632253527641,0.0010302133159711957,0.000985548880028849,0.003935175957546258,arcface_supcon_cnn,3,0.0710681818181818,0.9625968810261708
SEEDV_Q1_SAFE_SESSION1_16sub.npz,SEEDV_Q1_SAFE_SESSION3_16sub.npz,Happy,Fear,Happy->Fear,Occipital,0.0013062505361934491,0.0006131632253527641,0.0010302133159711957,0.000985548880028849,0.003935175957546258,arcface_supcon_cnn,4,0.060840909090909,0.9907678288567492
SEEDV_Q1_SAFE_SESSION1_16sub.npz,SEEDV_Q1_SAFE_SESSION3_16sub.npz,Happy,Happy,Happy->Happy,Frontal,0.0006924672052264214,0.0004788434487723158,4.4643058485928366e-05,8.59043516573451e-05,0.0013018580641420106,arcface_supcon_cnn,0,0.072622699386503,0.9594412131000972
SEEDV_Q1_SAFE_SESSION1_16sub.npz,SEEDV_Q1_SAFE_SESSION3_16sub.npz,Happy,Happy,Happy->Happy,Frontal,0.0006924672052264214,0.0004788434487723158,4.4643058485928366e-05,8.59043516573451e-05,0.0013018580641420106,arcface_supcon_cnn,1,0.0755964553510565,0.9644360997544132
SEEDV_Q1_SAFE_SESSION1_16sub.npz,SEEDV_Q1_SAFE_SESSION3_16sub.npz,Happy,Happy,Happy->Happy,Frontal,0.0006924672052264214,0.0004788434487723158,4.4643058485928366e-05,8.59043516573451e-05,0.0013018580641420106,arcface_supcon_cnn,2,0.0674250170415814,0.9832001938000706
SEEDV_Q1_SAFE_SESSION1_16sub.npz,SEEDV_Q1_SAFE_SESSION3_16sub.npz,Happy,Happy,Happy->Happy,Frontal,0.0006924672052264214,0.0004788434487723158,4.4643058485928366e-05,8.59043516573451e-05,0.0013018580641420106,arcface_supcon_cnn,3,0.071523517382413,0.960909102809526
SEEDV_Q1_SAFE_SESSION1_16sub.npz,SEEDV_Q1_SAFE_SESSION3_16sub.npz,Happy,Happy,Happy->Happy,Frontal,0.0006924672052264214,0.0004788434487723158,4.4643058485928366e-05,8.59043516573451e-05,0.0013018580641420106,arcface_supcon_cnn,4,0.0680470347648261,0.9881160551300388
SEEDV_Q1_SAFE_SESSION1_16sub.npz,SEEDV_Q1_SAFE_SESSION3_16sub.npz,Happy,Happy,Happy->Happy,Central/Motor,0.00015269153352294798,0.001056658769292491,0.0005079696087964937,0.00040361097282064825,0.002120930884432581,arcface_supcon_cnn,0,0.072622699386503,0.9594412131000972
SEEDV_Q1_SAFE_SESSION1_16sub.npz,SEEDV_Q1_SAFE_SESSION3_16sub.npz,Happy,Happy,Happy->Happy,Central/Motor,0.00015269153352294798,0.001056658769292491,0.0005079696087964937,0.00040361097282064825,0.002120930884432581,arcface_supcon_cnn,1,0.0755964553510565,0.9644360997544132
SEEDV_Q1_SAFE_SESSION1_16sub.npz,SEEDV_Q1_SAFE_SESSION3_16sub.npz,Happy,Happy,Happy->Happy,Central/Motor,0.00015269153352294798,0.001056658769292491,0.0005079696087964937,0.00040361097282064825,0.002120930884432581,arcface_supcon_cnn,2,0.0674250170415814,0.9832001938000706
SEEDV_Q1_SAFE_SESSION1_16sub.npz,SEEDV_Q1_SAFE_SESSION3_16sub.npz,Happy,Happy,Happy->Happy,Central/Motor,0.00015269153352294798,0.001056658769292491,0.0005079696087964937,0.00040361097282064825,0.002120930884432581,arcface_supcon_cnn,3,0.071523517382413,0.960909102809526
SEEDV_Q1_SAFE_SESSION1_16sub.npz,SEEDV_Q1_SAFE_SESSION3_16sub.npz,Happy,Happy,Happy->Happy,Central/Motor,0.00015269153352294798,0.001056658769292491,0.0005079696087964937,0.00040361097282064825,0.002120930884432581,arcface_supcon_cnn,4,0.0680470347648261,0.9881160551300388
SEEDV_Q1_SAFE_SESSION1_16sub.npz,SEEDV_Q1_SAFE_SESSION3_16sub.npz,Happy,Happy,Happy->Happy,Temporal,0.0007638436121245231,0.001007363898679615,0.0007448379571239148,0.001295426394790411,0.003811471862718464,arcface_supcon_cnn,0,0.072622699386503,0.9594412131000972
SEEDV_Q1_SAFE_SESSION1_16sub.npz,SEEDV_Q1_SAFE_SESSION3_16sub.npz,Happy,Happy,Happy->Happy,Temporal,0.0007638436121245231,0.001007363898679615,0.0007448379571239148,0.001295426394790411,0.003811471862718464,arcface_supcon_cnn,1,0.0755964553510565,0.9644360997544132
SEEDV_Q1_SAFE_SESSION1_16sub.npz,SEEDV_Q1_SAFE_SESSION3_16sub.npz,Happy,Happy,Happy->Happy,Temporal,0.0007638436121245231,0.001007363898679615,0.0007448379571239148,0.001295426394790411,0.003811471862718464,arcface_supcon_cnn,2,0.0674250170415814,0.9832001938000706
SEEDV_Q1_SAFE_SESSION1_16sub.npz,SEEDV_Q1_SAFE_SESSION3_16sub.npz,Happy,Happy,Happy->Happy,Temporal,0.0007638436121245231,0.001007363898679615,0.0007448379571239148,0.001295426394790411,0.003811471862718464,arcface_supcon_cnn,3,0.071523517382413,0.960909102809526
SEEDV_Q1_SAFE_SESSION1_16sub.npz,SEEDV_Q1_SAFE_SESSION3_16sub.npz,Happy,Happy,Happy->Happy,Temporal,0.0007638436121245231,0.001007363898679615,0.0007448379571239148,0.001295426394790411,0.003811471862718464,arcface_supcon_cnn,4,0.0680470347648261,0.9881160551300388
SEEDV_Q1_SAFE_SESSION1_16sub.npz,SEEDV_Q1_SAFE_SESSION3_16sub.npz,Happy,Happy,Happy->Happy,Parietal,0.0006190255517140031,0.0001359909656457603,0.0005704792856704444,0.000581873748160433,0.0019073695511906408,arcface_supcon_cnn,0,0.072622699386503,0.9594412131000972
SEEDV_Q1_SAFE_SESSION1_16sub.npz,SEEDV_Q1_SAFE_SESSION3_16sub.npz,Happy,Happy,Happy->Happy,Parietal,0.0006190255517140031,0.0001359909656457603,0.0005704792856704444,0.000581873748160433,0.0019073695511906408,arcface_supcon_cnn,1,0.0755964553510565,0.9644360997544132
SEEDV_Q1_SAFE_SESSION1_16sub.npz,SEEDV_Q1_SAFE_SESSION3_16sub.npz,Happy,Happy,Happy->Happy,Parietal,0.0006190255517140031,0.0001359909656457603,0.0005704792856704444,0.000581873748160433,0.0019073695511906408,arcface_supcon_cnn,2,0.0674250170415814,0.9832001938000706
SEEDV_Q1_SAFE_SESSION1_16sub.npz,SEEDV_Q1_SAFE_SESSION3_16sub.npz,Happy,Happy,Happy->Happy,Parietal,0.0006190255517140031,0.0001359909656457603,0.0005704792856704444,0.000581873748160433,0.0019073695511906408,arcface_supcon_cnn,3,0.071523517382413,0.960909102809526
SEEDV_Q1_SAFE_SESSION1_16sub.npz,SEEDV_Q1_SAFE_SESSION3_16sub.npz,Happy,Happy,Happy->Happy,Parietal,0.0006190255517140031,0.0001359909656457603,0.0005704792856704444,0.000581873748160433,0.0019073695511906408,arcface_supcon_cnn,4,0.0680470347648261,0.9881160551300388
SEEDV_Q1_SAFE_SESSION1_16sub.npz,SEEDV_Q1_SAFE_SESSION3_16sub.npz,Happy,Happy,Happy->Happy,Occipital,0.0017447817760209254,0.0005924546470244731,0.00047769028848658034,0.0008369428881754479,0.003651869599707427,arcface_supcon_cnn,0,0.072622699386503,0.9594412131000972
SEEDV_Q1_SAFE_SESSION1_16sub.npz,SEEDV_Q1_SAFE_SESSION3_16sub.npz,Happy,Happy,Happy->Happy,Occipital,0.0017447817760209254,0.0005924546470244731,0.00047769028848658034,0.0008369428881754479,0.003651869599707427,arcface_supcon_cnn,1,0.0755964553510565,0.9644360997544132
SEEDV_Q1_SAFE_SESSION1_16sub.npz,SEEDV_Q1_SAFE_SESSION3_16sub.npz,Happy,Happy,Happy->Happy,Occipital,0.0017447817760209254,0.0005924546470244731,0.00047769028848658034,0.0008369428881754479,0.003651869599707427,arcface_supcon_cnn,2,0.0674250170415814,0.9832001938000706
SEEDV_Q1_SAFE_SESSION1_16sub.npz,SEEDV_Q1_SAFE_SESSION3_16sub.npz,Happy,Happy,Happy->Happy,Occipital,0.0017447817760209254,0.0005924546470244731,0.00047769028848658034,0.0008369428881754479,0.003651869599707427,arcface_supcon_cnn,3,0.071523517382413,0.960909102809526
SEEDV_Q1_SAFE_SESSION1_16sub.npz,SEEDV_Q1_SAFE_SESSION3_16sub.npz,Happy,Happy,Happy->Happy,Occipital,0.0017447817760209254,0.0005924546470244731,0.00047769028848658034,0.0008369428881754479,0.003651869599707427,arcface_supcon_cnn,4,0.0680470347648261,0.9881160551300388
SEEDV_Q1_SAFE_SESSION1_16sub.npz,SEEDV_Q1_SAFE_SESSION3_16sub.npz,Happy,Neutral,Happy->Neutral,Frontal,0.001844284390764575,0.0008558422726179862,0.0008042019437111561,0.000558480831040513,0.004062809438134231,arcface_supcon_cnn,0,0.070015873015873,0.9607005621693122
SEEDV_Q1_SAFE_SESSION1_16sub.npz,SEEDV_Q1_SAFE_SESSION3_16sub.npz,Happy,Neutral,Happy->Neutral,Frontal,0.001844284390764575,0.0008558422726179862,0.0008042019437111561,0.000558480831040513,0.004062809438134231,arcface_supcon_cnn,1,0.0710952380952381,0.9681179469009826
SEEDV_Q1_SAFE_SESSION1_16sub.npz,SEEDV_Q1_SAFE_SESSION3_16sub.npz,Happy,Neutral,Happy->Neutral,Frontal,0.001844284390764575,0.0008558422726179862,0.0008042019437111561,0.000558480831040513,0.004062809438134231,arcface_supcon_cnn,2,0.0649206349206349,0.9821342956349208
SEEDV_Q1_SAFE_SESSION1_16sub.npz,SEEDV_Q1_SAFE_SESSION3_16sub.npz,Happy,Neutral,Happy->Neutral,Frontal,0.001844284390764575,0.0008558422726179862,0.0008042019437111561,0.000558480831040513,0.004062809438134231,arcface_supcon_cnn,3,0.0750714285714285,0.9612860237150416
SEEDV_Q1_SAFE_SESSION1_16sub.npz,SEEDV_Q1_SAFE_SESSION3_16sub.npz,Happy,Neutral,Happy->Neutral,Frontal,0.001844284390764575,0.0008558422726179862,0.0008042019437111561,0.000558480831040513,0.004062809438134231,arcface_supcon_cnn,4,0.0595555555555555,0.9897763945578232
SEEDV_Q1_SAFE_SESSION1_16sub.npz,SEEDV_Q1_SAFE_SESSION3_16sub.npz,Happy,Neutral,Happy->Neutral,Central/Motor,0.0005698388974581421,0.000558209738561086,0.0012438417013202396,0.0011113683826157027,0.0034832587199551705,arcface_supcon_cnn,0,0.070015873015873,0.9607005621693122
SEEDV_Q1_SAFE_SESSION1_16sub.npz,SEEDV_Q1_SAFE_SESSION3_16sub.npz,Happy,Neutral,Happy->Neutral,Central/Motor,0.0005698388974581421,0.000558209738561086,0.0012438417013202396,0.0011113683826157027,0.0034832587199551705,arcface_supcon_cnn,1,0.0710952380952381,0.9681179469009826
SEEDV_Q1_SAFE_SESSION1_16sub.npz,SEEDV_Q1_SAFE_SESSION3_16sub.npz,Happy,Neutral,Happy->Neutral,Central/Motor,0.0005698388974581421,0.000558209738561086,0.0012438417013202396,0.0011113683826157027,0.0034832587199551705,arcface_supcon_cnn,2,0.0649206349206349,0.9821342956349208
SEEDV_Q1_SAFE_SESSION1_16sub.npz,SEEDV_Q1_SAFE_SESSION3_16sub.npz,Happy,Neutral,Happy->Neutral,Central/Motor,0.0005698388974581421,0.000558209738561086,0.0012438417013202396,0.0011113683826157027,0.0034832587199551705,arcface_supcon_cnn,3,0.0750714285714285,0.9612860237150416
SEEDV_Q1_SAFE_SESSION1_16sub.npz,SEEDV_Q1_SAFE_SESSION3_16sub.npz,Happy,Neutral,Happy->Neutral,Central/Motor,0.0005698388974581421,0.000558209738561086,0.0012438417013202396,0.0011113683826157027,0.0034832587199551705,arcface_supcon_cnn,4,0.0595555555555555,0.9897763945578232
SEEDV_Q1_SAFE_SESSION1_16sub.npz,SEEDV_Q1_SAFE_SESSION3_16sub.npz,Happy,Neutral,Happy->Neutral,Temporal,0.0021060908523698654,5.86225651204586e-05,0.002842592153077324,0.004160106337318818,0.009167411907886466,arcface_supcon_cnn,0,0.070015873015873,0.9607005621693122
SEEDV_Q1_SAFE_SESSION1_16sub.npz,SEEDV_Q1_SAFE_SESSION3_16sub.npz,Happy,Neutral,Happy->Neutral,Temporal,0.0021060908523698654,5.86225651204586e-05,0.002842592153077324,0.004160106337318818,0.009167411907886466,arcface_supcon_cnn,1,0.0710952380952381,0.9681179469009826
SEEDV_Q1_SAFE_SESSION1_16sub.npz,SEEDV_Q1_SAFE_SESSION3_16sub.npz,Happy,Neutral,Happy->Neutral,Temporal,0.0021060908523698654,5.86225651204586e-05,0.002842592153077324,0.004160106337318818,0.009167411907886466,arcface_supcon_cnn,2,0.0649206349206349,0.9821342956349208
SEEDV_Q1_SAFE_SESSION1_16sub.npz,SEEDV_Q1_SAFE_SESSION3_16sub.npz,Happy,Neutral,Happy->Neutral,Temporal,0.0021060908523698654,5.86225651204586e-05,0.002842592153077324,0.004160106337318818,0.009167411907886466,arcface_supcon_cnn,3,0.0750714285714285,0.9612860237150416
SEEDV_Q1_SAFE_SESSION1_16sub.npz,SEEDV_Q1_SAFE_SESSION3_16sub.npz,Happy,Neutral,Happy->Neutral,Temporal,0.0021060908523698654,5.86225651204586e-05,0.002842592153077324,0.004160106337318818,0.009167411907886466,arcface_supcon_cnn,4,0.0595555555555555,0.9897763945578232
SEEDV_Q1_SAFE_SESSION1_16sub.npz,SEEDV_Q1_SAFE_SESSION3_16sub.npz,Happy,Neutral,Happy->Neutral,Parietal,0.0013678153045475483,0.00030632130801677704,0.0014238075236789882,0.0012989353635930456,0.004396879499836359,arcface_supcon_cnn,0,0.070015873015873,0.9607005621693122
SEEDV_Q1_SAFE_SESSION1_16sub.npz,SEEDV_Q1_SAFE_SESSION3_16sub.npz,Happy,Neutral,Happy->Neutral,Parietal,0.0013678153045475483,0.00030632130801677704,0.0014238075236789882,0.0012989353635930456,0.004396879499836359,arcface_supcon_cnn,1,0.0710952380952381,0.9681179469009826
SEEDV_Q1_SAFE_SESSION1_16sub.npz,SEEDV_Q1_SAFE_SESSION3_16sub.npz,Happy,Neutral,Happy->Neutral,Parietal,0.0013678153045475483,0.00030632130801677704,0.0014238075236789882,0.0012989353635930456,0.004396879499836359,arcface_supcon_cnn,2,0.0649206349206349,0.9821342956349208
SEEDV_Q1_SAFE_SESSION1_16sub.npz,SEEDV_Q1_SAFE_SESSION3_16sub.npz,Happy,Neutral,Happy->Neutral,Parietal,0.0013678153045475483,0.00030632130801677704,0.0014238075236789882,0.0012989353635930456,0.004396879499836359,arcface_supcon_cnn,3,0.0750714285714285,0.9612860237150416
SEEDV_Q1_SAFE_SESSION1_16sub.npz,SEEDV_Q1_SAFE_SESSION3_16sub.npz,Happy,Neutral,Happy->Neutral,Parietal,0.0013678153045475483,0.00030632130801677704,0.0014238075236789882,0.0012989353635930456,0.004396879499836359,arcface_supcon_cnn,4,0.0595555555555555,0.9897763945578232
SEEDV_Q1_SAFE_SESSION1_16sub.npz,SEEDV_Q1_SAFE_SESSION3_16sub.npz,Happy,Neutral,Happy->Neutral,Occipital,0.000465891168763239,0.00013587879948318005,0.001730844165043285,0.0018913598032668233,0.0042239739365565274,arcface_supcon_cnn,0,0.070015873015873,0.9607005621693122
SEEDV_Q1_SAFE_SESSION1_16sub.npz,SEEDV_Q1_SAFE_SESSION3_16sub.npz,Happy,Neutral,Happy->Neutral,Occipital,0.000465891168763239,0.00013587879948318005,0.001730844165043285,0.0018913598032668233,0.0042239739365565274,arcface_supcon_cnn,1,0.0710952380952381,0.9681179469009826
SEEDV_Q1_SAFE_SESSION1_16sub.npz,SEEDV_Q1_SAFE_SESSION3_16sub.npz,Happy,Neutral,Happy->Neutral,Occipital,0.000465891168763239,0.00013587879948318005,0.001730844165043285,0.0018913598032668233,0.0042239739365565274,arcface_supcon_cnn,2,0.0649206349206349,0.9821342956349208
SEEDV_Q1_SAFE_SESSION1_16sub.npz,SEEDV_Q1_SAFE_SESSION3_16sub.npz,Happy,Neutral,Happy->Neutral,Occipital,0.000465891168763239,0.00013587879948318005,0.001730844165043285,0.0018913598032668233,0.0042239739365565274,arcface_supcon_cnn,3,0.0750714285714285,0.9612860237150416
SEEDV_Q1_SAFE_SESSION1_16sub.npz,SEEDV_Q1_SAFE_SESSION3_16sub.npz,Happy,Neutral,Happy->Neutral,Occipital,0.000465891168763239,0.00013587879948318005,0.001730844165043285,0.0018913598032668233,0.0042239739365565274,arcface_supcon_cnn,4,0.0595555555555555,0.9897763945578232
SEEDV_Q1_SAFE_SESSION1_16sub.npz,SEEDV_Q1_SAFE_SESSION3_16sub.npz,Happy,Sad,Happy->Sad,Frontal,0.0004979340980450324,0.00022748793430981198,0.0004936927330813244,0.000476330590789162,0.0016954453562253308,arcface_supcon_cnn,0,0.0868713017751479,0.940529614394866
SEEDV_Q1_SAFE_SESSION1_16sub.npz,SEEDV_Q1_SAFE_SESSION3_16sub.npz,Happy,Sad,Happy->Sad,Frontal,0.0004979340980450324,0.00022748793430981198,0.0004936927330813244,0.000476330590789162,0.0016954453562253308,arcface_supcon_cnn,1,0.088214990138067,0.9488483055022766
SEEDV_Q1_SAFE_SESSION1_16sub.npz,SEEDV_Q1_SAFE_SESSION3_16sub.npz,Happy,Sad,Happy->Sad,Frontal,0.0004979340980450324,0.00022748793430981198,0.0004936927330813244,0.000476330590789162,0.0016954453562253308,arcface_supcon_cnn,2,0.0839127218934911,0.9587148919951486
SEEDV_Q1_SAFE_SESSION1_16sub.npz,SEEDV_Q1_SAFE_SESSION3_16sub.npz,Happy,Sad,Happy->Sad,Frontal,0.0004979340980450324,0.00022748793430981198,0.0004936927330813244,0.000476330590789162,0.0016954453562253308,arcface_supcon_cnn,3,0.090625,0.943155875755328
SEEDV_Q1_SAFE_SESSION1_16sub.npz,SEEDV_Q1_SAFE_SESSION3_16sub.npz,Happy,Sad,Happy->Sad,Frontal,0.0004979340980450324,0.00022748793430981198,0.0004936927330813244,0.000476330590789162,0.0016954453562253308,arcface_supcon_cnn,4,0.0771079881656804,0.9706598841601274
SEEDV_Q1_SAFE_SESSION1_16sub.npz,SEEDV_Q1_SAFE_SESSION3_16sub.npz,Happy,Sad,Happy->Sad,Central/Motor,0.0020562311900513518,0.0003614953852125579,0.0014114719815552235,0.0014756134977298124,0.005304812054548946,arcface_supcon_cnn,0,0.0868713017751479,0.940529614394866
SEEDV_Q1_SAFE_SESSION1_16sub.npz,SEEDV_Q1_SAFE_SESSION3_16sub.npz,Happy,Sad,Happy->Sad,Central/Motor,0.0020562311900513518,0.0003614953852125579,0.0014114719815552235,0.0014756134977298124,0.005304812054548946,arcface_supcon_cnn,1,0.088214990138067,0.9488483055022766
SEEDV_Q1_SAFE_SESSION1_16sub.npz,SEEDV_Q1_SAFE_SESSION3_16sub.npz,Happy,Sad,Happy->Sad,Central/Motor,0.0020562311900513518,0.0003614953852125579,0.0014114719815552235,0.0014756134977298124,0.005304812054548946,arcface_supcon_cnn,2,0.0839127218934911,0.9587148919951486
SEEDV_Q1_SAFE_SESSION1_16sub.npz,SEEDV_Q1_SAFE_SESSION3_16sub.npz,Happy,Sad,Happy->Sad,Central/Motor,0.0020562311900513518,0.0003614953852125579,0.0014114719815552235,0.0014756134977298124,0.005304812054548946,arcface_supcon_cnn,3,0.090625,0.943155875755328
SEEDV_Q1_SAFE_SESSION1_16sub.npz,SEEDV_Q1_SAFE_SESSION3_16sub.npz,Happy,Sad,Happy->Sad,Central/Motor,0.0020562311900513518,0.0003614953852125579,0.0014114719815552235,0.0014756134977298124,0.005304812054548946,arcface_supcon_cnn,4,0.0771079881656804,0.9706598841601274
SEEDV_Q1_SAFE_SESSION1_16sub.npz,SEEDV_Q1_SAFE_SESSION3_16sub.npz,Happy,Sad,Happy->Sad,Temporal,0.004379028143982094,0.00019842751013735872,0.0032282619892309112,0.0045448114397004255,0.01235052908305079,arcface_supcon_cnn,0,0.0868713017751479,0.940529614394866
SEEDV_Q1_SAFE_SESSION1_16sub.npz,SEEDV_Q1_SAFE_SESSION3_16sub.npz,Happy,Sad,Happy->Sad,Temporal,0.004379028143982094,0.00019842751013735872,0.0032282619892309112,0.0045448114397004255,0.01235052908305079,arcface_supcon_cnn,1,0.088214990138067,0.9488483055022766
SEEDV_Q1_SAFE_SESSION1_16sub.npz,SEEDV_Q1_SAFE_SESSION3_16sub.npz,Happy,Sad,Happy->Sad,Temporal,0.004379028143982094,0.00019842751013735872,0.0032282619892309112,0.0045448114397004255,0.01235052908305079,arcface_supcon_cnn,2,0.0839127218934911,0.9587148919951486
SEEDV_Q1_SAFE_SESSION1_16sub.npz,SEEDV_Q1_SAFE_SESSION3_16sub.npz,Happy,Sad,Happy->Sad,Temporal,0.004379028143982094,0.00019842751013735872,0.0032282619892309112,0.0045448114397004255,0.01235052908305079,arcface_supcon_cnn,3,0.090625,0.943155875755328
SEEDV_Q1_SAFE_SESSION1_16sub.npz,SEEDV_Q1_SAFE_SESSION3_16sub.npz,Happy,Sad,Happy->Sad,Temporal,0.004379028143982094,0.00019842751013735872,0.0032282619892309112,0.0045448114397004255,0.01235052908305079,arcface_supcon_cnn,4,0.0771079881656804,0.9706598841601274
SEEDV_Q1_SAFE_SESSION1_16sub.npz,SEEDV_Q1_SAFE_SESSION3_16sub.npz,Happy,Sad,Happy->Sad,Parietal,0.001154817291535437,6.062356987968087e-05,0.0012481402227422222,0.001317639893386513,0.0037812209775438532,arcface_supcon_cnn,0,0.0868713017751479,0.940529614394866
SEEDV_Q1_SAFE_SESSION1_16sub.npz,SEEDV_Q1_SAFE_SESSION3_16sub.npz,Happy,Sad,Happy->Sad,Parietal,0.001154817291535437,6.062356987968087e-05,0.0012481402227422222,0.001317639893386513,0.0037812209775438532,arcface_supcon_cnn,1,0.088214990138067,0.9488483055022766
SEEDV_Q1_SAFE_SESSION1_16sub.npz,SEEDV_Q1_SAFE_SESSION3_16sub.npz,Happy,Sad,Happy->Sad,Parietal,0.001154817291535437,6.062356987968087e-05,0.0012481402227422222,0.001317639893386513,0.0037812209775438532,arcface_supcon_cnn,2,0.0839127218934911,0.9587148919951486
SEEDV_Q1_SAFE_SESSION1_16sub.npz,SEEDV_Q1_SAFE_SESSION3_16sub.npz,Happy,Sad,Happy->Sad,Parietal,0.001154817291535437,6.062356987968087e-05,0.0012481402227422222,0.001317639893386513,0.0037812209775438532,arcface_supcon_cnn,3,0.090625,0.943155875755328
SEEDV_Q1_SAFE_SESSION1_16sub.npz,SEEDV_Q1_SAFE_SESSION3_16sub.npz,Happy,Sad,Happy->Sad,Parietal,0.001154817291535437,6.062356987968087e-05,0.0012481402227422222,0.001317639893386513,0.0037812209775438532,arcface_supcon_cnn,4,0.0771079881656804,0.9706598841601274
SEEDV_Q1_SAFE_SESSION1_16sub.npz,SEEDV_Q1_SAFE_SESSION3_16sub.npz,Happy,Sad,Happy->Sad,Occipital,0.00169576176752647,0.0002906755544245243,0.0014712854754179716,0.0017926886891170093,0.005250411486485975,arcface_supcon_cnn,0,0.0868713017751479,0.940529614394866
SEEDV_Q1_SAFE_SESSION1_16sub.npz,SEEDV_Q1_SAFE_SESSION3_16sub.npz,Happy,Sad,Happy->Sad,Occipital,0.00169576176752647,0.0002906755544245243,0.0014712854754179716,0.0017926886891170093,0.005250411486485975,arcface_supcon_cnn,1,0.088214990138067,0.9488483055022766
SEEDV_Q1_SAFE_SESSION1_16sub.npz,SEEDV_Q1_SAFE_SESSION3_16sub.npz,Happy,Sad,Happy->Sad,Occipital,0.00169576176752647,0.0002906755544245243,0.0014712854754179716,0.0017926886891170093,0.005250411486485975,arcface_supcon_cnn,2,0.0839127218934911,0.9587148919951486
SEEDV_Q1_SAFE_SESSION1_16sub.npz,SEEDV_Q1_SAFE_SESSION3_16sub.npz,Happy,Sad,Happy->Sad,Occipital,0.00169576176752647,0.0002906755544245243,0.0014712854754179716,0.0017926886891170093,0.005250411486485975,arcface_supcon_cnn,3,0.090625,0.943155875755328
SEEDV_Q1_SAFE_SESSION1_16sub.npz,SEEDV_Q1_SAFE_SESSION3_16sub.npz,Happy,Sad,Happy->Sad,Occipital,0.00169576176752647,0.0002906755544245243,0.0014712854754179716,0.0017926886891170093,0.005250411486485975,arcface_supcon_cnn,4,0.0771079881656804,0.9706598841601274
SEEDV_Q1_SAFE_SESSION1_16sub.npz,SEEDV_Q1_SAFE_SESSION3_16sub.npz,Neutral,Disgust,Neutral->Disgust,Frontal,0.000998981563108306,0.000811292568132992,0.0005451784846151157,0.0008061481140820043,0.003161600729938418,arcface_supcon_cnn,0,0.0831970404984423,0.9481185718946978
SEEDV_Q1_SAFE_SESSION1_16sub.npz,SEEDV_Q1_SAFE_SESSION3_16sub.npz,Neutral,Disgust,Neutral->Disgust,Frontal,0.000998981563108306,0.000811292568132992,0.0005451784846151157,0.0008061481140820043,0.003161600729938418,arcface_supcon_cnn,1,0.0863901869158878,0.9557827472422992
SEEDV_Q1_SAFE_SESSION1_16sub.npz,SEEDV_Q1_SAFE_SESSION3_16sub.npz,Neutral,Disgust,Neutral->Disgust,Frontal,0.000998981563108306,0.000811292568132992,0.0005451784846151157,0.0008061481140820043,0.003161600729938418,arcface_supcon_cnn,2,0.0782028816199377,0.9673969077880712
SEEDV_Q1_SAFE_SESSION1_16sub.npz,SEEDV_Q1_SAFE_SESSION3_16sub.npz,Neutral,Disgust,Neutral->Disgust,Frontal,0.000998981563108306,0.000811292568132992,0.0005451784846151157,0.0008061481140820043,0.003161600729938418,arcface_supcon_cnn,3,0.0891744548286604,0.949270795234118
SEEDV_Q1_SAFE_SESSION1_16sub.npz,SEEDV_Q1_SAFE_SESSION3_16sub.npz,Neutral,Disgust,Neutral->Disgust,Frontal,0.000998981563108306,0.000811292568132992,0.0005451784846151157,0.0008061481140820043,0.003161600729938418,arcface_supcon_cnn,4,0.0770346573208722,0.9769949459969212
SEEDV_Q1_SAFE_SESSION1_16sub.npz,SEEDV_Q1_SAFE_SESSION3_16sub.npz,Neutral,Disgust,Neutral->Disgust,Central/Motor,0.0005898371871028638,0.0030813026907188564,0.00026359169610909016,0.0004100383957847953,0.004344769969715606,arcface_supcon_cnn,0,0.0831970404984423,0.9481185718946978
SEEDV_Q1_SAFE_SESSION1_16sub.npz,SEEDV_Q1_SAFE_SESSION3_16sub.npz,Neutral,Disgust,Neutral->Disgust,Central/Motor,0.0005898371871028638,0.0030813026907188564,0.00026359169610909016,0.0004100383957847953,0.004344769969715606,arcface_supcon_cnn,1,0.0863901869158878,0.9557827472422992
SEEDV_Q1_SAFE_SESSION1_16sub.npz,SEEDV_Q1_SAFE_SESSION3_16sub.npz,Neutral,Disgust,Neutral->Disgust,Central/Motor,0.0005898371871028638,0.0030813026907188564,0.00026359169610909016,0.0004100383957847953,0.004344769969715606,arcface_supcon_cnn,2,0.0782028816199377,0.9673969077880712
SEEDV_Q1_SAFE_SESSION1_16sub.npz,SEEDV_Q1_SAFE_SESSION3_16sub.npz,Neutral,Disgust,Neutral->Disgust,Central/Motor,0.0005898371871028638,0.0030813026907188564,0.00026359169610909016,0.0004100383957847953,0.004344769969715606,arcface_supcon_cnn,3,0.0891744548286604,0.949270795234118
SEEDV_Q1_SAFE_SESSION1_16sub.npz,SEEDV_Q1_SAFE_SESSION3_16sub.npz,Neutral,Disgust,Neutral->Disgust,Central/Motor,0.0005898371871028638,0.0030813026907188564,0.00026359169610909016,0.0004100383957847953,0.004344769969715606,arcface_supcon_cnn,4,0.0770346573208722,0.9769949459969212
SEEDV_Q1_SAFE_SESSION1_16sub.npz,SEEDV_Q1_SAFE_SESSION3_16sub.npz,Neutral,Disgust,Neutral->Disgust,Temporal,0.0012894904551406707,0.001278970468168458,0.0003882638799647493,0.0006611969632407027,0.0036179217665145806,arcface_supcon_cnn,0,0.0831970404984423,0.9481185718946978
SEEDV_Q1_SAFE_SESSION1_16sub.npz,SEEDV_Q1_SAFE_SESSION3_16sub.npz,Neutral,Disgust,Neutral->Disgust,Temporal,0.0012894904551406707,0.001278970468168458,0.0003882638799647493,0.0006611969632407027,0.0036179217665145806,arcface_supcon_cnn,1,0.0863901869158878,0.9557827472422992
SEEDV_Q1_SAFE_SESSION1_16sub.npz,SEEDV_Q1_SAFE_SESSION3_16sub.npz,Neutral,Disgust,Neutral->Disgust,Temporal,0.0012894904551406707,0.001278970468168458,0.0003882638799647493,0.0006611969632407027,0.0036179217665145806,arcface_supcon_cnn,2,0.0782028816199377,0.9673969077880712
SEEDV_Q1_SAFE_SESSION1_16sub.npz,SEEDV_Q1_SAFE_SESSION3_16sub.npz,Neutral,Disgust,Neutral->Disgust,Temporal,0.0012894904551406707,0.001278970468168458,0.0003882638799647493,0.0006611969632407027,0.0036179217665145806,arcface_supcon_cnn,3,0.0891744548286604,0.949270795234118
SEEDV_Q1_SAFE_SESSION1_16sub.npz,SEEDV_Q1_SAFE_SESSION3_16sub.npz,Neutral,Disgust,Neutral->Disgust,Temporal,0.0012894904551406707,0.001278970468168458,0.0003882638799647493,0.0006611969632407027,0.0036179217665145806,arcface_supcon_cnn,4,0.0770346573208722,0.9769949459969212
SEEDV_Q1_SAFE_SESSION1_16sub.npz,SEEDV_Q1_SAFE_SESSION3_16sub.npz,Neutral,Disgust,Neutral->Disgust,Parietal,0.001673774910159409,0.0015822618152014911,0.00045582167513202876,4.434525908436626e-05,0.003756203659577295,arcface_supcon_cnn,0,0.0831970404984423,0.9481185718946978
SEEDV_Q1_SAFE_SESSION1_16sub.npz,SEEDV_Q1_SAFE_SESSION3_16sub.npz,Neutral,Disgust,Neutral->Disgust,Parietal,0.001673774910159409,0.0015822618152014911,0.00045582167513202876,4.434525908436626e-05,0.003756203659577295,arcface_supcon_cnn,1,0.0863901869158878,0.9557827472422992
SEEDV_Q1_SAFE_SESSION1_16sub.npz,SEEDV_Q1_SAFE_SESSION3_16sub.npz,Neutral,Disgust,Neutral->Disgust,Parietal,0.001673774910159409,0.0015822618152014911,0.00045582167513202876,4.434525908436626e-05,0.003756203659577295,arcface_supcon_cnn,2,0.0782028816199377,0.9673969077880712
SEEDV_Q1_SAFE_SESSION1_16sub.npz,SEEDV_Q1_SAFE_SESSION3_16sub.npz,Neutral,Disgust,Neutral->Disgust,Parietal,0.001673774910159409,0.0015822618152014911,0.00045582167513202876,4.434525908436626e-05,0.003756203659577295,arcface_supcon_cnn,3,0.0891744548286604,0.949270795234118
SEEDV_Q1_SAFE_SESSION1_16sub.npz,SEEDV_Q1_SAFE_SESSION3_16sub.npz,Neutral,Disgust,Neutral->Disgust,Parietal,0.001673774910159409,0.0015822618152014911,0.00045582167513202876,4.434525908436626e-05,0.003756203659577295,arcface_supcon_cnn,4,0.0770346573208722,0.9769949459969212
SEEDV_Q1_SAFE_SESSION1_16sub.npz,SEEDV_Q1_SAFE_SESSION3_16sub.npz,Neutral,Disgust,Neutral->Disgust,Occipital,0.002777163404971361,0.00019690914389987844,0.00027021061396226287,4.9917298989991636e-05,0.003294200461823494,arcface_supcon_cnn,0,0.0831970404984423,0.9481185718946978
SEEDV_Q1_SAFE_SESSION1_16sub.npz,SEEDV_Q1_SAFE_SESSION3_16sub.npz,Neutral,Disgust,Neutral->Disgust,Occipital,0.002777163404971361,0.00019690914389987844,0.00027021061396226287,4.9917298989991636e-05,0.003294200461823494,arcface_supcon_cnn,1,0.0863901869158878,0.9557827472422992
SEEDV_Q1_SAFE_SESSION1_16sub.npz,SEEDV_Q1_SAFE_SESSION3_16sub.npz,Neutral,Disgust,Neutral->Disgust,Occipital,0.002777163404971361,0.00019690914389987844,0.00027021061396226287,4.9917298989991636e-05,0.003294200461823494,arcface_supcon_cnn,2,0.0782028816199377,0.9673969077880712
SEEDV_Q1_SAFE_SESSION1_16sub.npz,SEEDV_Q1_SAFE_SESSION3_16sub.npz,Neutral,Disgust,Neutral->Disgust,Occipital,0.002777163404971361,0.00019690914389987844,0.00027021061396226287,4.9917298989991636e-05,0.003294200461823494,arcface_supcon_cnn,3,0.0891744548286604,0.949270795234118
SEEDV_Q1_SAFE_SESSION1_16sub.npz,SEEDV_Q1_SAFE_SESSION3_16sub.npz,Neutral,Disgust,Neutral->Disgust,Occipital,0.002777163404971361,0.00019690914389987844,0.00027021061396226287,4.9917298989991636e-05,0.003294200461823494,arcface_supcon_cnn,4,0.0770346573208722,0.9769949459969212
SEEDV_Q1_SAFE_SESSION1_16sub.npz,SEEDV_Q1_SAFE_SESSION3_16sub.npz,Neutral,Fear,Neutral->Fear,Frontal,0.00015900217528854246,0.0016675748463187909,0.00010333154794006129,0.000359317581612794,0.0022892261511601886,arcface_supcon_cnn,0,0.0704469696969697,0.962248218836088
SEEDV_Q1_SAFE_SESSION1_16sub.npz,SEEDV_Q1_SAFE_SESSION3_16sub.npz,Neutral,Fear,Neutral->Fear,Frontal,0.00015900217528854246,0.0016675748463187909,0.00010333154794006129,0.000359317581612794,0.0022892261511601886,arcface_supcon_cnn,1,0.0690227272727272,0.9679343095730027
SEEDV_Q1_SAFE_SESSION1_16sub.npz,SEEDV_Q1_SAFE_SESSION3_16sub.npz,Neutral,Fear,Neutral->Fear,Frontal,0.00015900217528854246,0.0016675748463187909,0.00010333154794006129,0.000359317581612794,0.0022892261511601886,arcface_supcon_cnn,2,0.0629772727272727,0.9858817351067491
SEEDV_Q1_SAFE_SESSION1_16sub.npz,SEEDV_Q1_SAFE_SESSION3_16sub.npz,Neutral,Fear,Neutral->Fear,Frontal,0.00015900217528854246,0.0016675748463187909,0.00010333154794006129,0.000359317581612794,0.0022892261511601886,arcface_supcon_cnn,3,0.0709090909090909,0.9630684779614324
SEEDV_Q1_SAFE_SESSION1_16sub.npz,SEEDV_Q1_SAFE_SESSION3_16sub.npz,Neutral,Fear,Neutral->Fear,Frontal,0.00015900217528854246,0.0016675748463187909,0.00010333154794006129,0.000359317581612794,0.0022892261511601886,arcface_supcon_cnn,4,0.0618863636363636,0.9905811036501376
SEEDV_Q1_SAFE_SESSION1_16sub.npz,SEEDV_Q1_SAFE_SESSION3_16sub.npz,Neutral,Fear,Neutral->Fear,Central/Motor,5.9205107390880585e-05,0.0033335977100900256,0.0001991400495171547,0.000142160087956914,0.003734102954954975,arcface_supcon_cnn,0,0.0704469696969697,0.962248218836088
SEEDV_Q1_SAFE_SESSION1_16sub.npz,SEEDV_Q1_SAFE_SESSION3_16sub.npz,Neutral,Fear,Neutral->Fear,Central/Motor,5.9205107390880585e-05,0.0033335977100900256,0.0001991400495171547,0.000142160087956914,0.003734102954954975,arcface_supcon_cnn,1,0.0690227272727272,0.9679343095730027
SEEDV_Q1_SAFE_SESSION1_16sub.npz,SEEDV_Q1_SAFE_SESSION3_16sub.npz,Neutral,Fear,Neutral->Fear,Central/Motor,5.9205107390880585e-05,0.0033335977100900256,0.0001991400495171547,0.000142160087956914,0.003734102954954975,arcface_supcon_cnn,2,0.0629772727272727,0.9858817351067491
SEEDV_Q1_SAFE_SESSION1_16sub.npz,SEEDV_Q1_SAFE_SESSION3_16sub.npz,Neutral,Fear,Neutral->Fear,Central/Motor,5.9205107390880585e-05,0.0033335977100900256,0.0001991400495171547,0.000142160087956914,0.003734102954954975,arcface_supcon_cnn,3,0.0709090909090909,0.9630684779614324
SEEDV_Q1_SAFE_SESSION1_16sub.npz,SEEDV_Q1_SAFE_SESSION3_16sub.npz,Neutral,Fear,Neutral->Fear,Central/Motor,5.9205107390880585e-05,0.0033335977100900256,0.0001991400495171547,0.000142160087956914,0.003734102954954975,arcface_supcon_cnn,4,0.0618863636363636,0.9905811036501376
SEEDV_Q1_SAFE_SESSION1_16sub.npz,SEEDV_Q1_SAFE_SESSION3_16sub.npz,Neutral,Fear,Neutral->Fear,Temporal,0.000262869366755087,0.0017277235941340523,0.0013591148114452762,0.0014490379641453428,0.004798745736479758,arcface_supcon_cnn,0,0.0704469696969697,0.962248218836088
SEEDV_Q1_SAFE_SESSION1_16sub.npz,SEEDV_Q1_SAFE_SESSION3_16sub.npz,Neutral,Fear,Neutral->Fear,Temporal,0.000262869366755087,0.0017277235941340523,0.0013591148114452762,0.0014490379641453428,0.004798745736479758,arcface_supcon_cnn,1,0.0690227272727272,0.9679343095730027
SEEDV_Q1_SAFE_SESSION1_16sub.npz,SEEDV_Q1_SAFE_SESSION3_16sub.npz,Neutral,Fear,Neutral->Fear,Temporal,0.000262869366755087,0.0017277235941340523,0.0013591148114452762,0.0014490379641453428,0.004798745736479758,arcface_supcon_cnn,2,0.0629772727272727,0.9858817351067491
SEEDV_Q1_SAFE_SESSION1_16sub.npz,SEEDV_Q1_SAFE_SESSION3_16sub.npz,Neutral,Fear,Neutral->Fear,Temporal,0.000262869366755087,0.0017277235941340523,0.0013591148114452762,0.0014490379641453428,0.004798745736479758,arcface_supcon_cnn,3,0.0709090909090909,0.9630684779614324
SEEDV_Q1_SAFE_SESSION1_16sub.npz,SEEDV_Q1_SAFE_SESSION3_16sub.npz,Neutral,Fear,Neutral->Fear,Temporal,0.000262869366755087,0.0017277235941340523,0.0013591148114452762,0.0014490379641453428,0.004798745736479758,arcface_supcon_cnn,4,0.0618863636363636,0.9905811036501376
SEEDV_Q1_SAFE_SESSION1_16sub.npz,SEEDV_Q1_SAFE_SESSION3_16sub.npz,Neutral,Fear,Neutral->Fear,Parietal,0.0004806375363841653,0.0026254954864270985,0.000633963878499344,1.4226912753656507e-05,0.0037543238140642643,arcface_supcon_cnn,0,0.0704469696969697,0.962248218836088
SEEDV_Q1_SAFE_SESSION1_16sub.npz,SEEDV_Q1_SAFE_SESSION3_16sub.npz,Neutral,Fear,Neutral->Fear,Parietal,0.0004806375363841653,0.0026254954864270985,0.000633963878499344,1.4226912753656507e-05,0.0037543238140642643,arcface_supcon_cnn,1,0.0690227272727272,0.9679343095730027
SEEDV_Q1_SAFE_SESSION1_16sub.npz,SEEDV_Q1_SAFE_SESSION3_16sub.npz,Neutral,Fear,Neutral->Fear,Parietal,0.0004806375363841653,0.0026254954864270985,0.000633963878499344,1.4226912753656507e-05,0.0037543238140642643,arcface_supcon_cnn,2,0.0629772727272727,0.9858817351067491
SEEDV_Q1_SAFE_SESSION1_16sub.npz,SEEDV_Q1_SAFE_SESSION3_16sub.npz,Neutral,Fear,Neutral->Fear,Parietal,0.0004806375363841653,0.0026254954864270985,0.000633963878499344,1.4226912753656507e-05,0.0037543238140642643,arcface_supcon_cnn,3,0.0709090909090909,0.9630684779614324
SEEDV_Q1_SAFE_SESSION1_16sub.npz,SEEDV_Q1_SAFE_SESSION3_16sub.npz,Neutral,Fear,Neutral->Fear,Parietal,0.0004806375363841653,0.0026254954864270985,0.000633963878499344,1.4226912753656507e-05,0.0037543238140642643,arcface_supcon_cnn,4,0.0618863636363636,0.9905811036501376
SEEDV_Q1_SAFE_SESSION1_16sub.npz,SEEDV_Q1_SAFE_SESSION3_16sub.npz,Neutral,Fear,Neutral->Fear,Occipital,0.00041245855391025543,0.0008947992852578572,0.000331145284386972,0.0002417922563229995,0.0018801953798780842,arcface_supcon_cnn,0,0.0704469696969697,0.962248218836088
SEEDV_Q1_SAFE_SESSION1_16sub.npz,SEEDV_Q1_SAFE_SESSION3_16sub.npz,Neutral,Fear,Neutral->Fear,Occipital,0.00041245855391025543,0.0008947992852578572,0.000331145284386972,0.0002417922563229995,0.0018801953798780842,arcface_supcon_cnn,1,0.0690227272727272,0.9679343095730027
SEEDV_Q1_SAFE_SESSION1_16sub.npz,SEEDV_Q1_SAFE_SESSION3_16sub.npz,Neutral,Fear,Neutral->Fear,Occipital,0.00041245855391025543,0.0008947992852578572,0.000331145284386972,0.0002417922563229995,0.0018801953798780842,arcface_supcon_cnn,2,0.0629772727272727,0.9858817351067491
SEEDV_Q1_SAFE_SESSION1_16sub.npz,SEEDV_Q1_SAFE_SESSION3_16sub.npz,Neutral,Fear,Neutral->Fear,Occipital,0.00041245855391025543,0.0008947992852578572,0.000331145284386972,0.0002417922563229995,0.0018801953798780842,arcface_supcon_cnn,3,0.0709090909090909,0.9630684779614324
SEEDV_Q1_SAFE_SESSION1_16sub.npz,SEEDV_Q1_SAFE_SESSION3_16sub.npz,Neutral,Fear,Neutral->Fear,Occipital,0.00041245855391025543,0.0008947992852578572,0.000331145284386972,0.0002417922563229995,0.0018801953798780842,arcface_supcon_cnn,4,0.0618863636363636,0.9905811036501376
SEEDV_Q1_SAFE_SESSION1_16sub.npz,SEEDV_Q1_SAFE_SESSION3_16sub.npz,Neutral,Happy,Neutral->Happy,Frontal,0.000285463673727851,0.000765309646903049,0.0004278362307342746,0.0006839416677220946,0.002162551219087269,arcface_supcon_cnn,0,0.0728186775732788,0.9605640973651066
SEEDV_Q1_SAFE_SESSION1_16sub.npz,SEEDV_Q1_SAFE_SESSION3_16sub.npz,Neutral,Happy,Neutral->Happy,Frontal,0.000285463673727851,0.000765309646903049,0.0004278362307342746,0.0006839416677220946,0.002162551219087269,arcface_supcon_cnn,1,0.076840490797546,0.9650456728105228
SEEDV_Q1_SAFE_SESSION1_16sub.npz,SEEDV_Q1_SAFE_SESSION3_16sub.npz,Neutral,Happy,Neutral->Happy,Frontal,0.000285463673727851,0.000765309646903049,0.0004278362307342746,0.0006839416677220946,0.002162551219087269,arcface_supcon_cnn,2,0.0671608725289706,0.9840070339432408
SEEDV_Q1_SAFE_SESSION1_16sub.npz,SEEDV_Q1_SAFE_SESSION3_16sub.npz,Neutral,Happy,Neutral->Happy,Frontal,0.000285463673727851,0.000765309646903049,0.0004278362307342746,0.0006839416677220946,0.002162551219087269,arcface_supcon_cnn,3,0.0707310838445807,0.9612181110713822
SEEDV_Q1_SAFE_SESSION1_16sub.npz,SEEDV_Q1_SAFE_SESSION3_16sub.npz,Neutral,Happy,Neutral->Happy,Frontal,0.000285463673727851,0.000765309646903049,0.0004278362307342746,0.0006839416677220946,0.002162551219087269,arcface_supcon_cnn,4,0.0700835037491479,0.9877530317635562
SEEDV_Q1_SAFE_SESSION1_16sub.npz,SEEDV_Q1_SAFE_SESSION3_16sub.npz,Neutral,Happy,Neutral->Happy,Central/Motor,4.186827157224432e-06,0.002240626939705441,0.00015399957607899455,0.0005380122955622418,0.0029368256385039018,arcface_supcon_cnn,0,0.0728186775732788,0.9605640973651066
SEEDV_Q1_SAFE_SESSION1_16sub.npz,SEEDV_Q1_SAFE_SESSION3_16sub.npz,Neutral,Happy,Neutral->Happy,Central/Motor,4.186827157224432e-06,0.002240626939705441,0.00015399957607899455,0.0005380122955622418,0.0029368256385039018,arcface_supcon_cnn,1,0.076840490797546,0.9650456728105228
SEEDV_Q1_SAFE_SESSION1_16sub.npz,SEEDV_Q1_SAFE_SESSION3_16sub.npz,Neutral,Happy,Neutral->Happy,Central/Motor,4.186827157224432e-06,0.002240626939705441,0.00015399957607899455,0.0005380122955622418,0.0029368256385039018,arcface_supcon_cnn,2,0.0671608725289706,0.9840070339432408
SEEDV_Q1_SAFE_SESSION1_16sub.npz,SEEDV_Q1_SAFE_SESSION3_16sub.npz,Neutral,Happy,Neutral->Happy,Central/Motor,4.186827157224432e-06,0.002240626939705441,0.00015399957607899455,0.0005380122955622418,0.0029368256385039018,arcface_supcon_cnn,3,0.0707310838445807,0.9612181110713822
SEEDV_Q1_SAFE_SESSION1_16sub.npz,SEEDV_Q1_SAFE_SESSION3_16sub.npz,Neutral,Happy,Neutral->Happy,Central/Motor,4.186827157224432e-06,0.002240626939705441,0.00015399957607899455,0.0005380122955622418,0.0029368256385039018,arcface_supcon_cnn,4,0.0700835037491479,0.9877530317635562
SEEDV_Q1_SAFE_SESSION1_16sub.npz,SEEDV_Q1_SAFE_SESSION3_16sub.npz,Neutral,Happy,Neutral->Happy,Temporal,0.0012205274154742547,0.00203328385638694,0.0017673463250199957,0.002600664583345255,0.007621822180226445,arcface_supcon_cnn,0,0.0728186775732788,0.9605640973651066
SEEDV_Q1_SAFE_SESSION1_16sub.npz,SEEDV_Q1_SAFE_SESSION3_16sub.npz,Neutral,Happy,Neutral->Happy,Temporal,0.0012205274154742547,0.00203328385638694,0.0017673463250199957,0.002600664583345255,0.007621822180226445,arcface_supcon_cnn,1,0.076840490797546,0.9650456728105228
SEEDV_Q1_SAFE_SESSION1_16sub.npz,SEEDV_Q1_SAFE_SESSION3_16sub.npz,Neutral,Happy,Neutral->Happy,Temporal,0.0012205274154742547,0.00203328385638694,0.0017673463250199957,0.002600664583345255,0.007621822180226445,arcface_supcon_cnn,2,0.0671608725289706,0.9840070339432408
SEEDV_Q1_SAFE_SESSION1_16sub.npz,SEEDV_Q1_SAFE_SESSION3_16sub.npz,Neutral,Happy,Neutral->Happy,Temporal,0.0012205274154742547,0.00203328385638694,0.0017673463250199957,0.002600664583345255,0.007621822180226445,arcface_supcon_cnn,3,0.0707310838445807,0.9612181110713822
SEEDV_Q1_SAFE_SESSION1_16sub.npz,SEEDV_Q1_SAFE_SESSION3_16sub.npz,Neutral,Happy,Neutral->Happy,Temporal,0.0012205274154742547,0.00203328385638694,0.0017673463250199957,0.002600664583345255,0.007621822180226445,arcface_supcon_cnn,4,0.0700835037491479,0.9877530317635562
SEEDV_Q1_SAFE_SESSION1_16sub.npz,SEEDV_Q1_SAFE_SESSION3_16sub.npz,Neutral,Happy,Neutral->Happy,Parietal,0.001480237697251141,0.0007193867932073772,0.00011145794996991754,0.0002343467203900218,0.0025454291608184576,arcface_supcon_cnn,0,0.0728186775732788,0.9605640973651066
SEEDV_Q1_SAFE_SESSION1_16sub.npz,SEEDV_Q1_SAFE_SESSION3_16sub.npz,Neutral,Happy,Neutral->Happy,Parietal,0.001480237697251141,0.0007193867932073772,0.00011145794996991754,0.0002343467203900218,0.0025454291608184576,arcface_supcon_cnn,1,0.076840490797546,0.9650456728105228
SEEDV_Q1_SAFE_SESSION1_16sub.npz,SEEDV_Q1_SAFE_SESSION3_16sub.npz,Neutral,Happy,Neutral->Happy,Parietal,0.001480237697251141,0.0007193867932073772,0.00011145794996991754,0.0002343467203900218,0.0025454291608184576,arcface_supcon_cnn,2,0.0671608725289706,0.9840070339432408
SEEDV_Q1_SAFE_SESSION1_16sub.npz,SEEDV_Q1_SAFE_SESSION3_16sub.npz,Neutral,Happy,Neutral->Happy,Parietal,0.001480237697251141,0.0007193867932073772,0.00011145794996991754,0.0002343467203900218,0.0025454291608184576,arcface_supcon_cnn,3,0.0707310838445807,0.9612181110713822
SEEDV_Q1_SAFE_SESSION1_16sub.npz,SEEDV_Q1_SAFE_SESSION3_16sub.npz,Neutral,Happy,Neutral->Happy,Parietal,0.001480237697251141,0.0007193867932073772,0.00011145794996991754,0.0002343467203900218,0.0025454291608184576,arcface_supcon_cnn,4,0.0700835037491479,0.9877530317635562
SEEDV_Q1_SAFE_SESSION1_16sub.npz,SEEDV_Q1_SAFE_SESSION3_16sub.npz,Neutral,Happy,Neutral->Happy,Occipital,0.002638573758304119,0.00031081858711938005,0.00022137774309764335,0.00039039824817640057,0.003561168336697543,arcface_supcon_cnn,0,0.0728186775732788,0.9605640973651066
SEEDV_Q1_SAFE_SESSION1_16sub.npz,SEEDV_Q1_SAFE_SESSION3_16sub.npz,Neutral,Happy,Neutral->Happy,Occipital,0.002638573758304119,0.00031081858711938005,0.00022137774309764335,0.00039039824817640057,0.003561168336697543,arcface_supcon_cnn,1,0.076840490797546,0.9650456728105228
SEEDV_Q1_SAFE_SESSION1_16sub.npz,SEEDV_Q1_SAFE_SESSION3_16sub.npz,Neutral,Happy,Neutral->Happy,Occipital,0.002638573758304119,0.00031081858711938005,0.00022137774309764335,0.00039039824817640057,0.003561168336697543,arcface_supcon_cnn,2,0.0671608725289706,0.9840070339432408
SEEDV_Q1_SAFE_SESSION1_16sub.npz,SEEDV_Q1_SAFE_SESSION3_16sub.npz,Neutral,Happy,Neutral->Happy,Occipital,0.002638573758304119,0.00031081858711938005,0.00022137774309764335,0.00039039824817640057,0.003561168336697543,arcface_supcon_cnn,3,0.0707310838445807,0.9612181110713822
SEEDV_Q1_SAFE_SESSION1_16sub.npz,SEEDV_Q1_SAFE_SESSION3_16sub.npz,Neutral,Happy,Neutral->Happy,Occipital,0.002638573758304119,0.00031081858711938005,0.00022137774309764335,0.00039039824817640057,0.003561168336697543,arcface_supcon_cnn,4,0.0700835037491479,0.9877530317635562
SEEDV_Q1_SAFE_SESSION1_16sub.npz,SEEDV_Q1_SAFE_SESSION3_16sub.npz,Neutral,Neutral,Neutral->Neutral,Frontal,0.0008663535118103027,0.0011423084707487194,0.0003317226544909532,3.955648502423654e-05,0.002379941122074212,arcface_supcon_cnn,0,0.0703650793650793,0.9619415065192743
SEEDV_Q1_SAFE_SESSION1_16sub.npz,SEEDV_Q1_SAFE_SESSION3_16sub.npz,Neutral,Neutral,Neutral->Neutral,Frontal,0.0008663535118103027,0.0011423084707487194,0.0003317226544909532,3.955648502423654e-05,0.002379941122074212,arcface_supcon_cnn,1,0.0713809523809523,0.968906672808012
SEEDV_Q1_SAFE_SESSION1_16sub.npz,SEEDV_Q1_SAFE_SESSION3_16sub.npz,Neutral,Neutral,Neutral->Neutral,Frontal,0.0008663535118103027,0.0011423084707487194,0.0003317226544909532,3.955648502423654e-05,0.002379941122074212,arcface_supcon_cnn,2,0.065563492063492,0.982949256424792
SEEDV_Q1_SAFE_SESSION1_16sub.npz,SEEDV_Q1_SAFE_SESSION3_16sub.npz,Neutral,Neutral,Neutral->Neutral,Frontal,0.0008663535118103027,0.0011423084707487194,0.0003317226544909532,3.955648502423654e-05,0.002379941122074212,arcface_supcon_cnn,3,0.0748174603174603,0.9619559712773998
SEEDV_Q1_SAFE_SESSION1_16sub.npz,SEEDV_Q1_SAFE_SESSION3_16sub.npz,Neutral,Neutral,Neutral->Neutral,Frontal,0.0008663535118103027,0.0011423084707487194,0.0003317226544909532,3.955648502423654e-05,0.002379941122074212,arcface_supcon_cnn,4,0.0607142857142857,0.9897336890589568
SEEDV_Q1_SAFE_SESSION1_16sub.npz,SEEDV_Q1_SAFE_SESSION3_16sub.npz,Neutral,Neutral,Neutral->Neutral,Central/Motor,0.0007183436038238657,0.001742177908974036,0.0005818725164447513,0.00016974511423281267,0.0032121391434754656,arcface_supcon_cnn,0,0.0703650793650793,0.9619415065192743
SEEDV_Q1_SAFE_SESSION1_16sub.npz,SEEDV_Q1_SAFE_SESSION3_16sub.npz,Neutral,Neutral,Neutral->Neutral,Central/Motor,0.0007183436038238657,0.001742177908974036,0.0005818725164447513,0.00016974511423281267,0.0032121391434754656,arcface_supcon_cnn,1,0.0713809523809523,0.968906672808012
SEEDV_Q1_SAFE_SESSION1_16sub.npz,SEEDV_Q1_SAFE_SESSION3_16sub.npz,Neutral,Neutral,Neutral->Neutral,Central/Motor,0.0007183436038238657,0.001742177908974036,0.0005818725164447513,0.00016974511423281267,0.0032121391434754656,arcface_supcon_cnn,2,0.065563492063492,0.982949256424792
SEEDV_Q1_SAFE_SESSION1_16sub.npz,SEEDV_Q1_SAFE_SESSION3_16sub.npz,Neutral,Neutral,Neutral->Neutral,Central/Motor,0.0007183436038238657,0.001742177908974036,0.0005818725164447513,0.00016974511423281267,0.0032121391434754656,arcface_supcon_cnn,3,0.0748174603174603,0.9619559712773998
SEEDV_Q1_SAFE_SESSION1_16sub.npz,SEEDV_Q1_SAFE_SESSION3_16sub.npz,Neutral,Neutral,Neutral->Neutral,Central/Motor,0.0007183436038238657,0.001742177908974036,0.0005818725164447513,0.00016974511423281267,0.0032121391434754656,arcface_supcon_cnn,4,0.0607142857142857,0.9897336890589568
SEEDV_Q1_SAFE_SESSION1_16sub.npz,SEEDV_Q1_SAFE_SESSION3_16sub.npz,Neutral,Neutral,Neutral->Neutral,Temporal,0.00012171982477108753,0.0010845425228277836,0.0003304078709334135,0.00026401535918315223,0.001800685577715437,arcface_supcon_cnn,0,0.0703650793650793,0.9619415065192743
SEEDV_Q1_SAFE_SESSION1_16sub.npz,SEEDV_Q1_SAFE_SESSION3_16sub.npz,Neutral,Neutral,Neutral->Neutral,Temporal,0.00012171982477108753,0.0010845425228277836,0.0003304078709334135,0.00026401535918315223,0.001800685577715437,arcface_supcon_cnn,1,0.0713809523809523,0.968906672808012
SEEDV_Q1_SAFE_SESSION1_16sub.npz,SEEDV_Q1_SAFE_SESSION3_16sub.npz,Neutral,Neutral,Neutral->Neutral,Temporal,0.00012171982477108753,0.0010845425228277836,0.0003304078709334135,0.00026401535918315223,0.001800685577715437,arcface_supcon_cnn,2,0.065563492063492,0.982949256424792
SEEDV_Q1_SAFE_SESSION1_16sub.npz,SEEDV_Q1_SAFE_SESSION3_16sub.npz,Neutral,Neutral,Neutral->Neutral,Temporal,0.00012171982477108753,0.0010845425228277836,0.0003304078709334135,0.00026401535918315223,0.001800685577715437,arcface_supcon_cnn,3,0.0748174603174603,0.9619559712773998
SEEDV_Q1_SAFE_SESSION1_16sub.npz,SEEDV_Q1_SAFE_SESSION3_16sub.npz,Neutral,Neutral,Neutral->Neutral,Temporal,0.00012171982477108753,0.0010845425228277836,0.0003304078709334135,0.00026401535918315223,0.001800685577715437,arcface_supcon_cnn,4,0.0607142857142857,0.9897336890589568
SEEDV_Q1_SAFE_SESSION1_16sub.npz,SEEDV_Q1_SAFE_SESSION3_16sub.npz,Neutral,Neutral,Neutral->Neutral,Parietal,0.0005066031590104103,0.0008897171355783939,0.0009647861879784614,0.0004827148950425908,0.0028438213776098564,arcface_supcon_cnn,0,0.0703650793650793,0.9619415065192743
SEEDV_Q1_SAFE_SESSION1_16sub.npz,SEEDV_Q1_SAFE_SESSION3_16sub.npz,Neutral,Neutral,Neutral->Neutral,Parietal,0.0005066031590104103,0.0008897171355783939,0.0009647861879784614,0.0004827148950425908,0.0028438213776098564,arcface_supcon_cnn,1,0.0713809523809523,0.968906672808012
SEEDV_Q1_SAFE_SESSION1_16sub.npz,SEEDV_Q1_SAFE_SESSION3_16sub.npz,Neutral,Neutral,Neutral->Neutral,Parietal,0.0005066031590104103,0.0008897171355783939,0.0009647861879784614,0.0004827148950425908,0.0028438213776098564,arcface_supcon_cnn,2,0.065563492063492,0.982949256424792
SEEDV_Q1_SAFE_SESSION1_16sub.npz,SEEDV_Q1_SAFE_SESSION3_16sub.npz,Neutral,Neutral,Neutral->Neutral,Parietal,0.0005066031590104103,0.0008897171355783939,0.0009647861879784614,0.0004827148950425908,0.0028438213776098564,arcface_supcon_cnn,3,0.0748174603174603,0.9619559712773998
SEEDV_Q1_SAFE_SESSION1_16sub.npz,SEEDV_Q1_SAFE_SESSION3_16sub.npz,Neutral,Neutral,Neutral->Neutral,Parietal,0.0005066031590104103,0.0008897171355783939,0.0009647861879784614,0.0004827148950425908,0.0028438213776098564,arcface_supcon_cnn,4,0.0607142857142857,0.9897336890589568
SEEDV_Q1_SAFE_SESSION1_16sub.npz,SEEDV_Q1_SAFE_SESSION3_16sub.npz,Neutral,Neutral,Neutral->Neutral,Occipital,0.0004279008135199547,0.0004175148593882731,0.0010317761334590614,0.0006640186669149748,0.002541210473282264,arcface_supcon_cnn,0,0.0703650793650793,0.9619415065192743
SEEDV_Q1_SAFE_SESSION1_16sub.npz,SEEDV_Q1_SAFE_SESSION3_16sub.npz,Neutral,Neutral,Neutral->Neutral,Occipital,0.0004279008135199547,0.0004175148593882731,0.0010317761334590614,0.0006640186669149748,0.002541210473282264,arcface_supcon_cnn,1,0.0713809523809523,0.968906672808012
SEEDV_Q1_SAFE_SESSION1_16sub.npz,SEEDV_Q1_SAFE_SESSION3_16sub.npz,Neutral,Neutral,Neutral->Neutral,Occipital,0.0004279008135199547,0.0004175148593882731,0.0010317761334590614,0.0006640186669149748,0.002541210473282264,arcface_supcon_cnn,2,0.065563492063492,0.982949256424792
SEEDV_Q1_SAFE_SESSION1_16sub.npz,SEEDV_Q1_SAFE_SESSION3_16sub.npz,Neutral,Neutral,Neutral->Neutral,Occipital,0.0004279008135199547,0.0004175148593882731,0.0010317761334590614,0.0006640186669149748,0.002541210473282264,arcface_supcon_cnn,3,0.0748174603174603,0.9619559712773998
SEEDV_Q1_SAFE_SESSION1_16sub.npz,SEEDV_Q1_SAFE_SESSION3_16sub.npz,Neutral,Neutral,Neutral->Neutral,Occipital,0.0004279008135199547,0.0004175148593882731,0.0010317761334590614,0.0006640186669149748,0.002541210473282264,arcface_supcon_cnn,4,0.0607142857142857,0.9897336890589568
SEEDV_Q1_SAFE_SESSION1_16sub.npz,SEEDV_Q1_SAFE_SESSION3_16sub.npz,Neutral,Sad,Neutral->Sad,Frontal,0.0014758649769993047,0.0005139541324405451,2.121344386112143e-05,0.00012170672527558749,0.0021327392785765588,arcface_supcon_cnn,0,0.0861316568047337,0.9416896720118598
SEEDV_Q1_SAFE_SESSION1_16sub.npz,SEEDV_Q1_SAFE_SESSION3_16sub.npz,Neutral,Sad,Neutral->Sad,Frontal,0.0014758649769993047,0.0005139541324405451,2.121344386112143e-05,0.00012170672527558749,0.0021327392785765588,arcface_supcon_cnn,1,0.0874013806706114,0.9494715819890795
SEEDV_Q1_SAFE_SESSION1_16sub.npz,SEEDV_Q1_SAFE_SESSION3_16sub.npz,Neutral,Sad,Neutral->Sad,Frontal,0.0014758649769993047,0.0005139541324405451,2.121344386112143e-05,0.00012170672527558749,0.0021327392785765588,arcface_supcon_cnn,2,0.0834442800788954,0.9594660554520368
SEEDV_Q1_SAFE_SESSION1_16sub.npz,SEEDV_Q1_SAFE_SESSION3_16sub.npz,Neutral,Sad,Neutral->Sad,Frontal,0.0014758649769993047,0.0005139541324405451,2.121344386112143e-05,0.00012170672527558749,0.0021327392785765588,arcface_supcon_cnn,3,0.0899223372781065,0.9435978257633696
SEEDV_Q1_SAFE_SESSION1_16sub.npz,SEEDV_Q1_SAFE_SESSION3_16sub.npz,Neutral,Sad,Neutral->Sad,Frontal,0.0014758649769993047,0.0005139541324405451,2.121344386112143e-05,0.00012170672527558749,0.0021327392785765588,arcface_supcon_cnn,4,0.0782297830374753,0.97062877869042
SEEDV_Q1_SAFE_SESSION1_16sub.npz,SEEDV_Q1_SAFE_SESSION3_16sub.npz,Neutral,Sad,Neutral->Sad,Central/Motor,0.0019077264836856282,0.0015454635556255078,0.0007495027966797352,0.0005339902293469223,0.0047366830653377935,arcface_supcon_cnn,0,0.0861316568047337,0.9416896720118598
SEEDV_Q1_SAFE_SESSION1_16sub.npz,SEEDV_Q1_SAFE_SESSION3_16sub.npz,Neutral,Sad,Neutral->Sad,Central/Motor,0.0019077264836856282,0.0015454635556255078,0.0007495027966797352,0.0005339902293469223,0.0047366830653377935,arcface_supcon_cnn,1,0.0874013806706114,0.9494715819890795
SEEDV_Q1_SAFE_SESSION1_16sub.npz,SEEDV_Q1_SAFE_SESSION3_16sub.npz,Neutral,Sad,Neutral->Sad,Central/Motor,0.0019077264836856282,0.0015454635556255078,0.0007495027966797352,0.0005339902293469223,0.0047366830653377935,arcface_supcon_cnn,2,0.0834442800788954,0.9594660554520368
SEEDV_Q1_SAFE_SESSION1_16sub.npz,SEEDV_Q1_SAFE_SESSION3_16sub.npz,Neutral,Sad,Neutral->Sad,Central/Motor,0.0019077264836856282,0.0015454635556255078,0.0007495027966797352,0.0005339902293469223,0.0047366830653377935,arcface_supcon_cnn,3,0.0899223372781065,0.9435978257633696
SEEDV_Q1_SAFE_SESSION1_16sub.npz,SEEDV_Q1_SAFE_SESSION3_16sub.npz,Neutral,Sad,Neutral->Sad,Central/Motor,0.0019077264836856282,0.0015454635556255078,0.0007495027966797352,0.0005339902293469223,0.0047366830653377935,arcface_supcon_cnn,4,0.0782297830374753,0.97062877869042
SEEDV_Q1_SAFE_SESSION1_16sub.npz,SEEDV_Q1_SAFE_SESSION3_16sub.npz,Neutral,Sad,Neutral->Sad,Temporal,0.002394657116383316,0.0008274924475699663,0.0007160777070870008,0.0006487204615647597,0.004586947732605043,arcface_supcon_cnn,0,0.0861316568047337,0.9416896720118598
SEEDV_Q1_SAFE_SESSION1_16sub.npz,SEEDV_Q1_SAFE_SESSION3_16sub.npz,Neutral,Sad,Neutral->Sad,Temporal,0.002394657116383316,0.0008274924475699663,0.0007160777070870008,0.0006487204615647597,0.004586947732605043,arcface_supcon_cnn,1,0.0874013806706114,0.9494715819890795
SEEDV_Q1_SAFE_SESSION1_16sub.npz,SEEDV_Q1_SAFE_SESSION3_16sub.npz,Neutral,Sad,Neutral->Sad,Temporal,0.002394657116383316,0.0008274924475699663,0.0007160777070870008,0.0006487204615647597,0.004586947732605043,arcface_supcon_cnn,2,0.0834442800788954,0.9594660554520368
SEEDV_Q1_SAFE_SESSION1_16sub.npz,SEEDV_Q1_SAFE_SESSION3_16sub.npz,Neutral,Sad,Neutral->Sad,Temporal,0.002394657116383316,0.0008274924475699663,0.0007160777070870008,0.0006487204615647597,0.004586947732605043,arcface_supcon_cnn,3,0.0899223372781065,0.9435978257633696
SEEDV_Q1_SAFE_SESSION1_16sub.npz,SEEDV_Q1_SAFE_SESSION3_16sub.npz,Neutral,Sad,Neutral->Sad,Temporal,0.002394657116383316,0.0008274924475699663,0.0007160777070870008,0.0006487204615647597,0.004586947732605043,arcface_supcon_cnn,4,0.0782297830374753,0.97062877869042
SEEDV_Q1_SAFE_SESSION1_16sub.npz,SEEDV_Q1_SAFE_SESSION3_16sub.npz,Neutral,Sad,Neutral->Sad,Parietal,0.002016029437072575,0.000522772257681936,0.0007891188870416954,0.0005014194248360582,0.0038293400066322647,arcface_supcon_cnn,0,0.0861316568047337,0.9416896720118598
SEEDV_Q1_SAFE_SESSION1_16sub.npz,SEEDV_Q1_SAFE_SESSION3_16sub.npz,Neutral,Sad,Neutral->Sad,Parietal,0.002016029437072575,0.000522772257681936,0.0007891188870416954,0.0005014194248360582,0.0038293400066322647,arcface_supcon_cnn,1,0.0874013806706114,0.9494715819890795
SEEDV_Q1_SAFE_SESSION1_16sub.npz,SEEDV_Q1_SAFE_SESSION3_16sub.npz,Neutral,Sad,Neutral->Sad,Parietal,0.002016029437072575,0.000522772257681936,0.0007891188870416954,0.0005014194248360582,0.0038293400066322647,arcface_supcon_cnn,2,0.0834442800788954,0.9594660554520368
SEEDV_Q1_SAFE_SESSION1_16sub.npz,SEEDV_Q1_SAFE_SESSION3_16sub.npz,Neutral,Sad,Neutral->Sad,Parietal,0.002016029437072575,0.000522772257681936,0.0007891188870416954,0.0005014194248360582,0.0038293400066322647,arcface_supcon_cnn,3,0.0899223372781065,0.9435978257633696
SEEDV_Q1_SAFE_SESSION1_16sub.npz,SEEDV_Q1_SAFE_SESSION3_16sub.npz,Neutral,Sad,Neutral->Sad,Parietal,0.002016029437072575,0.000522772257681936,0.0007891188870416954,0.0005014194248360582,0.0038293400066322647,arcface_supcon_cnn,4,0.0782297830374753,0.97062877869042
SEEDV_Q1_SAFE_SESSION1_16sub.npz,SEEDV_Q1_SAFE_SESSION3_16sub.npz,Neutral,Sad,Neutral->Sad,Occipital,0.0025895537498096637,9.03949451943123e-06,0.0007722174438337479,0.0005653475527651608,0.003936158240928004,arcface_supcon_cnn,0,0.0861316568047337,0.9416896720118598
SEEDV_Q1_SAFE_SESSION1_16sub.npz,SEEDV_Q1_SAFE_SESSION3_16sub.npz,Neutral,Sad,Neutral->Sad,Occipital,0.0025895537498096637,9.03949451943123e-06,0.0007722174438337479,0.0005653475527651608,0.003936158240928004,arcface_supcon_cnn,1,0.0874013806706114,0.9494715819890795
SEEDV_Q1_SAFE_SESSION1_16sub.npz,SEEDV_Q1_SAFE_SESSION3_16sub.npz,Neutral,Sad,Neutral->Sad,Occipital,0.0025895537498096637,9.03949451943123e-06,0.0007722174438337479,0.0005653475527651608,0.003936158240928004,arcface_supcon_cnn,2,0.0834442800788954,0.9594660554520368
SEEDV_Q1_SAFE_SESSION1_16sub.npz,SEEDV_Q1_SAFE_SESSION3_16sub.npz,Neutral,Sad,Neutral->Sad,Occipital,0.0025895537498096637,9.03949451943123e-06,0.0007722174438337479,0.0005653475527651608,0.003936158240928004,arcface_supcon_cnn,3,0.0899223372781065,0.9435978257633696
SEEDV_Q1_SAFE_SESSION1_16sub.npz,SEEDV_Q1_SAFE_SESSION3_16sub.npz,Neutral,Sad,Neutral->Sad,Occipital,0.0025895537498096637,9.03949451943123e-06,0.0007722174438337479,0.0005653475527651608,0.003936158240928004,arcface_supcon_cnn,4,0.0782297830374753,0.97062877869042
SEEDV_Q1_SAFE_SESSION1_16sub.npz,SEEDV_Q1_SAFE_SESSION3_16sub.npz,Sad,Disgust,Sad->Disgust,Frontal,9.168152298245913e-05,0.0015147644361214983,0.0002016943790728136,0.000636010020527811,0.002444150358704582,arcface_supcon_cnn,0,0.0851538161993769,0.9481293320798124
SEEDV_Q1_SAFE_SESSION1_16sub.npz,SEEDV_Q1_SAFE_SESSION3_16sub.npz,Sad,Disgust,Sad->Disgust,Frontal,9.168152298245913e-05,0.0015147644361214983,0.0002016943790728136,0.000636010020527811,0.002444150358704582,arcface_supcon_cnn,1,0.0861468068535825,0.956439047453653
SEEDV_Q1_SAFE_SESSION1_16sub.npz,SEEDV_Q1_SAFE_SESSION3_16sub.npz,Sad,Disgust,Sad->Disgust,Frontal,9.168152298245913e-05,0.0015147644361214983,0.0002016943790728136,0.000636010020527811,0.002444150358704582,arcface_supcon_cnn,2,0.0772683021806853,0.9674016275416156
SEEDV_Q1_SAFE_SESSION1_16sub.npz,SEEDV_Q1_SAFE_SESSION3_16sub.npz,Sad,Disgust,Sad->Disgust,Frontal,9.168152298245913e-05,0.0015147644361214983,0.0002016943790728136,0.000636010020527811,0.002444150358704582,arcface_supcon_cnn,3,0.0867795950155763,0.9492637980573267
SEEDV_Q1_SAFE_SESSION1_16sub.npz,SEEDV_Q1_SAFE_SESSION3_16sub.npz,Sad,Disgust,Sad->Disgust,Frontal,9.168152298245913e-05,0.0015147644361214983,0.0002016943790728136,0.000636010020527811,0.002444150358704582,arcface_supcon_cnn,4,0.0753407320872274,0.977273237308526
SEEDV_Q1_SAFE_SESSION1_16sub.npz,SEEDV_Q1_SAFE_SESSION3_16sub.npz,Sad,Disgust,Sad->Disgust,Central/Motor,0.00022650057716028932,0.004236437646406037,0.00042369150157485665,0.0005284336096208009,0.005415063334761984,arcface_supcon_cnn,0,0.0851538161993769,0.9481293320798124
SEEDV_Q1_SAFE_SESSION1_16sub.npz,SEEDV_Q1_SAFE_SESSION3_16sub.npz,Sad,Disgust,Sad->Disgust,Central/Motor,0.00022650057716028932,0.004236437646406037,0.00042369150157485665,0.0005284336096208009,0.005415063334761984,arcface_supcon_cnn,1,0.0861468068535825,0.956439047453653
SEEDV_Q1_SAFE_SESSION1_16sub.npz,SEEDV_Q1_SAFE_SESSION3_16sub.npz,Sad,Disgust,Sad->Disgust,Central/Motor,0.00022650057716028932,0.004236437646406037,0.00042369150157485665,0.0005284336096208009,0.005415063334761984,arcface_supcon_cnn,2,0.0772683021806853,0.9674016275416156
SEEDV_Q1_SAFE_SESSION1_16sub.npz,SEEDV_Q1_SAFE_SESSION3_16sub.npz,Sad,Disgust,Sad->Disgust,Central/Motor,0.00022650057716028932,0.004236437646406037,0.00042369150157485665,0.0005284336096208009,0.005415063334761984,arcface_supcon_cnn,3,0.0867795950155763,0.9492637980573267
SEEDV_Q1_SAFE_SESSION1_16sub.npz,SEEDV_Q1_SAFE_SESSION3_16sub.npz,Sad,Disgust,Sad->Disgust,Central/Motor,0.00022650057716028932,0.004236437646406037,0.00042369150157485665,0.0005284336096208009,0.005415063334761984,arcface_supcon_cnn,4,0.0753407320872274,0.977273237308526
SEEDV_Q1_SAFE_SESSION1_16sub.npz,SEEDV_Q1_SAFE_SESSION3_16sub.npz,Sad,Disgust,Sad->Disgust,Temporal,0.0005299442758162822,0.0025366247476389017,0.000568343171228964,3.9903679862618446e-05,0.0036748158745467663,arcface_supcon_cnn,0,0.0851538161993769,0.9481293320798124
SEEDV_Q1_SAFE_SESSION1_16sub.npz,SEEDV_Q1_SAFE_SESSION3_16sub.npz,Sad,Disgust,Sad->Disgust,Temporal,0.0005299442758162822,0.0025366247476389017,0.000568343171228964,3.9903679862618446e-05,0.0036748158745467663,arcface_supcon_cnn,1,0.0861468068535825,0.956439047453653
SEEDV_Q1_SAFE_SESSION1_16sub.npz,SEEDV_Q1_SAFE_SESSION3_16sub.npz,Sad,Disgust,Sad->Disgust,Temporal,0.0005299442758162822,0.0025366247476389017,0.000568343171228964,3.9903679862618446e-05,0.0036748158745467663,arcface_supcon_cnn,2,0.0772683021806853,0.9674016275416156
SEEDV_Q1_SAFE_SESSION1_16sub.npz,SEEDV_Q1_SAFE_SESSION3_16sub.npz,Sad,Disgust,Sad->Disgust,Temporal,0.0005299442758162822,0.0025366247476389017,0.000568343171228964,3.9903679862618446e-05,0.0036748158745467663,arcface_supcon_cnn,3,0.0867795950155763,0.9492637980573267
SEEDV_Q1_SAFE_SESSION1_16sub.npz,SEEDV_Q1_SAFE_SESSION3_16sub.npz,Sad,Disgust,Sad->Disgust,Temporal,0.0005299442758162822,0.0025366247476389017,0.000568343171228964,3.9903679862618446e-05,0.0036748158745467663,arcface_supcon_cnn,4,0.0753407320872274,0.977273237308526
SEEDV_Q1_SAFE_SESSION1_16sub.npz,SEEDV_Q1_SAFE_SESSION3_16sub.npz,Sad,Disgust,Sad->Disgust,Parietal,0.00168358173687011,0.0024575802381150424,0.0005468938179546967,7.08276274963282e-05,0.004758883420436177,arcface_supcon_cnn,0,0.0851538161993769,0.9481293320798124
SEEDV_Q1_SAFE_SESSION1_16sub.npz,SEEDV_Q1_SAFE_SESSION3_16sub.npz,Sad,Disgust,Sad->Disgust,Parietal,0.00168358173687011,0.0024575802381150424,0.0005468938179546967,7.08276274963282e-05,0.004758883420436177,arcface_supcon_cnn,1,0.0861468068535825,0.956439047453653
SEEDV_Q1_SAFE_SESSION1_16sub.npz,SEEDV_Q1_SAFE_SESSION3_16sub.npz,Sad,Disgust,Sad->Disgust,Parietal,0.00168358173687011,0.0024575802381150424,0.0005468938179546967,7.08276274963282e-05,0.004758883420436177,arcface_supcon_cnn,2,0.0772683021806853,0.9674016275416156
SEEDV_Q1_SAFE_SESSION1_16sub.npz,SEEDV_Q1_SAFE_SESSION3_16sub.npz,Sad,Disgust,Sad->Disgust,Parietal,0.00168358173687011,0.0024575802381150424,0.0005468938179546967,7.08276274963282e-05,0.004758883420436177,arcface_supcon_cnn,3,0.0867795950155763,0.9492637980573267
SEEDV_Q1_SAFE_SESSION1_16sub.npz,SEEDV_Q1_SAFE_SESSION3_16sub.npz,Sad,Disgust,Sad->Disgust,Parietal,0.00168358173687011,0.0024575802381150424,0.0005468938179546967,7.08276274963282e-05,0.004758883420436177,arcface_supcon_cnn,4,0.0753407320872274,0.977273237308526
SEEDV_Q1_SAFE_SESSION1_16sub.npz,SEEDV_Q1_SAFE_SESSION3_16sub.npz,Sad,Disgust,Sad->Disgust,Occipital,0.0032497340192397424,0.00034751230850815773,0.00031767733162268996,9.881138491133878e-05,0.004013735044281929,arcface_supcon_cnn,0,0.0851538161993769,0.9481293320798124
SEEDV_Q1_SAFE_SESSION1_16sub.npz,SEEDV_Q1_SAFE_SESSION3_16sub.npz,Sad,Disgust,Sad->Disgust,Occipital,0.0032497340192397424,0.00034751230850815773,0.00031767733162268996,9.881138491133878e-05,0.004013735044281929,arcface_supcon_cnn,1,0.0861468068535825,0.956439047453653
SEEDV_Q1_SAFE_SESSION1_16sub.npz,SEEDV_Q1_SAFE_SESSION3_16sub.npz,Sad,Disgust,Sad->Disgust,Occipital,0.0032497340192397424,0.00034751230850815773,0.00031767733162268996,9.881138491133878e-05,0.004013735044281929,arcface_supcon_cnn,2,0.0772683021806853,0.9674016275416156
SEEDV_Q1_SAFE_SESSION1_16sub.npz,SEEDV_Q1_SAFE_SESSION3_16sub.npz,Sad,Disgust,Sad->Disgust,Occipital,0.0032497340192397424,0.00034751230850815773,0.00031767733162268996,9.881138491133878e-05,0.004013735044281929,arcface_supcon_cnn,3,0.0867795950155763,0.9492637980573267
SEEDV_Q1_SAFE_SESSION1_16sub.npz,SEEDV_Q1_SAFE_SESSION3_16sub.npz,Sad,Disgust,Sad->Disgust,Occipital,0.0032497340192397424,0.00034751230850815773,0.00031767733162268996,9.881138491133878e-05,0.004013735044281929,arcface_supcon_cnn,4,0.0753407320872274,0.977273237308526
SEEDV_Q1_SAFE_SESSION1_16sub.npz,SEEDV_Q1_SAFE_SESSION3_16sub.npz,Sad,Fear,Sad->Fear,Frontal,0.0010663022154143893,0.0023710467143072973,0.00024015255760224084,0.00018917948805860074,0.003866680975382528,arcface_supcon_cnn,0,0.0681666666666666,0.9624974672865014
SEEDV_Q1_SAFE_SESSION1_16sub.npz,SEEDV_Q1_SAFE_SESSION3_16sub.npz,Sad,Fear,Sad->Fear,Frontal,0.0010663022154143893,0.0023710467143072973,0.00024015255760224084,0.00018917948805860074,0.003866680975382528,arcface_supcon_cnn,1,0.0687727272727272,0.968881204803719
SEEDV_Q1_SAFE_SESSION1_16sub.npz,SEEDV_Q1_SAFE_SESSION3_16sub.npz,Sad,Fear,Sad->Fear,Frontal,0.0010663022154143893,0.0023710467143072973,0.00024015255760224084,0.00018917948805860074,0.003866680975382528,arcface_supcon_cnn,2,0.0619318181818181,0.9862584267389808
SEEDV_Q1_SAFE_SESSION1_16sub.npz,SEEDV_Q1_SAFE_SESSION3_16sub.npz,Sad,Fear,Sad->Fear,Frontal,0.0010663022154143893,0.0023710467143072973,0.00024015255760224084,0.00018917948805860074,0.003866680975382528,arcface_supcon_cnn,3,0.0706742424242424,0.9634182067837463
SEEDV_Q1_SAFE_SESSION1_16sub.npz,SEEDV_Q1_SAFE_SESSION3_16sub.npz,Sad,Fear,Sad->Fear,Frontal,0.0010663022154143893,0.0023710467143072973,0.00024015255760224084,0.00018917948805860074,0.003866680975382528,arcface_supcon_cnn,4,0.0605530303030303,0.9910105389118457
SEEDV_Q1_SAFE_SESSION1_16sub.npz,SEEDV_Q1_SAFE_SESSION3_16sub.npz,Sad,Fear,Sad->Fear,Central/Motor,0.0008755428716540337,0.004488732665777206,0.0003592398549829212,0.00026055530179291964,0.005984070694207081,arcface_supcon_cnn,0,0.0681666666666666,0.9624974672865014
SEEDV_Q1_SAFE_SESSION1_16sub.npz,SEEDV_Q1_SAFE_SESSION3_16sub.npz,Sad,Fear,Sad->Fear,Central/Motor,0.0008755428716540337,0.004488732665777206,0.0003592398549829212,0.00026055530179291964,0.005984070694207081,arcface_supcon_cnn,1,0.0687727272727272,0.968881204803719
SEEDV_Q1_SAFE_SESSION1_16sub.npz,SEEDV_Q1_SAFE_SESSION3_16sub.npz,Sad,Fear,Sad->Fear,Central/Motor,0.0008755428716540337,0.004488732665777206,0.0003592398549829212,0.00026055530179291964,0.005984070694207081,arcface_supcon_cnn,2,0.0619318181818181,0.9862584267389808
SEEDV_Q1_SAFE_SESSION1_16sub.npz,SEEDV_Q1_SAFE_SESSION3_16sub.npz,Sad,Fear,Sad->Fear,Central/Motor,0.0008755428716540337,0.004488732665777206,0.0003592398549829212,0.00026055530179291964,0.005984070694207081,arcface_supcon_cnn,3,0.0706742424242424,0.9634182067837463
SEEDV_Q1_SAFE_SESSION1_16sub.npz,SEEDV_Q1_SAFE_SESSION3_16sub.npz,Sad,Fear,Sad->Fear,Central/Motor,0.0008755428716540337,0.004488732665777206,0.0003592398549829212,0.00026055530179291964,0.005984070694207081,arcface_supcon_cnn,4,0.0605530303030303,0.9910105389118457
SEEDV_Q1_SAFE_SESSION1_16sub.npz,SEEDV_Q1_SAFE_SESSION3_16sub.npz,Sad,Fear,Sad->Fear,Temporal,0.0010224155460794755,0.002985377873604496,0.00040250776025156296,0.0007479373210420217,0.005158238500977556,arcface_supcon_cnn,0,0.0681666666666666,0.9624974672865014
SEEDV_Q1_SAFE_SESSION1_16sub.npz,SEEDV_Q1_SAFE_SESSION3_16sub.npz,Sad,Fear,Sad->Fear,Temporal,0.0010224155460794755,0.002985377873604496,0.00040250776025156296,0.0007479373210420217,0.005158238500977556,arcface_supcon_cnn,1,0.0687727272727272,0.968881204803719
SEEDV_Q1_SAFE_SESSION1_16sub.npz,SEEDV_Q1_SAFE_SESSION3_16sub.npz,Sad,Fear,Sad->Fear,Temporal,0.0010224155460794755,0.002985377873604496,0.00040250776025156296,0.0007479373210420217,0.005158238500977556,arcface_supcon_cnn,2,0.0619318181818181,0.9862584267389808
SEEDV_Q1_SAFE_SESSION1_16sub.npz,SEEDV_Q1_SAFE_SESSION3_16sub.npz,Sad,Fear,Sad->Fear,Temporal,0.0010224155460794755,0.002985377873604496,0.00040250776025156296,0.0007479373210420217,0.005158238500977556,arcface_supcon_cnn,3,0.0706742424242424,0.9634182067837463
SEEDV_Q1_SAFE_SESSION1_16sub.npz,SEEDV_Q1_SAFE_SESSION3_16sub.npz,Sad,Fear,Sad->Fear,Temporal,0.0010224155460794755,0.002985377873604496,0.00040250776025156296,0.0007479373210420217,0.005158238500977556,arcface_supcon_cnn,4,0.0605530303030303,0.9910105389118457
SEEDV_Q1_SAFE_SESSION1_16sub.npz,SEEDV_Q1_SAFE_SESSION3_16sub.npz,Sad,Fear,Sad->Fear,Parietal,0.0004708307096734643,0.00350081390934065,0.000725036021322012,1.2255455658305436e-05,0.0047089360959944315,arcface_supcon_cnn,0,0.0681666666666666,0.9624974672865014
SEEDV_Q1_SAFE_SESSION1_16sub.npz,SEEDV_Q1_SAFE_SESSION3_16sub.npz,Sad,Fear,Sad->Fear,Parietal,0.0004708307096734643,0.00350081390934065,0.000725036021322012,1.2255455658305436e-05,0.0047089360959944315,arcface_supcon_cnn,1,0.0687727272727272,0.968881204803719
SEEDV_Q1_SAFE_SESSION1_16sub.npz,SEEDV_Q1_SAFE_SESSION3_16sub.npz,Sad,Fear,Sad->Fear,Parietal,0.0004708307096734643,0.00350081390934065,0.000725036021322012,1.2255455658305436e-05,0.0047089360959944315,arcface_supcon_cnn,2,0.0619318181818181,0.9862584267389808
SEEDV_Q1_SAFE_SESSION1_16sub.npz,SEEDV_Q1_SAFE_SESSION3_16sub.npz,Sad,Fear,Sad->Fear,Parietal,0.0004708307096734643,0.00350081390934065,0.000725036021322012,1.2255455658305436e-05,0.0047089360959944315,arcface_supcon_cnn,3,0.0706742424242424,0.9634182067837463
SEEDV_Q1_SAFE_SESSION1_16sub.npz,SEEDV_Q1_SAFE_SESSION3_16sub.npz,Sad,Fear,Sad->Fear,Parietal,0.0004708307096734643,0.00350081390934065,0.000725036021322012,1.2255455658305436e-05,0.0047089360959944315,arcface_supcon_cnn,4,0.0605530303030303,0.9910105389118457
SEEDV_Q1_SAFE_SESSION1_16sub.npz,SEEDV_Q1_SAFE_SESSION3_16sub.npz,Sad,Fear,Sad->Fear,Occipital,6.01120603581258e-05,0.0010454024498661365,0.0003786120020473991,0.00019289817040165236,0.0016770246826733138,arcface_supcon_cnn,0,0.0681666666666666,0.9624974672865014
SEEDV_Q1_SAFE_SESSION1_16sub.npz,SEEDV_Q1_SAFE_SESSION3_16sub.npz,Sad,Fear,Sad->Fear,Occipital,6.01120603581258e-05,0.0010454024498661365,0.0003786120020473991,0.00019289817040165236,0.0016770246826733138,arcface_supcon_cnn,1,0.0687727272727272,0.968881204803719
SEEDV_Q1_SAFE_SESSION1_16sub.npz,SEEDV_Q1_SAFE_SESSION3_16sub.npz,Sad,Fear,Sad->Fear,Occipital,6.01120603581258e-05,0.0010454024498661365,0.0003786120020473991,0.00019289817040165236,0.0016770246826733138,arcface_supcon_cnn,2,0.0619318181818181,0.9862584267389808
SEEDV_Q1_SAFE_SESSION1_16sub.npz,SEEDV_Q1_SAFE_SESSION3_16sub.npz,Sad,Fear,Sad->Fear,Occipital,6.01120603581258e-05,0.0010454024498661365,0.0003786120020473991,0.00019289817040165236,0.0016770246826733138,arcface_supcon_cnn,3,0.0706742424242424,0.9634182067837463
SEEDV_Q1_SAFE_SESSION1_16sub.npz,SEEDV_Q1_SAFE_SESSION3_16sub.npz,Sad,Fear,Sad->Fear,Occipital,6.01120603581258e-05,0.0010454024498661365,0.0003786120020473991,0.00019289817040165236,0.0016770246826733138,arcface_supcon_cnn,4,0.0605530303030303,0.9910105389118457
SEEDV_Q1_SAFE_SESSION1_16sub.npz,SEEDV_Q1_SAFE_SESSION3_16sub.npz,Sad,Happy,Sad->Happy,Frontal,0.0006218363663979959,0.0014687815148915553,8.435212519197245e-05,0.0005138035741679013,0.002688773580649425,arcface_supcon_cnn,0,0.0707481254260395,0.9607401338086506
SEEDV_Q1_SAFE_SESSION1_16sub.npz,SEEDV_Q1_SAFE_SESSION3_16sub.npz,Sad,Happy,Sad->Happy,Frontal,0.0006218363663979959,0.0014687815148915553,8.435212519197245e-05,0.0005138035741679013,0.002688773580649425,arcface_supcon_cnn,1,0.0766785957736878,0.96597357319882
SEEDV_Q1_SAFE_SESSION1_16sub.npz,SEEDV_Q1_SAFE_SESSION3_16sub.npz,Sad,Happy,Sad->Happy,Frontal,0.0006218363663979959,0.0014687815148915553,8.435212519197245e-05,0.0005138035741679013,0.002688773580649425,arcface_supcon_cnn,2,0.067416496250852,0.9841536903213576
SEEDV_Q1_SAFE_SESSION1_16sub.npz,SEEDV_Q1_SAFE_SESSION3_16sub.npz,Sad,Happy,Sad->Happy,Frontal,0.0006218363663979959,0.0014687815148915553,8.435212519197245e-05,0.0005138035741679013,0.002688773580649425,arcface_supcon_cnn,3,0.0720518064076346,0.9614984869062106
SEEDV_Q1_SAFE_SESSION1_16sub.npz,SEEDV_Q1_SAFE_SESSION3_16sub.npz,Sad,Happy,Sad->Happy,Frontal,0.0006218363663979959,0.0014687815148915553,8.435212519197245e-05,0.0005138035741679013,0.002688773580649425,arcface_supcon_cnn,4,0.0684389911383776,0.9881907405577792
SEEDV_Q1_SAFE_SESSION1_16sub.npz,SEEDV_Q1_SAFE_SESSION3_16sub.npz,Sad,Happy,Sad->Happy,Central/Motor,0.0008121509371059286,0.0033957618953926218,6.100229386771933e-06,0.0006564075093982475,0.004870420571283569,arcface_supcon_cnn,0,0.0707481254260395,0.9607401338086506
SEEDV_Q1_SAFE_SESSION1_16sub.npz,SEEDV_Q1_SAFE_SESSION3_16sub.npz,Sad,Happy,Sad->Happy,Central/Motor,0.0008121509371059286,0.0033957618953926218,6.100229386771933e-06,0.0006564075093982475,0.004870420571283569,arcface_supcon_cnn,1,0.0766785957736878,0.96597357319882
SEEDV_Q1_SAFE_SESSION1_16sub.npz,SEEDV_Q1_SAFE_SESSION3_16sub.npz,Sad,Happy,Sad->Happy,Central/Motor,0.0008121509371059286,0.0033957618953926218,6.100229386771933e-06,0.0006564075093982475,0.004870420571283569,arcface_supcon_cnn,2,0.067416496250852,0.9841536903213576
SEEDV_Q1_SAFE_SESSION1_16sub.npz,SEEDV_Q1_SAFE_SESSION3_16sub.npz,Sad,Happy,Sad->Happy,Central/Motor,0.0008121509371059286,0.0033957618953926218,6.100229386771933e-06,0.0006564075093982475,0.004870420571283569,arcface_supcon_cnn,3,0.0720518064076346,0.9614984869062106
SEEDV_Q1_SAFE_SESSION1_16sub.npz,SEEDV_Q1_SAFE_SESSION3_16sub.npz,Sad,Happy,Sad->Happy,Central/Motor,0.0008121509371059286,0.0033957618953926218,6.100229386771933e-06,0.0006564075093982475,0.004870420571283569,arcface_supcon_cnn,4,0.0684389911383776,0.9881907405577792
SEEDV_Q1_SAFE_SESSION1_16sub.npz,SEEDV_Q1_SAFE_SESSION3_16sub.npz,Sad,Happy,Sad->Happy,Temporal,0.0019800735947986432,0.0032909381358573837,0.0008107392738262824,0.0018995639402419337,0.007981314944724243,arcface_supcon_cnn,0,0.0707481254260395,0.9607401338086506
SEEDV_Q1_SAFE_SESSION1_16sub.npz,SEEDV_Q1_SAFE_SESSION3_16sub.npz,Sad,Happy,Sad->Happy,Temporal,0.0019800735947986432,0.0032909381358573837,0.0008107392738262824,0.0018995639402419337,0.007981314944724243,arcface_supcon_cnn,1,0.0766785957736878,0.96597357319882
SEEDV_Q1_SAFE_SESSION1_16sub.npz,SEEDV_Q1_SAFE_SESSION3_16sub.npz,Sad,Happy,Sad->Happy,Temporal,0.0019800735947986432,0.0032909381358573837,0.0008107392738262824,0.0018995639402419337,0.007981314944724243,arcface_supcon_cnn,2,0.067416496250852,0.9841536903213576
SEEDV_Q1_SAFE_SESSION1_16sub.npz,SEEDV_Q1_SAFE_SESSION3_16sub.npz,Sad,Happy,Sad->Happy,Temporal,0.0019800735947986432,0.0032909381358573837,0.0008107392738262824,0.0018995639402419337,0.007981314944724243,arcface_supcon_cnn,3,0.0720518064076346,0.9614984869062106
SEEDV_Q1_SAFE_SESSION1_16sub.npz,SEEDV_Q1_SAFE_SESSION3_16sub.npz,Sad,Happy,Sad->Happy,Temporal,0.0019800735947986432,0.0032909381358573837,0.0008107392738262824,0.0018995639402419337,0.007981314944724243,arcface_supcon_cnn,4,0.0684389911383776,0.9881907405577792
SEEDV_Q1_SAFE_SESSION1_16sub.npz,SEEDV_Q1_SAFE_SESSION3_16sub.npz,Sad,Happy,Sad->Happy,Parietal,0.001490044523961842,0.0015947052161209285,0.0002025300927925855,0.00026082908880198374,0.00354810892167734,arcface_supcon_cnn,0,0.0707481254260395,0.9607401338086506
SEEDV_Q1_SAFE_SESSION1_16sub.npz,SEEDV_Q1_SAFE_SESSION3_16sub.npz,Sad,Happy,Sad->Happy,Parietal,0.001490044523961842,0.0015947052161209285,0.0002025300927925855,0.00026082908880198374,0.00354810892167734,arcface_supcon_cnn,1,0.0766785957736878,0.96597357319882
SEEDV_Q1_SAFE_SESSION1_16sub.npz,SEEDV_Q1_SAFE_SESSION3_16sub.npz,Sad,Happy,Sad->Happy,Parietal,0.001490044523961842,0.0015947052161209285,0.0002025300927925855,0.00026082908880198374,0.00354810892167734,arcface_supcon_cnn,2,0.067416496250852,0.9841536903213576
SEEDV_Q1_SAFE_SESSION1_16sub.npz,SEEDV_Q1_SAFE_SESSION3_16sub.npz,Sad,Happy,Sad->Happy,Parietal,0.001490044523961842,0.0015947052161209285,0.0002025300927925855,0.00026082908880198374,0.00354810892167734,arcface_supcon_cnn,3,0.0720518064076346,0.9614984869062106
SEEDV_Q1_SAFE_SESSION1_16sub.npz,SEEDV_Q1_SAFE_SESSION3_16sub.npz,Sad,Happy,Sad->Happy,Parietal,0.001490044523961842,0.0015947052161209285,0.0002025300927925855,0.00026082908880198374,0.00354810892167734,arcface_supcon_cnn,4,0.0684389911383776,0.9881907405577792
SEEDV_Q1_SAFE_SESSION1_16sub.npz,SEEDV_Q1_SAFE_SESSION3_16sub.npz,Sad,Happy,Sad->Happy,Occipital,0.0031111443725725003,0.00016021542251110077,0.00017391102543721625,0.00034150416225505343,0.003786774982775871,arcface_supcon_cnn,0,0.0707481254260395,0.9607401338086506
SEEDV_Q1_SAFE_SESSION1_16sub.npz,SEEDV_Q1_SAFE_SESSION3_16sub.npz,Sad,Happy,Sad->Happy,Occipital,0.0031111443725725003,0.00016021542251110077,0.00017391102543721625,0.00034150416225505343,0.003786774982775871,arcface_supcon_cnn,1,0.0766785957736878,0.96597357319882
SEEDV_Q1_SAFE_SESSION1_16sub.npz,SEEDV_Q1_SAFE_SESSION3_16sub.npz,Sad,Happy,Sad->Happy,Occipital,0.0031111443725725003,0.00016021542251110077,0.00017391102543721625,0.00034150416225505343,0.003786774982775871,arcface_supcon_cnn,2,0.067416496250852,0.9841536903213576
SEEDV_Q1_SAFE_SESSION1_16sub.npz,SEEDV_Q1_SAFE_SESSION3_16sub.npz,Sad,Happy,Sad->Happy,Occipital,0.0031111443725725003,0.00016021542251110077,0.00017391102543721625,0.00034150416225505343,0.003786774982775871,arcface_supcon_cnn,3,0.0720518064076346,0.9614984869062106
SEEDV_Q1_SAFE_SESSION1_16sub.npz,SEEDV_Q1_SAFE_SESSION3_16sub.npz,Sad,Happy,Sad->Happy,Occipital,0.0031111443725725003,0.00016021542251110077,0.00017391102543721625,0.00034150416225505343,0.003786774982775871,arcface_supcon_cnn,4,0.0684389911383776,0.9881907405577792
SEEDV_Q1_SAFE_SESSION1_16sub.npz,SEEDV_Q1_SAFE_SESSION3_16sub.npz,Sad,Neutral,Sad->Neutral,Frontal,0.0017736535519361496,0.0018457803387372258,0.0006752067600332553,0.00013058160852995673,0.004425222259236587,arcface_supcon_cnn,0,0.0695952380952381,0.962122011526833
SEEDV_Q1_SAFE_SESSION1_16sub.npz,SEEDV_Q1_SAFE_SESSION3_16sub.npz,Sad,Neutral,Sad->Neutral,Frontal,0.0017736535519361496,0.0018457803387372258,0.0006752067600332553,0.00013058160852995673,0.004425222259236587,arcface_supcon_cnn,1,0.0707857142857142,0.9698785402494332
SEEDV_Q1_SAFE_SESSION1_16sub.npz,SEEDV_Q1_SAFE_SESSION3_16sub.npz,Sad,Neutral,Sad->Neutral,Frontal,0.0017736535519361496,0.0018457803387372258,0.0006752067600332553,0.00013058160852995673,0.004425222259236587,arcface_supcon_cnn,2,0.064531746031746,0.9832193235071808
SEEDV_Q1_SAFE_SESSION1_16sub.npz,SEEDV_Q1_SAFE_SESSION3_16sub.npz,Sad,Neutral,Sad->Neutral,Frontal,0.0017736535519361496,0.0018457803387372258,0.0006752067600332553,0.00013058160852995673,0.004425222259236587,arcface_supcon_cnn,3,0.0744603174603174,0.962107335128496
SEEDV_Q1_SAFE_SESSION1_16sub.npz,SEEDV_Q1_SAFE_SESSION3_16sub.npz,Sad,Neutral,Sad->Neutral,Frontal,0.0017736535519361496,0.0018457803387372258,0.0006752067600332553,0.00013058160852995673,0.004425222259236587,arcface_supcon_cnn,4,0.0594206349206349,0.9900495753023432
SEEDV_Q1_SAFE_SESSION1_16sub.npz,SEEDV_Q1_SAFE_SESSION3_16sub.npz,Sad,Neutral,Sad->Neutral,Central/Motor,0.0015346813680870187,0.0028973128646612167,0.0007419723219105178,5.134990039680704e-05,0.00522531645505556,arcface_supcon_cnn,0,0.0695952380952381,0.962122011526833
SEEDV_Q1_SAFE_SESSION1_16sub.npz,SEEDV_Q1_SAFE_SESSION3_16sub.npz,Sad,Neutral,Sad->Neutral,Central/Motor,0.0015346813680870187,0.0028973128646612167,0.0007419723219105178,5.134990039680704e-05,0.00522531645505556,arcface_supcon_cnn,1,0.0707857142857142,0.9698785402494332
SEEDV_Q1_SAFE_SESSION1_16sub.npz,SEEDV_Q1_SAFE_SESSION3_16sub.npz,Sad,Neutral,Sad->Neutral,Central/Motor,0.0015346813680870187,0.0028973128646612167,0.0007419723219105178,5.134990039680704e-05,0.00522531645505556,arcface_supcon_cnn,2,0.064531746031746,0.9832193235071808
SEEDV_Q1_SAFE_SESSION1_16sub.npz,SEEDV_Q1_SAFE_SESSION3_16sub.npz,Sad,Neutral,Sad->Neutral,Central/Motor,0.0015346813680870187,0.0028973128646612167,0.0007419723219105178,5.134990039680704e-05,0.00522531645505556,arcface_supcon_cnn,3,0.0744603174603174,0.962107335128496
SEEDV_Q1_SAFE_SESSION1_16sub.npz,SEEDV_Q1_SAFE_SESSION3_16sub.npz,Sad,Neutral,Sad->Neutral,Central/Motor,0.0015346813680870187,0.0028973128646612167,0.0007419723219105178,5.134990039680704e-05,0.00522531645505556,arcface_supcon_cnn,4,0.0594206349206349,0.9900495753023432
SEEDV_Q1_SAFE_SESSION1_16sub.npz,SEEDV_Q1_SAFE_SESSION3_16sub.npz,Sad,Neutral,Sad->Neutral,Temporal,0.000637826354553301,0.0023421968022982274,0.0012870149221271268,0.0009651160022864733,0.0052321540812651285,arcface_supcon_cnn,0,0.0695952380952381,0.962122011526833
SEEDV_Q1_SAFE_SESSION1_16sub.npz,SEEDV_Q1_SAFE_SESSION3_16sub.npz,Sad,Neutral,Sad->Neutral,Temporal,0.000637826354553301,0.0023421968022982274,0.0012870149221271268,0.0009651160022864733,0.0052321540812651285,arcface_supcon_cnn,1,0.0707857142857142,0.9698785402494332
SEEDV_Q1_SAFE_SESSION1_16sub.npz,SEEDV_Q1_SAFE_SESSION3_16sub.npz,Sad,Neutral,Sad->Neutral,Temporal,0.000637826354553301,0.0023421968022982274,0.0012870149221271268,0.0009651160022864733,0.0052321540812651285,arcface_supcon_cnn,2,0.064531746031746,0.9832193235071808
SEEDV_Q1_SAFE_SESSION1_16sub.npz,SEEDV_Q1_SAFE_SESSION3_16sub.npz,Sad,Neutral,Sad->Neutral,Temporal,0.000637826354553301,0.0023421968022982274,0.0012870149221271268,0.0009651160022864733,0.0052321540812651285,arcface_supcon_cnn,3,0.0744603174603174,0.962107335128496
SEEDV_Q1_SAFE_SESSION1_16sub.npz,SEEDV_Q1_SAFE_SESSION3_16sub.npz,Sad,Neutral,Sad->Neutral,Temporal,0.000637826354553301,0.0023421968022982274,0.0012870149221271268,0.0009651160022864733,0.0052321540812651285,arcface_supcon_cnn,4,0.0594206349206349,0.9900495753023432
SEEDV_Q1_SAFE_SESSION1_16sub.npz,SEEDV_Q1_SAFE_SESSION3_16sub.npz,Sad,Neutral,Sad->Neutral,Parietal,0.0004967963322997093,0.0017650355584919453,0.0010558583308011293,0.00045623252663062885,0.0037739227482234128,arcface_supcon_cnn,0,0.0695952380952381,0.962122011526833
SEEDV_Q1_SAFE_SESSION1_16sub.npz,SEEDV_Q1_SAFE_SESSION3_16sub.npz,Sad,Neutral,Sad->Neutral,Parietal,0.0004967963322997093,0.0017650355584919453,0.0010558583308011293,0.00045623252663062885,0.0037739227482234128,arcface_supcon_cnn,1,0.0707857142857142,0.9698785402494332
SEEDV_Q1_SAFE_SESSION1_16sub.npz,SEEDV_Q1_SAFE_SESSION3_16sub.npz,Sad,Neutral,Sad->Neutral,Parietal,0.0004967963322997093,0.0017650355584919453,0.0010558583308011293,0.00045623252663062885,0.0037739227482234128,arcface_supcon_cnn,2,0.064531746031746,0.9832193235071808
SEEDV_Q1_SAFE_SESSION1_16sub.npz,SEEDV_Q1_SAFE_SESSION3_16sub.npz,Sad,Neutral,Sad->Neutral,Parietal,0.0004967963322997093,0.0017650355584919453,0.0010558583308011293,0.00045623252663062885,0.0037739227482234128,arcface_supcon_cnn,3,0.0744603174603174,0.962107335128496
SEEDV_Q1_SAFE_SESSION1_16sub.npz,SEEDV_Q1_SAFE_SESSION3_16sub.npz,Sad,Neutral,Sad->Neutral,Parietal,0.0004967963322997093,0.0017650355584919453,0.0010558583308011293,0.00045623252663062885,0.0037739227482234128,arcface_supcon_cnn,4,0.0594206349206349,0.9900495753023432
SEEDV_Q1_SAFE_SESSION1_16sub.npz,SEEDV_Q1_SAFE_SESSION3_16sub.npz,Sad,Neutral,Sad->Neutral,Occipital,0.0009004714277883359,0.0005681180239965524,0.0010792428511194885,0.0007129127528363219,0.0032607450557406987,arcface_supcon_cnn,0,0.0695952380952381,0.962122011526833
SEEDV_Q1_SAFE_SESSION1_16sub.npz,SEEDV_Q1_SAFE_SESSION3_16sub.npz,Sad,Neutral,Sad->Neutral,Occipital,0.0009004714277883359,0.0005681180239965524,0.0010792428511194885,0.0007129127528363219,0.0032607450557406987,arcface_supcon_cnn,1,0.0707857142857142,0.9698785402494332
SEEDV_Q1_SAFE_SESSION1_16sub.npz,SEEDV_Q1_SAFE_SESSION3_16sub.npz,Sad,Neutral,Sad->Neutral,Occipital,0.0009004714277883359,0.0005681180239965524,0.0010792428511194885,0.0007129127528363219,0.0032607450557406987,arcface_supcon_cnn,2,0.064531746031746,0.9832193235071808
SEEDV_Q1_SAFE_SESSION1_16sub.npz,SEEDV_Q1_SAFE_SESSION3_16sub.npz,Sad,Neutral,Sad->Neutral,Occipital,0.0009004714277883359,0.0005681180239965524,0.0010792428511194885,0.0007129127528363219,0.0032607450557406987,arcface_supcon_cnn,3,0.0744603174603174,0.962107335128496
SEEDV_Q1_SAFE_SESSION1_16sub.npz,SEEDV_Q1_SAFE_SESSION3_16sub.npz,Sad,Neutral,Sad->Neutral,Occipital,0.0009004714277883359,0.0005681180239965524,0.0010792428511194885,0.0007129127528363219,0.0032607450557406987,arcface_supcon_cnn,4,0.0594206349206349,0.9900495753023432
SEEDV_Q1_SAFE_SESSION1_16sub.npz,SEEDV_Q1_SAFE_SESSION3_16sub.npz,Sad,Sad,Sad->Sad,Frontal,0.0005685649368734579,0.0012174260004290515,0.00036469754940342356,4.843136827860578e-05,0.0021991198549845387,arcface_supcon_cnn,0,0.0862179487179487,0.9417896103041152
SEEDV_Q1_SAFE_SESSION1_16sub.npz,SEEDV_Q1_SAFE_SESSION3_16sub.npz,Sad,Sad,Sad->Sad,Frontal,0.0005685649368734579,0.0012174260004290515,0.00036469754940342356,4.843136827860578e-05,0.0021991198549845387,arcface_supcon_cnn,1,0.0873643984220907,0.950300215210062
SEEDV_Q1_SAFE_SESSION1_16sub.npz,SEEDV_Q1_SAFE_SESSION3_16sub.npz,Sad,Sad,Sad->Sad,Frontal,0.0005685649368734579,0.0012174260004290515,0.00036469754940342356,4.843136827860578e-05,0.0021991198549845387,arcface_supcon_cnn,2,0.0821252465483234,0.9597066144474764
SEEDV_Q1_SAFE_SESSION1_16sub.npz,SEEDV_Q1_SAFE_SESSION3_16sub.npz,Sad,Sad,Sad->Sad,Frontal,0.0005685649368734579,0.0012174260004290515,0.00036469754940342356,4.843136827860578e-05,0.0021991198549845387,arcface_supcon_cnn,3,0.0897189349112426,0.9437725654059697
SEEDV_Q1_SAFE_SESSION1_16sub.npz,SEEDV_Q1_SAFE_SESSION3_16sub.npz,Sad,Sad,Sad->Sad,Frontal,0.0005685649368734579,0.0012174260004290515,0.00036469754940342356,4.843136827860578e-05,0.0021991198549845387,arcface_supcon_cnn,4,0.0772867357001972,0.9709201227425877
SEEDV_Q1_SAFE_SESSION1_16sub.npz,SEEDV_Q1_SAFE_SESSION3_16sub.npz,Sad,Sad,Sad->Sad,Central/Motor,0.0010913887194224751,0.0027005985113126886,0.0009096026021455017,0.0004155950155109167,0.005117184848391582,arcface_supcon_cnn,0,0.0862179487179487,0.9417896103041152
SEEDV_Q1_SAFE_SESSION1_16sub.npz,SEEDV_Q1_SAFE_SESSION3_16sub.npz,Sad,Sad,Sad->Sad,Central/Motor,0.0010913887194224751,0.0027005985113126886,0.0009096026021455017,0.0004155950155109167,0.005117184848391582,arcface_supcon_cnn,1,0.0873643984220907,0.950300215210062
SEEDV_Q1_SAFE_SESSION1_16sub.npz,SEEDV_Q1_SAFE_SESSION3_16sub.npz,Sad,Sad,Sad->Sad,Central/Motor,0.0010913887194224751,0.0027005985113126886,0.0009096026021455017,0.0004155950155109167,0.005117184848391582,arcface_supcon_cnn,2,0.0821252465483234,0.9597066144474764
SEEDV_Q1_SAFE_SESSION1_16sub.npz,SEEDV_Q1_SAFE_SESSION3_16sub.npz,Sad,Sad,Sad->Sad,Central/Motor,0.0010913887194224751,0.0027005985113126886,0.0009096026021455017,0.0004155950155109167,0.005117184848391582,arcface_supcon_cnn,3,0.0897189349112426,0.9437725654059697
SEEDV_Q1_SAFE_SESSION1_16sub.npz,SEEDV_Q1_SAFE_SESSION3_16sub.npz,Sad,Sad,Sad->Sad,Central/Motor,0.0010913887194224751,0.0027005985113126886,0.0009096026021455017,0.0004155950155109167,0.005117184848391582,arcface_supcon_cnn,4,0.0772867357001972,0.9709201227425877
SEEDV_Q1_SAFE_SESSION1_16sub.npz,SEEDV_Q1_SAFE_SESSION3_16sub.npz,Sad,Sad,Sad->Sad,Temporal,0.0016351109370589274,0.00208514672704041,0.001672684758280714,0.0013498211046680808,0.006742763527048132,arcface_supcon_cnn,0,0.0862179487179487,0.9417896103041152
SEEDV_Q1_SAFE_SESSION1_16sub.npz,SEEDV_Q1_SAFE_SESSION3_16sub.npz,Sad,Sad,Sad->Sad,Temporal,0.0016351109370589274,0.00208514672704041,0.001672684758280714,0.0013498211046680808,0.006742763527048132,arcface_supcon_cnn,1,0.0873643984220907,0.950300215210062
SEEDV_Q1_SAFE_SESSION1_16sub.npz,SEEDV_Q1_SAFE_SESSION3_16sub.npz,Sad,Sad,Sad->Sad,Temporal,0.0016351109370589274,0.00208514672704041,0.001672684758280714,0.0013498211046680808,0.006742763527048132,arcface_supcon_cnn,2,0.0821252465483234,0.9597066144474764
SEEDV_Q1_SAFE_SESSION1_16sub.npz,SEEDV_Q1_SAFE_SESSION3_16sub.npz,Sad,Sad,Sad->Sad,Temporal,0.0016351109370589274,0.00208514672704041,0.001672684758280714,0.0013498211046680808,0.006742763527048132,arcface_supcon_cnn,3,0.0897189349112426,0.9437725654059697
SEEDV_Q1_SAFE_SESSION1_16sub.npz,SEEDV_Q1_SAFE_SESSION3_16sub.npz,Sad,Sad,Sad->Sad,Temporal,0.0016351109370589274,0.00208514672704041,0.001672684758280714,0.0013498211046680808,0.006742763527048132,arcface_supcon_cnn,4,0.0772867357001972,0.9709201227425877
SEEDV_Q1_SAFE_SESSION1_16sub.npz,SEEDV_Q1_SAFE_SESSION3_16sub.npz,Sad,Sad,Sad->Sad,Parietal,0.002025836263783276,0.0013980906805954874,0.0008801910298643634,0.0004749370564240962,0.004779055030667223,arcface_supcon_cnn,0,0.0862179487179487,0.9417896103041152
SEEDV_Q1_SAFE_SESSION1_16sub.npz,SEEDV_Q1_SAFE_SESSION3_16sub.npz,Sad,Sad,Sad->Sad,Parietal,0.002025836263783276,0.0013980906805954874,0.0008801910298643634,0.0004749370564240962,0.004779055030667223,arcface_supcon_cnn,1,0.0873643984220907,0.950300215210062
SEEDV_Q1_SAFE_SESSION1_16sub.npz,SEEDV_Q1_SAFE_SESSION3_16sub.npz,Sad,Sad,Sad->Sad,Parietal,0.002025836263783276,0.0013980906805954874,0.0008801910298643634,0.0004749370564240962,0.004779055030667223,arcface_supcon_cnn,2,0.0821252465483234,0.9597066144474764
SEEDV_Q1_SAFE_SESSION1_16sub.npz,SEEDV_Q1_SAFE_SESSION3_16sub.npz,Sad,Sad,Sad->Sad,Parietal,0.002025836263783276,0.0013980906805954874,0.0008801910298643634,0.0004749370564240962,0.004779055030667223,arcface_supcon_cnn,3,0.0897189349112426,0.9437725654059697
SEEDV_Q1_SAFE_SESSION1_16sub.npz,SEEDV_Q1_SAFE_SESSION3_16sub.npz,Sad,Sad,Sad->Sad,Parietal,0.002025836263783276,0.0013980906805954874,0.0008801910298643634,0.0004749370564240962,0.004779055030667223,arcface_supcon_cnn,4,0.0772867357001972,0.9709201227425877
SEEDV_Q1_SAFE_SESSION1_16sub.npz,SEEDV_Q1_SAFE_SESSION3_16sub.npz,Sad,Sad,Sad->Sad,Occipital,0.003062124364078045,0.00014156367008884806,0.000819684161494175,0.0006142416386865079,0.004637613834347576,arcface_supcon_cnn,0,0.0862179487179487,0.9417896103041152
SEEDV_Q1_SAFE_SESSION1_16sub.npz,SEEDV_Q1_SAFE_SESSION3_16sub.npz,Sad,Sad,Sad->Sad,Occipital,0.003062124364078045,0.00014156367008884806,0.000819684161494175,0.0006142416386865079,0.004637613834347576,arcface_supcon_cnn,1,0.0873643984220907,0.950300215210062
SEEDV_Q1_SAFE_SESSION1_16sub.npz,SEEDV_Q1_SAFE_SESSION3_16sub.npz,Sad,Sad,Sad->Sad,Occipital,0.003062124364078045,0.00014156367008884806,0.000819684161494175,0.0006142416386865079,0.004637613834347576,arcface_supcon_cnn,2,0.0821252465483234,0.9597066144474764
SEEDV_Q1_SAFE_SESSION1_16sub.npz,SEEDV_Q1_SAFE_SESSION3_16sub.npz,Sad,Sad,Sad->Sad,Occipital,0.003062124364078045,0.00014156367008884806,0.000819684161494175,0.0006142416386865079,0.004637613834347576,arcface_supcon_cnn,3,0.0897189349112426,0.9437725654059697
SEEDV_Q1_SAFE_SESSION1_16sub.npz,SEEDV_Q1_SAFE_SESSION3_16sub.npz,Sad,Sad,Sad->Sad,Occipital,0.003062124364078045,0.00014156367008884806,0.000819684161494175,0.0006142416386865079,0.004637613834347576,arcface_supcon_cnn,4,0.0772867357001972,0.9709201227425877
